SMILES,Label
Nc1ncnc(Nc2ccc3c(cnn3Cc3cccc(F)c3)c2)c1/C=N/NCC(F)(F)F,Active
C=CC(=O)Nc1cc2c(Oc3ccc(NC(=O)CCCc4ccsc4)cc3F)ncnc2cc1OC,Inactive
O=C(Nc1ccncc1)Nc1cc(-c2cncnc2)ccc1OC(F)(F)F,Active
CS(=O)(=O)C[C@H](N)c1ccc(-c2ccc3ncnc(Nc4ccc(OCc5cccc(F)c5)c(Cl)c4)c3c2)o1,Active
COc1cc(N2CCC(N3CCN(CCS(C)(=O)=O)CC3)CC2)ccc1Nc1nccc(-c2c(-c3ccc(OC)c(C(=O)Nc4c(F)cccc4F)c3)nc3ccccn23)n1,Inactive
CCN1CCC(n2cc([C@@H](Nc3cc(Cl)c4ncnc(Nc5ccc(F)c(Cl)c5)c4c3)c3ccc(Cl)cc3)nn2)CC1,Active
CCc1nc(F)ccc1[C@H](Nc1cc(C#N)c2ncc(C#N)c(NCC(C)(C)C)c2c1)C1=CN(C2(C(F)F)CC2)NN1,Active
O=C(Nc1cc2c(Nc3ccc(F)c(F)c3)ncnc2cc1OCCCN1CCOCC1)c1cc([N+](=O)[O-])ccc1F,Active
COc1cc2c(Nc3cc(Cl)c(Br)cc3F)ncnc2cc1OC[C@H]1CN2CCOCC2CO1,Active
CC(C)=CC[C@@H](OC(=O)/C=C\C(=O)c1ccc(Cl)cc1)C1=CC(=O)c2c(O)ccc(O)c2C1=O,Active
Cc1ccc(-c2nnc(Cc3nc4ccccc4[nH]3)o2)cc1,Inactive
Clc1cc(Nc2ncnc3[nH]nc(OCCCN4CCOCC4)c23)ccc1OCc1ccccn1,Active
Cc1nc(F)ccc1C(Nc1cc(Cl)c2ncc(C#N)c(NCC(C)(C)C)c2c1)C1=CN(C2(C(F)F)CC2)NN1,Active
COc1cc2c(Nc3ccc(Cl)c(Cl)c3)ncnc2cc1OCc1nc(CN2CCOCC2)cs1,Active
CC(C)(C)c1cnc(CSc2cnc(NC(=O)C3CCNCC3)s2)o1,Inactive
C=CC(=O)Nc1cccc(Oc2nc(Nc3cccc(N4CCN(CCO)CC4)c3)ncc2F)c1,Active
CN(C)C/C=C/C(=O)Nc1ccc2c(C#N)cnc(Nc3cccc(Br)c3)c2c1,Active
COc1cc(/C=C2\CCC/C(=C\c3ccc(S(C)(=O)=O)cc3)C2=O)cc(OC)c1,Inactive
C=CC(=O)Nc1cc2c(Nc3cc(Cl)c(Br)cc3F)ncnc2cc1OCCNC(=O)CN(C)C,Active
COc1cc2ncnc(Nc3cccc(Cl)c3F)c2cc1OC1CCN(CC(N)=O)CC1,Active
CNC(=O)c1ccccc1Nc1nc(Nc2ccc(CN3CCC(C(=O)NO)CC3)cc2)ncc1Cl,Active
COc1cc2ncnc(N(C)c3ccc(C)cc3)c2cc1OC.Cl,Inactive
CCNC(=O)Nc1ccc(Nc2ncnc3cc(OCCN(CC)CC)c(OC)cc23)cc1,Inactive
Cc1cc2cc(n1)-c1cnn(C)c1OCCC[C@@H](C)CN1/C(=N/C2=O)Nc2ccc(CN3CCN(C)CC3)cc21,Active
Nc1ncnc2c1c(-c1cccc(OCC34CCC(CC3)O4)c1)cn2[C@H]1C[C@@H](CN2CCC2)C1,Inactive
CCOc1ccc(-c2nc3ccccn3c2-c2ccnc(Nc3ccc(N4CCN(CCOC)CC4)cc3OC)n2)cc1C(=O)Nc1c(F)cccc1F,Inactive
CCN(CC)CCOc1cc2c(Nc3ccc(F)c(Cl)c3)ncnc2cc1OC,Active
COc1ccc2c(c1)Oc1ncnc(Nc3ccc(F)c(Cl)c3)c1NC2,Inactive
C=CC(=O)Nc1cc2c(Oc3ccc(NC(=O)CCCc4ccc(C)cc4)cc3F)ncnc2cc1OC,Inactive
COc1cc2cc(-c3ccc(O)nc3)cnc2cc1OC,Inactive
CNC(=O)c1c(SSc2c(C(=O)NC)c3ccccc3n2C)n(C)c2ccccc12,Inactive
CO/N=C(\C)c1ccc2c(c1)c1c3c(c4c(c1n2CC(C)C)CCc1nn(C)cc1-4)C(=O)NC3,Inactive
O=C(NCCCN1CCOCC1)c1ccc(N(CCCl)CCCl)cc1,Inactive
C=CC(=O)N1CCCC[C@H]1c1nc(-c2ccc(C(=O)Nc3cc(-c4ccc(F)cc4)ccn3)cc2)c(C(N)=O)n1N,Active
C=CC(=O)Nc1cc(Nc2ncc3ccc(-c4cnc5ccccc5c4)n3n2)c(OC)cc1N1CCC(N(C)C)CC1,Active
COc1cc2c(Nc3ccc(Cl)c(Cl)c3)ncnc2cc1OCC1CCCCC1,Active
CCCCN(Cc1cccc(Br)c1O)C(=S)Nc1ccccc1,Inactive
COCCOc1cc2ncnc(Nc3ccc(F)c(Cl)c3)c2cc1NC(=O)/C=C/CN1CC[S+]([O-])CC1,Active
COc1ccc(C)cc1C(=O)NCc1ccc(-c2nn(C3CCCC3)c3ncnc(N)c23)cc1,Inactive
NC1CCN(Cc2ccn3ncnc(Nc4ccc5c(cnn5Cc5cccnc5)c4)c23)CC1,Active
COc1cc(N2CCC(N3CCN(CCF)CC3)CC2)ccc1Nc1nccc(-c2c(-c3cccc(C(=O)Nc4c(F)cccc4F)c3)nc3c(C)cccn23)n1,Active
Fc1ccc(Nc2ncnc3cc(OCCCN4CCOCC4)c4c(c23)OCCO4)cc1Cl,Active
CN(C)CCN(C)c1c(Br)cccc1Nc1ncnc2ccncc12,Active
COC(=O)c1ccccc1SCC(CN(C)C)C(=O)c1ccc(OCc2ccccc2)cc1.Cl,Inactive
COc1ccc(C(=O)Nc2ccc(Nc3ncnc4cc(OCc5ccccc5)c(OC)cc34)cc2)cc1,Inactive
O=C(O)CCCc1c(SSc2[nH]c3ccccc3c2CCCC(=O)O)[nH]c2ccccc12,Inactive
N#C/C(=C\c1ccc2[nH]ccc2c1)C(=O)NCCCNC(=O)/C(C#N)=C/c1ccc2[nH]ccc2c1,Inactive
Cc1cccc(C)c1Nc1ncc(-c2ccc(OCC3CCCN(C)C3)cc2)n2cncc12.Cl,Inactive
COc1cc2c(Nc3ccc(Cl)c(Cl)c3)ncnc2cc1OCC1CN(C(=O)C(C)(C)C)CCO1,Active
COc1cc2ncnc(Nc3cccc(Cl)c3)c2cc1OC.Cl,Active
Nc1ncnc2c1ncn2[C@@H]1O[C@H](COC(=O)c2ccc(S(=O)(=O)Oc3ccc(/C=C/[N+](=O)[O-])cc3)cc2)[C@@H](O)[C@H]1O,Active
c1ccc(-c2cccc(Nc3ncnc4cc5c(cc34)OCCCO5)c2)cc1,Active
Cc1nc(F)ccc1[C@H](Nc1cc(C#N)c2ncc(C#N)c(NCC(C)(C)C)c2c1)C1=C(F)N(C)NN1,Active
COC1(CCN2CCN(c3ccc4c(c3)C(=O)N(C3CCC(=O)NC3=O)C4=O)CC2)CCN(c2nccc(Nc3cc4c(cn3)nc(C)n4C(C)C)n2)CC1,Inactive
C=CC(=O)N1CCC(OC2=CC3C(Nc4ccc(Cl)c(Cl)c4F)=C(C#N)C=NC3C=C2OC)CC1,Inactive
CC(=O)N1N=C(c2ccc(Cl)c(Cl)c2)CC1c1ccccc1,Inactive
Cc1ncsc1-c1ccc([C@H](C)NC(=O)[C@H]2C[C@H](O)CN2C(=O)[C@@H](NC(=O)CN2CCN(CCCOCC#Cc3cccc4c3C(=O)N(C(C(=O)Nc3nccs3)c3cc(F)ccc3O)C4)CC2)C(C)(C)C)cc1,Inactive
O=C1c2cc(-c3ccc(N4CCNCC4)cc3)ccc2Nc2ccc(F)cc2N1c1ccccc1,Inactive
C=CC(=O)N[C@H]1CC[C@@H](n2nc(C(=O)Nc3nc4cc(Cl)ccc4o3)c3c(N)ncnc32)CC1,Active
Cc1ccc(N)cc1Nc1nccc(-c2cccnc2)n1,Inactive
c1csc(-c2nnc(Cc3nc4ccccc4[nH]3)o2)c1,Inactive
C=CC(=O)Nc1cc2c(Nc3ccc(F)cc3F)ncnc2cc1OCCNC(=O)CN(C)C,Active
COc1cc(C2NCCc3c2[nH]c2ccccc32)ccc1OCc1ccccc1,Inactive
Nc1ccc(CNc2ncnc3cc(N)ncc23)cc1,Inactive
C=CC(=O)Nc1cc2c(Nc3ccc(Br)cc3F)ncnc2cc1OCC1CCN(C(=O)C(F)(F)F)CC1,Active
COc1cc(OC)c2cc(-c3ccsc3)cnc2c1,Inactive
Cc1ncsc1-c1ccc(CNC(=O)[C@@H]2C[C@@H](O)CN2C(=O)[C@H](C(C)C)N2Cc3ccccc3C2=O)c(OCCN2CCN(Cc3ccc(-c4cc5c(NCc6ccccc6Cl)ncnc5[nH]4)cc3)CC2)c1,Inactive
COc1cc(C2CCN(CCS(C)(=O)=O)CC2)c(C)cc1Nc1nccc(-c2c(-c3ccc(OC)c(C(=O)Nc4c(F)cccc4F)c3)nc3ccccn23)n1,Inactive
C=CS(=O)(=O)Nc1cc2c(Nc3ccc(OCc4ccccc4)c(Cl)c3)c(C#N)cnc2cc1OCC,Active
CC(=O)CCCSc1nc(-c2ccc(F)cc2)c(-c2ccnc(Nc3ccccc3)c2)[nH]1,Active
COc1cc(O)c2c(c1)CCN(c1cccc(C(=O)N3CCCCC3)c1)C2=O,Inactive
COc1cc(C(C#N)=C(C#N)C#N)cc(OC)c1O,Inactive
COC(CN(C)C/C=C/C(=O)Nc1cc2c(Nc3ccc(F)c(Cl)c3)ncnc2s1)OC,Active
CCOc1cc2ncnc(Nc3ccc(F)c(Cl)c3)c2cc1OC(=O)CSc1nccn1C,Active
COc1cc2ncnc(N3CCN(C(=O)Nc4ccc(Oc5ccccc5)cc4)CC3)c2cc1OC,Inactive
Cc1nc(F)ccc1[C@H](Nc1cc(Cl)c2ncc(C#N)c(NCC(C)(C)C(F)(F)F)c2c1)C1=CN(C(C)(C)C)NN1,Active
COc1cc2c(Nc3ccc(Cl)c(Cl)c3)ncnc2cc1OCCC1CN(C)CC(C)(C)O1,Active
COc1cc2c(Nc3ccc(Cl)c(Cl)c3)ncnc2cc1OCc1csc([C@@H]2CCCN2)n1,Active
COc1cc(C(=NC#N)c2csc(-c3ccccc3)n2)cc(OC)c1OC,Active
C=CC(=O)N1CCC(Oc2cc3c(Nc4ccc(OCc5cccc(F)c5)c(Cl)c4)ncnc3cc2O[C@H]2CCOC2)CC1,Active
COc1cc2cc(-c3cccnc3)cnc2cc1OC,Inactive
O=c1ccc2ccc(O)c(O)c2o1,Inactive
C/C=C(\C)C(=O)Nc1cc2c(Nc3ccc(F)c(Cl)c3)ncnc2s1,Inactive
CN(C)C/C=C/C(=O)Nc1cc2c(Nc3ccc(F)c(Cl)c3)ncnc2cn1,Active
CN(C(=O)N(CCCl)N=O)c1ccc2ncnc(Nc3cccc(Cl)c3)c2c1,Active
COc1cc(NC(=O)N2CCCC2)ccc1Nc1ncc(Cl)c(Nc2ccccc2NC(C)=O)n1,Inactive
C=CC(=O)Nc1cc(Nc2nccc(-c3c(C(=O)NCCOC)n(C)c4ccccc34)n2)c(OC)cc1N(C)CCN(C)C,Active
COc1ccc(-c2nn(C(C)C)c3ncnc(N)c23)cc1OC,Inactive
O=[N+]([O-])c1cccc(Nc2nccc(-c3cccnc3)n2)c1,Inactive
CCOc1cc2ncnc(Nc3ccc(Oc4ccc(C)nc4)c(Cl)c3)c2cc1NC(=O)/C(F)=C\CN1CCCCC1,Active
O=C1Nc2ncnc(Nc3ccc(F)c(Cl)c3)c2/C1=C/c1ccc(C(=O)NCCN2CCOCC2)[nH]1,Active
NC(=O)c1c(-c2ccc(Oc3ccc(Cl)cn3)cc2)nn(C2CCCN(C(=O)/C=C/CF)C2)c1N,Active
CN(C)C(=O)N[C@@H]1CCCN(c2cnc(C(N)=O)c(Nc3ccc(C4CCN(C(=O)N(C)C)CC4)cc3)n2)C1,Inactive
C=CC(=O)Nc1cc(Nc2nccc(-c3cn(S(=O)(=O)N(C)C)c4ccccc34)n2)c(OC)cc1N(C)CCN(C)C,Active
Cc1ccc(Oc2ccc(Nc3ncnc4ccc(-c5cn(CCCCCC(=O)NO)nn5)cc34)cc2C)cn1,Active
Cc1ncsc1-c1ccc(CNC(=O)[C@@H]2C[C@@H](O)CN2C(=O)[C@@H](NC(=O)COCCOCCOCCOCCOCCN2CCN(Cc3ccc(-c4cc5c(NCc6ccccc6Cl)ncnc5[nH]4)cc3)CC2)C(C)(C)C)cc1,Inactive
Fc1ccc(Nc2ncnc3nc(NCCN4CCOCC4)sc23)cc1Cl,Active
O=C(Cn1sccc1=O)Nc1ccc2ncnc(Nc3cccc(Br)c3)c2c1,Active
COc1cc2ncnc(Nc3ccc(NC(=O)Nc4ccc(Cl)c(C(F)(F)F)c4)cc3)c2cc1OCCCN1CCOCC1,Active
O=C(CCCCCn1cc(-c2ccc3ncnc(Nc4ccc(F)c(Cl)c4)c3c2)nn1)NO,Active
C=CC(=O)Nc1cc(-c2cccc3cnc(Nc4ccc(N5CCN(C)CC5)cc4)nc23)ccn1,Active
COc1cc(-c2ccc3ncnc(NC(C)c4ccccc4)c3c2)cnc1OC,Active
O=C1CSC(N/N=C/c2cccc(F)c2)=N1,Inactive
O=C(Nc1ccc2ncnc(Nc3cccc(Cl)c3)c2c1)C1CCC2(CC1)OCC1(OO2)C2CC3CC(C2)CC1C3,Inactive
C=CC(=O)Nc1cc2c(Nc3ccc(Br)cc3F)ncnc2cc1OCCOCCOC(=O)CC(=O)O,Active
O=c1ccc2ccc(Oc3nc(Nc4ccc(N5CCS(=O)(=O)CC5)cc4)nc4ccsc34)cc2[nH]1,Inactive
COc1cc2ncnc(Nc3cccc(Cl)c3F)c2cc1Oc1ccnc(/C=C/CN2CCOCC2)c1,Active
COc1ccccc1C(=O)NCc1ccc(-c2nn([C@H]3CC[C@@H](C(=O)N(C)C)CC3)c3ncnc(N)c23)cc1,Inactive
CCC(=O)Nc1cc2c(Nc3ccc(OCc4ccccc4)cc3)ncnc2cc1OC,Active
COc1cc2c(Nc3ccc(Cl)c(Cl)c3)ncnc2cc1OCC1CN(CC2C=CC=CO2)CCO1,Active
COc1cc(N(C)CCN(C)C)c(NC(=O)C=C(C)C)cc1Nc1nccc(-c2cn(C)c3ccccc23)n1,Active
C=CC(=O)N1CCC(Cn2cc(-c3ccc4c(c3)OCO4)c3c(N)ncnc32)CC1,Inactive
COc1cc2c(Nc3ccc(F)c(Cl)c3)ncnc2cc1OCC1CN(C)CCO1,Active
C=CC(=O)Nc1cccc(C)c1Nc1ncc(OCc2c(F)c(OC)cc(OC)c2F)cn1,Inactive
CC(C)n1nc(-c2cccc(C(=O)NC3=NCCS3)c2)c2c(N)ncnc21,Active
CC[C@@H](Nc1ncnc2oc(-c3ccc(OC)cc3)cc12)c1ccccc1,Active
C[C@@H](Nc1ncnc2[nH]c(-c3ccc(NCCCCCC(=O)NO)cc3)cc12)c1ccccc1,Active
COc1cc2c(Nc3ccc(Br)c(Cl)c3)ncnc2cc1O[C@H]1CO[C@H]2[C@@H]1OC[C@@H]2N1CCCC1,Active
C=CC(=O)Nc1cccc(N2C(=O)N(C)Cc3cnc(Nc4ccc(N5CCN(C)CC5)cc4C)nc32)c1,Active
OCC(O)CNc1cc2ncnc(Nc3cccc(Br)c3)c2cn1,Active
COc1ccccc1C(=O)N(C)Cc1ccc(-c2nn(C3CCCC3)c3ncnc(N)c23)cc1,Inactive
O=C(/C=C/CN1CCCCC1)Nc1cc2c(Nc3ccc(F)c(Cl)c3)ncnc2cn1,Active
C=CC(=O)N1CCC2CN(c3nc(Nc4cnn(C)c4)c4c(c3F)CNC4=O)CC21,Inactive
c1ccc(COc2cccc(C3CC(c4ccc5c(c4)OCCO5)=NN3c3ccccc3)c2)cc1,Inactive
CNC(=O)c1nn(C)c2c1C(C)(C)Cc1cnc(Nc3ccc(N4CCN(C)CC4)cc3)nc1-2,Inactive
O=C(O)CCCC1C(S)=Nc2ccccc21,Inactive
O=C1CCC(N2C(=O)c3ccc(N4CCN(C5CCN(CCCOCCCCNc6cccc7c6C(=O)N(C(C(=O)Nc6nccs6)c6cc(F)ccc6O)C7)CC5)CC4)cc3C2=O)C(=O)N1,Inactive
COc1cc2c(Nc3ccc(NC(=O)c4cccc(Cl)c4)cc3)ncnc2cc1OCCCN1CCN(C)CC1,Active
COc1cccc(-c2nnc(Cc3nc4ccccc4[nH]3)o2)c1OC,Inactive
CCC(=O)NCCSc1nc(-c2ccc(F)cc2)c(-c2ccnc(Nc3ccccc3)c2)[nH]1,Active
C=CC(=O)NC1CN(c2nc(Nc3cnn(C)c3)c3c(c2F)CNC3=O)C1,Inactive
CCN(CC)CCOc1ccc(Nc2ncc3cc(-c4c(Cl)cccc4Cl)c(=O)n(C)c3n2)cc1,Inactive
C=CC(=O)Nc1cccc(Nc2nc(Nc3cccc(OCCCNC(=O)OC(C)(C)C)c3)ncc2F)c1,Inactive
Nc1nc(Nc2ccc(Cl)cc2)c2cc(CCc3ccccc3)[nH]c2n1,Inactive
C=CC(=O)N1CCC[C@@H](n2nc(-c3cn(Cc4nc5ccc(Cl)cn5c4Br)nn3)c3c(N)ncnc32)C1,Active
Nc1nc(Nc2ccc(F)c(Cl)c2)c2cc(CCc3ccccc3)[nH]c2n1,Inactive
CC(C)n1nc(-c2cccc(NS(C)(=O)=O)c2)c2c(N)ncnc21,Inactive
COCCN(C)C/C=C/C(=O)Nc1cccc(Nc2ncc(F)c(Nc3cccc(C)c3)n2)c1,Active
C#Cc1cccc(Nc2ncnc3nc(Nc4ccc(CN5CCOCC5)cc4)sc23)c1,Active
COc1cc(F)ccc1-c1cc2c(N[C@H](C)c3ccccc3)ncnc2s1,Active
CCOc1cc2ncnc(Nc3ccc4c(cnn4Cc4cccc(F)c4)c3)c2cc1NC(=O)/C=C/CN1C[C@@H]2OCCO[C@@H]2C1,Active
COc1cc(N2CCN(C)CC2)ccc1Nc1ncc(C(=O)Oc2ccccc2)c(-c2cn(C)c3ccccc23)n1,Active
C=CC(=O)N1CC(n2cc(-c3ccncc3)c(-c3cccc(NC(=O)c4cn(C5CC5)cn4)c3)n2)C1,Inactive
CC(=O)N1N=C(c2ccc(Br)cc2)CC1c1ccc(C(=O)OCCn2c([N+](=O)[O-])cnc2C)cc1,Inactive
CC(C)(C)CNc1c(C#N)cnc2c(Cl)cc(N[C@H](C3=CN(C4(CO)CC4)NN3)c3cccc4ncsc34)cc12,Active
CN(C)CCn1cccc1/C=N/NC(=O)Nc1cc2c(Nc3ccc(F)c(Cl)c3)ncnc2cc1O[C@H]1CCOC1,Active
C=CC(=O)Nc1cc2c(Nc3ccc(F)c(Cl)c3)ncnc2cc1OCc1cn(CCc2ccccc2)nn1,Active
COc1cc2c(Nc3ccc(Oc4ccccc4C)cc3)ncnc2cc1OCC1CCN(C)CC1,Active
N#Cc1cnc2c(Cl)cc(N[C@H](C3=CN(CCN4CCOCC4)NN3)c3cccnc3)cc2c1Nc1ccc(F)c(Cl)c1,Active
CC(=O)N[C@H]1CC[C@H](c2ncc(Cl)c(Nc3ccccc3S(=O)(=O)C(C)C)n2)CC1,Inactive
CC(C)(C)CNc1c(C#N)cnc2c(C#N)cc(N[C@H](C3=CN(C4CC4)NN3)c3cccc4c3CCN4)cc12,Active
C=CC(=O)Nc1ccc(Nc2ncc3ncc(=O)n(-c4ccc(OC)cc4)c3n2)cc1,Inactive
CN(C(=O)NCCCl)c1ccc2ncnc(Nc3cccc(Cl)c3)c2c1,Active
CN(C)CCn1ncc2cc(Nc3ncc(C(F)(F)F)c(-c4cn(C)c5ccccc45)n3)cc(Cl)c21,Active
COc1cc(/C=C/C(=O)c2ccc(NC(=O)c3cc4cc5ccccc5nc4s3)cc2)cc(OC)c1OC,Inactive
CCCN1CCC(c2ccc(Nc3nccc(-c4c(-c5cccc(C(=O)Nc6c(F)cccc6F)c5)nc5ccccn45)n3)c(OCC)c2)CC1,Active
C=CC(=O)Nc1cccc(Nc2nc(Nc3ccc(Cl)c(OCC(C)(C)O)c3)ncc2F)c1,Active
O=C(NS(=O)(=O)c1ccccc1)c1cncc(Br)c1,Inactive
C=CC(=O)Nc1cccc(N2C(=O)CN(c3ccccc3)C(=O)c3cnc(Nc4ccc(N5CCN(C)CC5)cc4OC)nc32)c1,Active
COc1cc2ncc(C#N)c(Nc3ccc(Cc4nc(-c5ccccc5)cs4)c(Cl)c3)c2cc1NC(=O)/C=C/CN(C)C,Active
COc1cc2ncnc(Nc3ccc(C)c(NC(=O)c4ccccc4)c3)c2cc1OC,Inactive
CCC(=O)N1CCC[C@@H](n2c(=O)c(-c3ccccc3Br)c(C)c3cnc(Nc4ccc(N5CCN(C)CC5)c(C)c4)nc32)C1,Active
COc1ccc2[nH]c3ncnc(Nc4cccc(Br)c4)c3c2c1,Active
Cc1ncsc1C(Nc1cc(Cl)c2ncc(C#N)c(NCC(C)(C)C)c2c1)C1=CN(C2CC2)NN1,Active
CCc1ccc(/C=C2/C(=O)Nc3ccccc32)o1,Inactive
C=CC(=O)Nc1cc(Nc2nccc(-c3cn(C)c4cccnc34)n2)c(OC)cc1NCCN(C)C,Inactive
COc1cc2c(Nc3ncc(CC(=O)Nc4cccc(F)c4)s3)ncnc2cc1OCCCN1CCC(CO)CC1,Active
Brc1cccc(Nc2ncnc3cccnc23)c1,Active
Cc1ncsc1-c1ccc([C@H](C)NC(=O)[C@H]2C[C@H](O)CN2C(=O)[C@@H](NC(=O)COCCOCCOCCOCCOC2CCN(c3nccc(Nc4cc5c(cn4)nc(C)n5C(C)C)n3)CC2)C(C)(C)C)cc1,Inactive
COc1cc2c(Nc3ccc(NC(=O)c4cccc(Cl)c4)cc3)ncnc2cc1OCc1ccccc1,Inactive
O=S(=O)(O)CCNc1cc2ncnc(Nc3cccc(Br)c3)c2cn1,Active
COCCN(CCOC)C1CCN(c2ccc(Nc3nccc(-c4c(-c5cccc(C(=O)Nc6c(F)cccc6F)c5)nc5ccccn45)n3)c(OC)c2)CC1,Active
COc1cccc(-c2c(NC(=O)/C=C/CN(C)C)ccc3ncnc(Nc4ccc(OCc5cccc(F)c5)c(Cl)c4)c23)c1,Active
Cc1ccc(C2CC(c3ccc(Br)c(Br)c3)=NN2C(N)=S)cc1,Inactive
COc1cc(C2NCCc3c2[nH]c2ccccc32)ccc1OCc1cc(C(F)(F)F)cc(C(F)(F)F)c1,Inactive
Cc1ccc2c(c1)[nH]/c(=N\C(=O)c1ccnc(-c3ccccc3)c1)n2[C@H]1CC[C@@H](O)CC1,Inactive
COC1CCN(c2nccc(Nc3cc4c(cn3)nc(COCCN3CCN(c5ccc6c(c5)C(=O)N(C5CCC(=O)NC5=O)C6=O)CC3)n4C(C)C)n2)CC1,Inactive
COc1ccc(N)c2oc(-c3ccc(N)cc3)cc(=O)c12,Inactive
COc1cc(Nc2ncc(Cl)c(Nc3ccccc3C(=O)C(=O)N(C)C)n2)ccc1N1CCC(N(C)C)CC1,Active
COc1cc2cc(-c3ccc(F)c(F)c3)cnc2cc1OC,Inactive
COc1cc2ncnc(NNc3ccc(F)c(Cl)c3)c2cc1OC,Active
Cc1ncc(C#N)c(Nc2ccc(OCc3ccccn3)c(Cl)c2)c1C#Cc1ccc(CNCCS(C)(=O)=O)o1,Inactive
COc1cc(/C=C(\C#N)C(N)=O)cc(CSc2nc3cc(Cl)ccc3s2)c1O,Inactive
O=C(/C=C/CN1CCOCC1)N1CCCOc2cc3ncnc(Nc4ccc(F)c(Cl)c4)c3cc21,Inactive
O=C(OCc1ccccc1)N1CCC(n2cc(C(Nc3cc(Cl)c4ncnc(Nc5ccc(F)c(Cl)c5)c4c3)c3ccccc3)nn2)CC1,Inactive
COc1cc2c(Nc3cc(F)ccc3F)ncnc2cc1O[C@@H]1CO[C@@H]2[C@H]1OC[C@H]2F,Active
O=C(Nc1cccc(Br)c1)Nc1ccc(Oc2ncnc3sccc23)cc1Cl,Inactive
CC(C)(C)N1CCC(N2C=C([C@@H](Nc3cc(Cl)c4ncc(C#N)c(Nc5cccc(Cl)c5F)c4c3)c3csc4c3CCN(C3COC3)C4)NN2)CC1,Active
COc1ccc(N2CCC(N3CCCCC3)CC2)cc1Nc1nccc(-c2c(-c3cccc(C(=O)Nc4c(F)cccc4F)c3)nc3ccccn23)n1,Inactive
CC(C)=CC[C@@H](OC(=O)/C=C\C(=O)c1ccc(C)c(Br)c1)C1=CC(=O)c2c(O)ccc(O)c2C1=O,Active
C=CC(=O)Nc1cc2c(Oc3ccc(NC(=O)NCCc4ccc(F)cc4)cc3F)ncnc2cc1OC,Active
COc1cccc(C2CC(c3ccc4c(c3)OCCO4)=NN2c2ccccc2)c1,Inactive
CC(C)(C)CNc1c(C#N)cnc2c(C#N)cc(N[C@H](C3=CN(C4(C(N)=O)CC4)NN3)c3cccc4ncsc34)cc12,Active
Nc1ncnc2c1c(-c1ccc(F)c(O)c1)nn2Cc1ocnc1-c1ccccc1,Inactive
C=CC(=O)Nc1cccc(-n2c(=O)cnc3cnc(Nc4ccc(OC)cc4)nc32)c1,Active
COc1ccc(-c2cc3c(N[C@H](C)c4ccccc4)ncnc3o2)cc1,Active
c1ccc2ncc(-c3ccsc3)cc2c1,Inactive
Cn1c([Se][Se]c2c(C(=O)O)c3ccccc3n2C)c(C(=O)O)c2ccccc21,Inactive
COc1cc(Nc2ccnc3cc(Cl)ccc23)ccc1-c1nc2ccccc2s1,Inactive
CN1CCN(CCCNc2ncc3cc(-c4c(Cl)cccc4Cl)c(NC(=O)NC4CCCCC4)nc3n2)CC1,Active
COCCOCCOCCOc1ccc(-c2cc3c(N(C)Cc4ccccc4)ncnc3[nH]2)cc1,Active
CN(C)C/C=C/C(=O)Nc1cnc2ncc(C#N)c(Nc3cccc(Br)c3)c2c1,Inactive
CC(C)n1nc(-c2cccnc2)c2c(N)ncnc21,Inactive
O=C(N/N=C1\CC2(CCCC2)Oc2ccccc21)Nc1ccc(Cl)cc1,Inactive
CN1CCN([C@@H]2CCCN(c3cnc(C(N)=O)c(Nc4ccc(C5CCNCC5)cc4)n3)C2)C1=O,Active
COc1ccc2c(c1)cc(C1C(C#N)=C(N)N(c3cccnc3)C3=C1C(=O)CCC3)c1nnnn12,Inactive
CN(C)c1cccc(CNc2ncnc3cc(N)ncc23)c1,Inactive
CCC(=O)N1CCC[C@@H](n2nc(-c3cn(-c4ccc(C(C)=O)cc4)nn3)c3c(N)ncnc32)C1,Active
Cn1cc(-c2cnc(Nc3cccc(Cn4nc(-c5cnn(C)c5)ccc4=O)c3)nc2)cn1,Inactive
Cc1nc(F)ccc1[C@H](Nc1cc(Cl)c2ncc(C#N)c(NCC(C)(C)C)c2c1)C1=C(F)N(C23CC(C2)C3)NN1,Active
Cc1cc(Nc2ncc(Cl)c(Nc3ccccc3S(=O)(=O)C(C)C)n2)c(OC(C)C)cc1C1CCNCC1,Inactive
CC(C)(C)N1CCC(n2cc([C@@H](Nc3ccc4ncnc(Nc5ccc(F)c(Cl)c5)c4c3)c3ccc(Cl)cc3)nn2)CC1,Active
Cc1scnc1[C@H](Nc1cc(C#N)c2ncc(C#N)c(NCC(C)(C)C)c2c1)C1=CN(C2(C(F)F)CC2)NN1,Active
C[C@@H]1[C@H](NC(=O)N(C)C)CCCN1c1cnc(C(N)=O)c(Nc2ccc(C3CCN(C4CCCC4)CC3)cc2)n1,Active
COc1ccc2c(c1)c(CC(=O)O)c(C)n2C(=O)c1ccc(Cl)cc1,Inactive
CCOc1cc2ncc(C#N)c(Nc3ccc(F)c(Cl)c3)c2cc1NC(=O)/C=C/CN(C)CCF,Active
C=CC(=O)Nc1cccc(-n2c(=O)cc(C)c3cnc(Nc4cnn(CCN(C)C)c4)nc32)c1,Active
C[C@@H](Nc1ncnc2[nH]c(-c3ccc(CNCc4ccc(/C=C/C(=O)NO)cc4)cc3)cc12)c1ccccc1,Inactive
CS(=O)(=O)Cc1cccc(Nc2nccc(Oc3ccc4c(C(=O)Nc5cccc(F)c5)cccc4c3)n2)c1,Inactive
Cc1[nH]c(-c2ccccc2)c(-c2ccccc2)c1-c1nnc(C)c2nn(-c3ccc(Cl)cc3)cc12,Inactive
Nc1nc(Nc2ccc(F)cc2)c2c(n1)-c1ccccc1C2,Inactive
COc1cc2c(Nc3ccc(Cl)c(Cl)c3F)ncnc2cc1O[C@@H]1CO[C@@H]2[C@H]1OC[C@H]2F,Active
CC1=C(C(=O)Nc2cccc([N+](=O)[O-])c2)C(c2ccc(O)cc2O)NC(N/N=C/c2cccs2)=N1,Inactive
COc1ccc(F)cc1C(=O)NCc1ccc(-c2nn(CC(F)(F)F)c3ncnc(N)c23)cc1,Inactive
COc1ccc2c(c1)CCCN2c1nc(C)nc2c(Cc3ccccc3)cn(C)c12.Cl,Active
C=CC(=O)N1CCC[C@H](Nc2nc(Nc3ccc(C=C)nc3)ncc2F)C1,Active
COc1cc2c(Nc3ccc(Cl)c(Cl)c3)ncnc2cc1OCc1nc(-c2ccc(Cl)cc2)no1,Active
N#CC(C#N)=C(C#N)c1cc(O)cc(O)c1,Inactive
COc1cc2c(Nc3ccc(Cl)c(Cl)c3)ncnc2cc1OCC1CN(C(=O)c2cc(F)ccc2F)CCO1,Active
COc1cc2ncnc(Nc3ccc(F)c(Cl)c3)c2cc1OCCCN1CC(OC)C1,Active
CCN1CCN(C/C=C/C(=O)Nc2cc3c(Nc4ccc(F)c(Cl)c4)ncnc3s2)CC1,Active
C=CC(=O)Nc1cc(Nc2ncc(C(F)(F)F)c(-c3cn(C4COC4)c4ccccc34)n2)c(OC)cc1N(C)CCN(C)C,Active
COC(=O)c1ccc(CNC(=O)c2c(SSc3c(C(=O)NCc4ccc(C(=O)OC)cc4)c4ccccc4n3C)n(C)c3ccccc23)cc1,Inactive
CO[C@H]1[C@@H](N(C)S(C)(=O)=O)C[C@@H]2O[C@@]1(C)n1c3ccccc3c3c4c(c5c6ccccc6n2c5c31)C(=O)NC4,Inactive
CC(C)(C)CNc1c(C#N)cnc2c(C#N)cc(N[C@H](C3=CN([C@@H]4C[C@@H]4F)NN3)c3cccc4ncccc34)cc12,Active
COc1cc2nccc(Nc3ccc(F)c(Cl)c3)c2cc1NC(=O)/C=C/C(C)N1CCOCC1,Inactive
C=CC(=O)N1CCCCCCCCCn2cc(c3ccccc32)-c2ccnc(n2)Nc2cccc1c2,Active
COc1cc(C=C(C#N)C#N)cc(CS(=O)(=O)c2ccc(C)cc2)c1O,Inactive
Nc1nc(Nc2cccc(Br)c2)c2cc(Cc3ccccc3Cl)[nH]c2n1,Inactive
CC[C@H](C)Nc1cc(Nc2ccnc(-c3cnn(S(=O)(=O)C4CC4)c3)n2)ncc1C(=O)N(C)C,Inactive
Cc1ncc([N+](=O)[O-])n1C/C(=N/NC(=O)c1ccncc1)c1ccc(Br)cc1,Inactive
C=CC(=O)Nc1cc(Nc2ncc(F)c(Nc3ccccc3S(=O)(=O)C(C)C)n2)c(OC)cc1N(C)CCN(C)C,Active
CCOc1cc2ncc(C#N)c(Nc3ccc(OCc4cccc(F)c4)c(Cl)c3)c2cc1NC(=O)C(CSC(C)=O)CSC(C)=O,Active
Cn1c(=O)c2[nH]c(SC/C(=N/O)c3ccc(Br)cc3)nc2n(C)c1=O,Active
Fc1ccccc1-c1nnc(SCc2ccccc2)o1,Inactive
COc1cc(N2CCN(C)CC2)ccc1Nc1ncc(Cl)c(Oc2ccccc2NC(C)=O)n1,Inactive
CC(C)(C)CNc1c(C#N)cnc2c(C#N)cc(N[C@H](C3=CN(C(C)(C)C(F)F)NN3)c3cccc4ncccc34)cc12,Active
COc1cc2c(Nc3ccc(Cl)c(Cl)c3)ncnc2cc1OCC1CN(C)CC(C)(C)O1,Active
Cc1ccc(C2CC(c3ccc(F)cc3)=NN2C2=NC(=O)CS2)cc1,Inactive
CC(C)(C)CNc1c(C#N)cnc2c(Br)cc(N[C@H](C3=CN(C4CC4)NN3)c3cccc4c3SCN4)cc12,Active
COc1cc2c(Nc3ccc(Br)c(Cl)c3F)ncnc2cc1OCC1CO[C@@H]2[C@@H](OC)CO[C@H]12,Active
O=[N+]([O-])c1ccc2c(Nc3ccccc3)ncnc2c1,Inactive
COC1=C([C@@H](Nc2cc(C#N)c3ncc(C#N)c(NCC(C)(C)C)c3c2)c2ccc(F)nc2C)NNN1C1(C(F)F)CC1,Active
Cn1c(=O)c(-c2c(Cl)cccc2Cl)cc2cnc(Nc3ccc(F)cc3)nc21,Active
C=CC(=O)N1CCC(Oc2cc3c(Nc4cccc(Br)c4)ncnc3cc2OC)CC1,Active
N#C/C(=C/c1ccc[nH]1)C(=O)O,Inactive
CN1CCN(c2nc(Nc3ccc(F)cc3)nc3cnc(Nc4ccc(N5CCC(N(C)C)CC5)cn4)cc23)CC1,Active
Cc1ncsc1[C@H](Nc1cc(Cl)c2ncc(C#N)c(Nc3ccc(Cl)c(Cl)c3F)c2c1)C1=CN(C(C)C)NN1,Active
COCCn1c(=O)oc2cc3ncnc(Nc4ccc(OCc5ccc(Cl)cc5)c(Cl)c4)c3cc21,Inactive
Cc1cc(Nc2ncnc3[nH]nc(OCCN4CCC(O)CC4)c23)ccc1OCc1ccccn1,Active
CS(=O)(=O)CCNc1nc(-c2ccc3ncnc(Nc4ccc(OCc5ccccc5)c(Cl)c4)c3c2)cs1,Active
CS(=O)(=O)CCNCc1nc(-c2ccc3ncnc(Nc4ccc(F)c(Cl)c4)c3c2)cs1,Active
O=C(Nc1cc2c(Nc3ccc(F)c(Cl)c3)ncnc2cc1O[C@H]1CCOC1)/C(F)=C/CN1CCOCC1,Active
Cn1ccc2c([C@H](Nc3cc(C#N)c4ncc(C#N)c(NCC(C)(C)C(F)(F)F)c4c3)C3=CN(C4(C(F)(F)F)CC4)NN3)cccc2c1=O,Active
CN(C)C(=O)N1CCN(C/C=C/C(=O)N2CCc3c(sc4ncnc(Nc5ccc(F)c(Cl)c5)c34)C2)CC1,Active
COc1cc2ncnc(Nc3cccc(NC(=O)C45CC6CC(CC(C6)C4)C5)c3)c2cc1OCCCN1CCOCC1,Active
c1ccc(C2=NN(c3ccccc3)C(c3cccc4ccccc34)C2)cc1,Inactive
C=CC(=O)Nc1cc2c(Nc3ccc(Cl)c(C(F)(F)F)c3)ncnc2cc1OCCOC,Inactive
CC/C=C\C(=O)Nc1cc(Nc2ncc(C#N)c(-c3cn(C)c4ccc(F)cc34)n2)c(OC)cc1N(C)CCN(C)C,Inactive
N#Cc1ccc(/C=N/NC(=O)Cc2csc3nc(-c4ccc(C#N)cc4)cn23)cc1,Inactive
CS(=O)(=O)CCN1CCN(C2CCN(c3ccc(Nc4nccc(-c5c(-c6cccc(C(=O)Nc7c(F)cccc7F)c6)nc6ccccn56)n4)c(OCC(F)(F)F)c3)CC2)CC1,Active
COc1cc(N2CCC3(CC2)CN(CCN(C)C)C3)c(C)cc1Nc1ncc(Cl)c(Nc2ccc3ccccc3c2P(C)(C)=O)n1,Active
COc1cc2ncnc(Nc3ccc(F)c(Cl)c3)c2cc1OC(=O)N1CCN(Cc2c(OC)cc(OCc3cccc(-c4ccccc4)c3C)cc2OC)CC1,Inactive
O=c1oc2cc3ncnc(NCc4ccccc4)c3cc2n1CCCN1CCOCC1,Inactive
Cc1ncsc1[C@H](Nc1cc(Cl)c2ncc(C#N)c(Nc3ccc(Cl)c(Cl)c3F)c2c1)C1=CN(C2COC2)NN1,Active
CN(C)C/C=C/C(=O)N1CCOc2c1ccc1ncnc(Nc3ccc(Oc4ccccc4)c(Cl)c3)c21,Active
C=CC(=O)N1C[C@H](F)C[C@@H](n2nc(-c3ccc(Oc4ccc5c(c4)ncn5C)c(C)c3)c3c(C)ncnc32)C1,Inactive
C=CC(=O)Nc1cccc(NC(=O)Nc2nc(Nc3ccc(N4CCC(N5CCOCC5)CC4)cc3OC)ncc2C(F)(F)F)c1,Active
N#Cc1ccc(-c2cn3c(CC(=O)N/N=C/c4ccccc4)csc3n2)cc1,Inactive
CC(C)N1C=C([C@@H](Nc2cc(Cl)c3ncc(C#N)c(Nc4ccc(F)c(Cl)c4)c3c2)c2cccc3[nH]cnc23)NN1,Active
C=CC(=O)N1CCC(Oc2cc3c(Nc4ccc(Cl)c(-c5cnco5)c4)c(C#N)cnc3cc2OC)CC1,Inactive
C=CC(=O)Nc1nc2c(Nc3ccc(F)c(Cl)c3)ncnc2cc1OCCCN1CCOCC1,Active
Cc1ccc([C@H](Nc2cc(Cl)c3ncc(C#N)c(Nc4ccc(F)c(Cl)c4)c3c2)C2=CNNN2)cn1,Active
N#CCC[C@@H](Nc1ncnc2c(Cl)cc(NC(c3ccc(F)cc3)c3cn(C4(C(F)(F)F)CC4)nn3)cc12)c1ccccc1,Active
COc1cc(N2CCNCC2)ccc1Nc1ncc(Cl)c(Nc2ccccc2NS(C)(=O)=O)n1,Active
O=C(Nc1cc2c(Nc3ccc(F)c(Cl)c3)ncnc2cc1OCCCN1CCOCC1)c1cccc(F)c1F,Active
CC[C@H](C)Nc1cc(Nc2ccnc(-c3cnn(S(=O)(=O)C4CC4)c3)n2)ncc1C(=O)N1CC(C(C)(C)O)C1,Active
COc1nc(N2CCN(C)CC2)ccc1Nc1ncc(Cl)c(Nc2ccccc2NS(C)(=O)=O)n1,Inactive
C=CC(=O)N1CCC(Oc2nc(Nc3ccc(N4CCOCC4)cc3)nc3[nH]cc(-c4cncc(NC)n4)c23)CC1,Inactive
COc1cc2ncnc(Nc3ccc(B(O)O)cc3)c2cc1OC,Inactive
O=C(CCl)OCCn1c(=O)oc2cc3ncnc(Nc4ccc(F)c(F)c4)c3cc21,Inactive
C=CC(=O)N1CC(n2cc(-c3ccncc3)c(-c3cccc(/C=C/c4ncc(C5CC5)o4)c3)n2)C1,Inactive
Cc1cc(Nc2ncc3c(n2)N([C@H]2CCN(C(=O)C(C)(C)C)C2)C(=O)N(c2ccccc2Cl)C3)ccc1N1CCN(C)CC1,Active
S=C(Nc1ccc(Cl)cc1)Nc1ccc2ncnc(Nc3cccc(Br)c3)c2c1,Active
COc1cc(/C=C2\CCC/C(=C\c3cccc(Cl)c3)C2=O)cc(OC)c1,Inactive
COc1ccc2c(C(=O)Nc3ccccc3)c(SSc3c(C(=O)Nc4ccccc4)c4ccc(OC)cc4n3C)n(C)c2c1,Inactive
CC(=O)N1N=C(c2ccc(C)c(C)c2)CC1c1ccc(C)cc1,Inactive
COc1cc2c(Nc3ccc(F)c(F)c3)ncnc2cc1OCCOCCNC(=O)Cn1cnc([N+](=O)[O-])n1,Active
COC(=O)CC(=O)Nc1cc2c(Nc3ccc(F)c(Cl)c3)ncnc2s1,Inactive
CCC(=O)Nc1cc2c(Nc3ccc(Oc4cccc(F)c4)cc3)ncnc2cc1OC,Active
Nc1ccc2ncnc(Nc3cccc4cc[nH]c34)c2c1,Active
CN1CCC(c2ccc(Nc3nc(N4CCC[C@@H](NC(=O)c5ccc(F)cc5)C4)cnc3C(N)=O)cc2)CC1,Active
COc1cc(/C=C(\C#N)C(N)=O)cc(CSc2ccc(O)cc2)c1O,Inactive
Brc1cccc(Nc2ncnc3ccc4[nH]cnc4c23)c1,Active
CCC(=O)Nc1cccc(Nc2nc(Nc3ccccc3)ncc2C)c1,Inactive
Cn1ncc2cccc([C@H](Nc3cc(Cl)c4ncc(C#N)c(NCC(C)(C)C)c4c3)C3=CN(C4(C(F)(F)F)CC4)NN3)c21,Active
C=CC(=O)Nc1cccc(Nc2ncc(Cl)c(-c3c[nH]c4ccccc34)n2)c1,Inactive
COc1cc2ncnc(Nc3ccc(-c4nc5ccccc5s4)c(Cl)c3)c2cc1OCCCN1CCN(C)CC1,Active
Cl.c1cc(Nc2ncnc3cc4c(cc23)OCCO4)cc(-c2ccco2)c1,Inactive
COc1nccc2c([C@H](Nc3cc(C#N)c4ncc(C#N)c(NCC(C)(C)C)c4c3)C3=CN(C4CC4)NN3)cccc12,Active
CCOP(=O)(Cc1cc(NCc2cc(O)ccc2O)ccc1O)OCC,Inactive
C#Cc1cc(Nc2ncnc3cc(OCCOC)c(OCCCCCCCC(=O)NO)cc23)ccc1F,Active
C#Cc1cccc(Nc2ncnc3cc(OCCOC)c(OCCOC)cc23)c1.Cl,Active
O=C(Nc1ccc(Cl)cc1)Nc1ccc2ncnc(Nc3cccc(Br)c3)c2c1,Active
CNc1ncc2c(-c3ccc(N4CCN(C)CC4)nc3)nn(CC3CCCC3)c2n1,Inactive
C=CC(=O)Nc1ccc(CN(C(=O)Nc2c(Cl)c(OC)cc(OC)c2Cl)c2cc(Nc3ccc(N4CCN(C)CC4)cc3)ncn2)cc1,Active
C=CC(=O)N1CCc2[nH]c3c(C(N)=O)c(-c4ccc(Oc5ccccc5)cc4)nn3c2CC1,Active
O=C(O)/C=C/C(=O)Nc1ccc2ncnc(Nc3cccc(Br)c3)c2c1,Active
Fc1ccc(Nc2ncnc3nc(Nc4ccc(CCN5CCOCC5)cc4)sc23)cc1Cl,Active
COc1cc(N2CCOCC2)c(-c2cn[nH]c2)cc1Nc1ncc(Cl)c(Nc2ccccc2P(C)(C)=O)n1,Active
O=C(NC(=S)Nc1ccc(O)c(-c2nc3ccccc3s2)c1)c1ccc([N+](=O)[O-])cc1,Active
COc1cc2ncnc(Nc3ccc(NC(C)=O)c(C)c3)c2cc1OC.Cl,Inactive
COc1cc2c(Nc3ccc(F)cc3)ncnc2cc1O[C@@H]1CO[C@@H]2[C@H]1OC[C@H]2F,Active
COc1cc(OC)cc(C2CC(c3ccc(Cl)c(Cl)c3)=NN2C(C)=O)c1,Inactive
O=C(OCc1ccccc1)c1cc(NCc2cc(O)ccc2O)ccc1O,Inactive
CC(=O)NC[C@H]1CC[C@H](c2nc(-c3cc4ccccc4[nH]3)c3c(N)nccn32)CC1,Inactive
CO[C@H]1[C@@H](N(C)C(=O)CN)C[C@@H]2O[C@@]1(C)n1c3ccccc3c3c4c(c5c6ccccc6n2c5c31)C(=O)NC4,Active
CO[C@H]1[C@@H]([N+](C)(C)C)C[C@@H]2O[C@@]1(C)n1c3ccccc3c3c4c(c5c6ccccc6n2c5c31)C(=O)NC4,Active
CN(C)C/C=C/C(=O)N1CCc2c(sc3ncnc(NCCO)c23)C1,Inactive
COc1cc(-c2ccc3c(c2)NC(=O)/C3=C\c2ccc[nH]2)ccc1O,Inactive
CN1CCN(c2nc(Oc3ccc4ccc(=O)[nH]c4c3)c3sccc3n2)CC1,Inactive
OC1CCN(CCOc2n[nH]c3ncnc(Nc4ccc(OCc5cccc(F)c5)c(Cl)c4)c23)CC1,Active
Nc1ncnc2c1c(-c1cccc(OCc3ccccc3)c1)cn2[C@H]1C[C@@H](CN2CCC2)C1,Inactive
COc1ccc(C(=O)N[C@@H]2CCCN(c3cnc(C(N)=O)c(Nc4ccc5ncccc5c4)n3)C2)cc1,Inactive
COc1cc2nc(C)nc(Nc3cccc(Br)c3)c2cc1OC,Inactive
O=C(O)[C@@H]1O[C@H]1C(=O)Nc1ccc2ncnc(Nc3cccc(Br)c3)c2c1,Active
COc1cc2c(Nc3ccc(Cl)c(Cl)c3)ncnc2cc1OCC1CN(CCF)CCO1,Active
CCOC(C)Oc1cc2ncnc(Nc3ccc(Cl)c([N+](=O)[O-])c3)c2c2c1OCCO2,Active
Nc1ncnc2ncn(CC(=O)c3c[nH]c4ccccc34)c12,Inactive
Cc1ccc(Nc2nccc(-c3cn(C)c4ccccc34)n2)cc1OCCOCCn1ccnc1[N+](=O)[O-],Inactive
C=CC(=O)N[C@H]1CC[C@H](n2nc(-c3ccc(Oc4ccccc4)cc3)c3c(N)ncnc32)CC1,Active
C#CCNC/C=C/C(=O)Nc1cc2c(Nc3ccc(F)c(Cl)c3)c(C#N)cnc2cc1OCC,Active
O=C(c1ccccc1)c1cc2ncnc(Nc3ccc4[nH]ccc4c3)c2s1,Active
COc1ccncc1-c1cc(C(=O)/N=c2\[nH]c3cc(C4CCN(C(C)=O)CC4)ccc3n2CC(C)(C)O)ccn1,Active
CC(=O)N[C@H]1CCN(c2cc3c(NC(C)c4ccc(-c5ccccc5CN(C)C)s4)nc(C)nc3cn2)C1,Inactive
C=CC(=O)Nc1cc(Nc2nccc(-c3cnc4c(ccn4C)c3)n2)c(OC)cc1N1CCC(N(C)C)CC1,Active
COc1ccc2c(c1)CCCN2c1nc(Cl)nc2ccccc12,Active
CCOc1cc([N+](=O)[O-])c(C(=O)Nc2ccc(F)c(Cl)c2)cc1NC(=O)/C=C/CN(C)C,Inactive
COc1cc(N2CCN(CCS(C)(=O)=O)CC2)c(C)cc1Nc1nccc(-c2c(-c3cccc(C(=O)Nc4c(F)cccc4F)c3)nc3ccccn23)n1,Active
C=CC(=O)Nc1cccc(Nc2nc(Nc3ccc(OCCCS(C)(=O)=O)c(F)c3)ncc2F)c1,Active
O=c1[nH]c(Cc2ccccc2)cn2c1cc1cc(Cl)ccc12,Inactive
C=CC(=O)Nc1cc2c(Nc3ccc(Br)cc3F)ncnc2cc1OCCNC,Active
Cc1ncc(C#N)c(Nc2ccc(OCc3ccccn3)c(Cl)c2)c1/C=C/c1cccc(NC(=O)/C=C/CN(C)C)c1,Inactive
Cc1ccc(C(=O)NC2CC2)cc1-c1ccc2c(C3CCNCC3)noc2c1,Inactive
N#Cc1cnc2c(Cl)cc(N[C@H](C3=CNNN3)c3cocn3)cc2c1NC(CO)c1ccccc1,Inactive
Cc1c(CCC(=O)O)c[nH]c1/C=C1\C(=O)Nc2ccccc21,Inactive
Nc1nc(Nc2ccc(Cl)cc2F)c2cc(Cc3ccc(Cl)cc3Cl)[nH]c2n1,Inactive
COc1ccc(-c2cc(=O)oc3c(O)c(O)ccc23)cc1O,Inactive
CS(=O)(=O)CCNCc1cc(-c2cc3c(Nc4ccc(OCc5cccc(F)c5)c(Cl)c4)ncnc3s2)cs1,Active
COc1cc2nc(C)nc(N[C@H](C)c3cccc(-c4cn[nH]c4)c3)c2cc1OC,Inactive
COc1ccc2nc(Cl)c(C3CC(c4ccc(C)cc4)=NN3c3nc(-c4ccc(F)cc4)cs3)cc2c1,Active
Cn1ccc2c([C@H](Nc3cc(Cl)c4ncnc(NCC(C)(C)C)c4c3)c3cn(C45CC(C4)C5)nn3)cccc2c1=O,Active
COc1cc2ncnc(NCc3ccccc3)c2cc1OC.Cl,Active
CCN(c1ccc(OC)cc1)c1ncnc2occ(C)c12,Active
COc1cc2c(Nc3ccc(Cl)c(Cl)c3)ncnc2cc1OCC1CN(C(=O)c2ccc(Cl)nc2)CCO1,Active
COc1cc2ncnc(Nc3ccc(-c4nc5ccccc5s4)c(O)c3)c2cc1OC,Inactive
Cc1ncc([N+](=O)[O-])n1CCOC(=O)/C=C/c1ccc(F)cc1,Inactive
Cc1nc(Nc2ncc(C(=O)Nc3c(C)cccc3Cl)s2)cc(N2CCN(CCO)CC2)n1,Active
Oc1c(I)cc(I)c2cccnc12,Inactive
Nc1ccccc1C#Cc1cncnc1Nc1ccc(OCc2cccc(F)c2)c(Cl)c1,Active
O=C(NCc1ccccc1)Nc1ccc2ncnc(Nc3cccc(Br)c3)c2c1,Active
COC1CCN(c2nccc(Nc3cc4c(cn3)nc(COCCN3CCN(c5ccc(OCCCOCC(=O)N[C@H](C(=O)N6C[C@H](O)C[C@H]6C(=O)NCc6ccc(-c7scnc7C)cc6)C(C)(C)C)cc5)CC3)n4C(C)C)n2)CC1,Inactive
C/C=C/C(=O)OCc1ccc(Nc2nc(Nc3ccccc3)ncc2C)cc1,Inactive
COc1cc2c(Nc3ccc(Cl)c(Cl)c3)ncnc2cc1OCc1csc(C2CCCCN2)n1,Active
COc1cc2c(Nc3ccc(-c4nc5ccc(Cl)cc5s4)cc3F)ncnc2cc1OCCCN1CCN(C)CC1,Inactive
CN(C/C=C/C(=O)N1CCC[C@@H](N(C)c2cnc(C(N)=O)c(Nc3ccc(C(=O)N4CCOCC4)cc3)n2)C1)C1CC1,Inactive
CCN1CCC(N2C=C([C@@H](Nc3cc(Cl)c4ncc(C#N)c(Nc5ccc(F)c(Cl)c5)c4c3)c3ccsc3)NN2)CC1,Active
CNc1cc2ncnc(Nc3cccc(Br)c3)c2cn1,Active
Cc1[nH]nc(C(C(=O)Nc2nccs2)N2Cc3ccccc3C2=O)c1C,Inactive
CN([C@@H]1CCCC[C@H]1Oc1nc(Nc2ccc3c(c2)OCCOCCOCCO3)nc2[nH]ccc12)S(C)(=O)=O,Inactive
CC#CC(=O)Nc1cnc2ncc(C#N)c(Nc3ccc(F)c(Cl)c3)c2c1,Inactive
COc1cc(N2CCC(N3CCC(F)CC3)CC2)ccc1Nc1nccc(-c2c(-c3cccc(C(=O)Nc4c(F)cccc4F)c3)nc3ccccn23)n1,Active
COCOc1c(-c2ccccc2)cccc1-c1ccc(C(=O)OCC(C)CC(C)(C)C)cc1,Inactive
Cc1[nH]c2ncnc(Nc3cccc(F)c3)c2c1C,Inactive
COc1cc2c(Nc3ccc(C)c(Cl)c3Cl)ncnc2cc1OCC1CN(C)CCO1,Active
CC(C)n1nc(-c2ccc(F)c(C#N)c2)c2c(N)ncnc21,Inactive
CNC(=O)c1cccc2cc(Oc3ccnc(NC(=O)c4ccc(N5CCN(C)CC5)cc4)c3)ccc12,Inactive
COc1cc2c(Nc3ccc(NC(=O)[C@H](c4ccccc4)N4Cc5ccccc5C4=O)cc3F)ncnc2cc1OCC1CCN(C)CC1,Active
O=C(NCc1ccccc1)c1ccc(-c2ccc(-c3ccccc3)cc2O)cc1,Inactive
Cc1ccc(NC(=O)c2ccnc(N3CCCC3)c2)cc1-c1ccc2c(C3CCNCC3)noc2c1,Inactive
C=CC(=O)Nc1cc2c(Oc3ccc(NC(=O)NCCc4ccc(OC)c(OC)c4)cc3F)ncnc2cc1OC,Inactive
C=CC(=O)Nc1cccc(Nc2nc(Nc3ccc(OCC(O)CO)c(F)c3)ncc2F)c1,Active
COc1cc(C2CCN(CCF)CC2)ccc1Nc1nccc(-c2c(-c3ccc(OC)c(C(=O)Nc4c(F)cccc4F)c3)nc3ccccn23)n1,Inactive
C=CC(=O)Nc1cccc(Nc2nc(Nc3ccc(NC(=O)CN4CCOCC4)cc3)ncc2Cl)c1,Active
Cc1cc(C)c(/C=C2\C(=O)N(C)c3ncnc(Nc4ccc(F)c(Cl)c4)c32)[nH]1,Inactive
COc1cc2ncnc(Nc3cccc(C#CC(C)(C)O)c3)c2cc1OC,Active
CCCCNc1nc2oc(C)c(C(=O)NNC(=O)c3cc4ccccc4oc3=O)c2c(=O)n1-c1ccccc1,Inactive
CC(C)Oc1ccccc1-c1cc2c(N[C@H](C)c3ccccc3)ncnc2[nH]1,Active
N#CC(C#N)=C1C(=O)Nc2ccc([N+](=O)[O-])cc21,Inactive
CCCCCCCCCNC(=O)COc1cc(O)c2c(=O)cc(-c3ccccc3)oc2c1,Inactive
CCC(=O)N1CCc2c(sc3ncnc(N[C@H](CO)c4ccccc4)c23)C1,Inactive
COCC#CC(=O)Nc1ccc2ncnc(Nc3cccc(Br)c3)c2c1,Active
CC(C)[C@@H](NC(=O)OC(C)(C)C)C(=O)Nc1ccc2ncnc(Nc3cccc(C(F)(F)F)c3)c2c1,Inactive
Cn1cc(-c2cc(C(=O)/N=c3\[nH]c4cc(CC#N)ccc4n3CC(C)(C)O)ccn2)cn1,Active
C=CC(=O)Nc1ccc2nccc(Oc3ccc(C(=O)Nc4ccccn4)cc3)c2c1,Active
C=CC(=O)Nc1cc(Nc2nccc(Nc3cn(C)nc3C)n2)c(OC)cc1N(C)CCN(C)C,Active
Br.CC(Nc1ncnc2[nH]c(-c3ccc(O)cc3)cc12)c1ccc(C(F)(F)F)cc1,Inactive
CC(C)n1nc(-c2ccc(Cl)c(O)c2)c2c(N)ncnc21,Active
COc1cc(CCN2CCN(C)CC2)ccc1Nc1nccc(-c2c(-c3ccc(OC)c(C(=O)Nc4c(F)cccc4F)c3)nc3ccccn23)n1,Inactive
C=CC(=O)Nc1cccc(NC(=O)Nc2nc(Nc3ccc(N4CCC(N5CCOCC5)CC4)cc3OC)ncc2Cl)c1,Active
C=CC(=O)N1CC[C@H](n2cc(-c3ccncc3)c(-c3cccc(NC(=O)c4ncc(C5CC5)o4)c3)n2)C1,Inactive
COc1cc2ncnc(Nc3cc(OC)c(OC)c(OC)c3)c2cc1OC.Cl,Active
CN(C)CCOc1cccc(Nc2nccc(-c3c(-c4cccc(C(=O)Nc5cc(C(F)(F)F)ccc5F)c4)nc4ccccn34)n2)c1,Inactive
COc1cc2ncc(C#N)c(Nc3cccc(Br)c3)c2cc1NC(=O)/C=C/CN(C)C,Inactive
Clc1ccc(Nc2ncnc3[nH]ccc23)cc1Br,Active
C=CC(=O)Nc1cc2c(Nc3ccc(Br)c(Cl)c3F)ncnc2cc1OCCNC(=O)CCN(CC)CC,Active
C=CC(=O)Nc1cccc(-n2c(=O)cnc3cnc(Nc4ccc(N(CC)CC)cc4)nc32)c1,Active
COc1cc(N2CCC(N3CCCCC3)CC2)c(F)cc1Nc1nccc(-c2c(-c3ccc(OC)c(C(=O)Nc4c(F)cccc4F)c3)nc3ccccn23)n1,Inactive
CN1CCN(c2ccc(C(=O)Nc3n[nH]c4ccc(Cc5cc(F)cc(F)c5)cc34)c(NC3CCOCC3)c2)CC1,Inactive
CC(C)n1cc(C(=O)Nc2ccc(Oc3ccnc(NC(=O)C4CC4)c3)c(F)c2)c(=O)n(-c2ccc(F)cc2)c1=O,Inactive
O=C1CCC(N2C(=O)c3ccc(OCCOCCOCC#Cc4cccc5c4C(=O)N([C@@H](C(=O)Nc4nccs4)c4cc(F)ccc4O)C5)cc3C2=O)C(=O)N1,Inactive
Cc1cc(C2CCN(CCCF)CC2)cc2[nH]c(-c3c(NCCn4cc(Cl)cn4)cc[nH]c3=O)nc12,Inactive
COc1cc(Nc2c(C#N)cnc3cc(C#CCCN4CCN(C)CC4)c(OC)cc23)c(Cl)cc1Cl,Active
C#CCCC(=O)N1CCN(c2ccc(Nc3ncc(Cl)c(Oc4cccc(NC(=O)CCCCc5cc5=O)c4)n3)c(OC)c2)CC1,Active
C=CC(=O)Nc1cccc(Nc2nc(Nc3ccc4c(c3)CC(=O)N4)ncc2F)c1,Active
COCC(=O)Nc1ccc2ncnc(Nc3cccc(Br)c3)c2c1,Inactive
C=CC(=O)N1CCOc2c1ccc1ncnc(Oc3ccc(OCc4cccc(F)c4)c(Cl)c3)c21,Active
Cn1ccc2c([C@H](Nc3cc(Cl)c4ncc(C#N)c(NCC(C)(C)C)c4c3)C3=CN(C(CF)CF)NN3)cccc2c1=O,Active
N#Cc1c(NC(=O)c2cccc3ccccc23)sc2c1CCCN2C(=O)C1CC1,Inactive
CN(C)C/C=C/C(=O)Nc1ccc(-n2c(=O)cnc3cnc(Nc4ccccc4)nc32)cc1,Inactive
COc1cc2ncnc(Nc3cc(Cl)ccc3F)c2cc1OC1CCN(C)CC1,Active
O=C(Cc1cccs1)Nc1cccc(-c2ccc3nnc(-c4cccnc4)n3n2)c1,Active
COc1cc2ncnc(Nc3cccc(NC(=O)c4cccc(N(C)C)c4)c3)c2cc1OC,Inactive
COc1cc2c(Nc3cccc(Cl)c3Cl)ncnc2cc1OCC1CN(C(C)=N)CCCO1,Active
CCN1CCc2c([C@H](Nc3cc(Cl)c4ncc(C#N)c(Nc5ccc(F)c(Cl)c5)c4c3)C3=CNNN3)csc2C1,Active
C=CC(=O)N1CCCC(Nc2nc(Nc3ccc(N4CCN(C)CC4)cc3)c3c(c2F)CNC3=O)C1,Inactive
C=CC(=O)Nc1cc(Nc2nccc(-c3cc(F)c4nc(C)oc4c3)n2)c(OC)cc1N(C)CCN(C)C,Active
C#Cc1cccc(Nc2ncnc3ccc(S(=O)(=O)n4ccc(/C=C/C(=O)NO)c4)cc23)c1,Inactive
COc1cc2ncnc(Nc3ccc(F)c(Cl)c3)c2cc1OCCCCNCc1ccc(-c2cccc(-c3ccccc3)c2C)nc1OC,Active
CCC(=O)Nc1cccc(Nc2cc(Nc3cccc(Br)c3)ncn2)c1,Inactive
CC#CC(=O)N1CCC[C@@H](n2nc(-c3ccc(Oc4ccccc4)cc3)c3c(N)ncnc32)C1,Active
CN(C)CCCOCc1ccn2ncnc(Nc3ccc4c(cnn4Cc4cccc(F)c4)c3)c12,Active
NS(=O)(=O)c1ccc(Nc2nc3ncnc(Nc4ccc(F)c(Cl)c4)c3s2)cc1,Active
COc1ccc(-c2ccc3c(c2)NC(=O)/C3=C\c2[nH]cc(CCC(=O)O)c2C)cc1,Inactive
O=C(Nc1ccc2nccc(Nc3cccc(Cl)c3)c2c1)C1CCC2(CC1)OCC1(OO2)C2CC3CC(C2)CC1C3,Inactive
COCCNc1ncnc2c1c(-c1ccc(CNC(=O)c3ccccc3OC)cc1)nn2[C@H]1C=C[C@H](O)C1,Inactive
COCCOc1cc2ncnc(Nc3ccc(NC(=O)C45CC6CC(CC(C6)C4)C5)cc3C)c2cc1OCCOC,Active
COc1cc2c(Nc3ccc(F)c(Cl)c3F)ncnc2cc1O[C@H]1CO[C@H]2[C@@H]1OC[C@@H]2OC,Active
Cc1c(C(=O)c2coc3c2cc(O)c2ccccc23)[nH]c(-c2ccccc2)c1-c1ccccc1,Inactive
C=CC(=O)Nc1cccc(Nc2ncnc(Nc3ccc(C(=O)N4CCCCC4)cc3)n2)c1,Active
Nc1cc2ncnc(NCc3ccc(Br)cc3)c2cn1,Inactive
CNC(=O)c1cnc(S(C)(=O)=O)nc1N1CCC[C@H](n2nc(-c3ccc(Oc4ccccc4)cc3)c3c(N)ncnc32)C1,Inactive
COc1cc2ncnc(N[C@H](C)c3ccc(F)cc3)c2cc1OCCCCCCC(=O)NO,Active
Cn1cc(-c2cnc3c(-c4csc(C(=O)NCC(F)(F)F)c4)cnn3c2)cn1,Inactive
C=CC(=O)N1CC(Oc2cc3c(Nc4ccccc4)ncnc3cc2OC)C1,Active
O=C1Cc2ccc(Oc3ccc(Nc4ncnc5ccn(CCO)c45)cc3Cl)cc2N1,Inactive
Cc1nc(F)ccc1[C@H](Nc1cc(Cl)c2ncc(C#N)c(NCC(C)(C)C(F)(F)F)c2c1)C1=CN(C23CC(C2)C3)NN1,Active
C=CC(=O)Nc1cc2c(Nc3cc(C(=O)NOC)c(Br)cc3F)ncnc2cc1OCCNC(C)=O,Inactive
COc1cc2c(Nc3ccc(Cl)c(Cl)c3)ncnc2cc1OCc1cc(F)cc(F)c1,Active
COc1cc2c(Nc3ccc(Cl)c(Cl)c3)ncnc2cc1OCc1noc(-c2c(C)noc2C)n1,Active
Cc1nc(F)ccc1[C@H](Nc1cc(Cl)c2ncc(C#N)c(NCC(C)(C)C)c2c1)C1=C(C2CC2)N(C2CC2)NN1,Active
C=CC(=O)Nc1cc(Nc2ncc(NC(=O)C(C)C)c(-c3cn(C)c4ccccc34)n2)c(OC)cc1N(C)CCN(C)C,Active
NC(=O)CN1CCC(n2cc(-c3cccc(O)c3)c3c(N)ncnc32)CC1,Inactive
C=C(Cl)C(=O)Nc1cccc(Nc2nc(Nc3ccc(N4CCN(C(C)=O)CC4)nc3)ncc2Cl)c1,Active
Cn1c(=O)c(-c2c(Cl)cccc2Cl)cc2cnc(Nc3ccc(Cl)cc3)nc21,Inactive
CCCOC(=O)Nc1ccc(Nc2ncnc3cc(OC)c(OC)cc23)cc1Cl,Inactive
C=CC(=O)N1CCC(C2CCNc3c(C(N)=O)c(-c4ccc(Oc5ccccc5)cc4)nn32)CC1,Active
Cc1nc(F)ccc1[C@H](Nc1cc(Cl)c2ncc(C#N)c(NCC(C)(C)C)c2c1)C1=CN(C(C)(C)C(F)F)NN1,Active
CCCN(CC#CC(=O)Nc1ccc2ncc(C#N)c(Nc3cccc(Br)c3)c2c1)CCC,Active
COc1cc2ncnc(N3CCCc4ccccc43)c2cc1NC(=O)/C=C/CN(C)C,Active
COCCOc1cc2ncnc(Nc3ccc(C)c(C#N)c3)c2c2c1OCCO2,Inactive
CC(=O)c1nn(-c2ccc(C)cc2)cc1C(=O)c1c(C)[nH]c(-c2ccccc2)c1-c1ccccc1,Inactive
CC(C)n1nc(-c2cncnc2)c2c(N)ncnc21,Inactive
C=CC(=O)Nc1cc2c(Nc3ccc(Br)c(Cl)c3F)ncnc2cc1OCCNC(=O)CCCN(C)C,Active
C=CC(=O)Nc1cccc(Oc2nc(Nc3ccc(N4CCN(C(=O)CO)CC4)cc3OC)ncc2Cl)c1,Active
C/C=C/C(=O)Nc1cc2c(Oc3ccc(NC(=O)CCCc4ccc(F)cc4)cc3F)ncnc2cc1OC,Inactive
Cc1cc(Nc2cc(N3CCN(C)CC3)nc(Oc3cccc(N)c3)n2)n[nH]1,Inactive
O=C1CCC(N2C(=O)c3ccc(OCCOCCOCCOCCOCC#Cc4cccc5c4C(=O)N([C@@H](C(=O)Nc4nccs4)c4cc(F)ccc4O)C5)cc3C2=O)C(=O)N1,Inactive
C=CC(=O)Nc1cccc(Oc2cc(Nc3ccc(OCc4cccc(F)c4)c(Cl)c3)ncn2)c1,Active
Cc1ccc2nc(Oc3ccc(F)cc3)c(/C=N/NC(=O)Cn3c([N+](=O)[O-])cnc3C)cc2c1,Active
CS(=O)(=O)CCNc1nc(-c2ccc3ncnc(Nc4ccc(OCc5cccc(F)c5)c(Cl)c4)c3c2)cs1,Active
O=C(/C=C/c1ccccc1)Nc1cc(F)cc(F)c1,Inactive
O=C1CSC(N2N=C(c3ccc(F)cc3)CC2c2ccc(Cl)cc2)=N1,Inactive
Cc1cnc(S(C)(=O)=O)nc1N1CCC[C@H](n2nc(-c3ccc(Oc4ccccc4)cc3)c3c(N)ncnc32)C1,Inactive
CCN(CC)CCOc1cc2ncnc(Nc3ccc(F)c(Cl)c3)c2cc1OC,Inactive
COCCOc1ccc(Nc2ncc(F)c(Nc3cccc(C(=O)C=C(C)C)c3)n2)cc1F,Inactive
COc1ccc(-c2c3c4cc(OC)c(OCCCN(C)C)cc4oc(=O)c3n3ccc4cc(O)c(OC)cc4c23)cc1O.O=C(O)C(F)(F)F,Active
C=CC(=O)N1CC(Oc2cc3c(Nc4cccc(Cl)c4F)ncnc3cc2OC)C1,Active
COc1ccccc1C(=O)NCc1ccc(-c2nn(C3CCC(C)C3)c3ncnc(N)c23)cc1,Active
CC(C)(C)CNc1c(C#N)cnc2c(C#N)cc(N[C@H](C3=CN(CC(F)(F)F)NN3)c3cccc4ncsc34)cc12,Active
CCCCC(=O)Nc1cc2c(Oc3ccc(NC(=O)CCCc4ccsc4)cc3F)ncnc2cc1OC,Inactive
N#Cc1cnc2ccc(NC(=O)C3CSSC3)cc2c1Nc1ccc(OCc2cccc(F)c2)c(Cl)c1,Active
CC(C)n1cnnc1-c1cccc(N2Cc3ccccc3C2=O)n1,Inactive
C=CC(=O)NCCCn1c(-c2nc(-c3cnn(C4CCN(C)CC4)c3)cnc2N)nc2ccccc21,Active
C=CC(=O)N1CCCCCCCn2cc(c3ccccc32)-c2ccnc(n2)Nc2cc1ccc2OC,Active
COc1cc2c(Nc3cc(Cl)c(Br)cc3F)ncnc2cc1OC[C@H]1C[C@@H]2CN(C)C[C@@H]2C1,Active
Cn1c(=O)c(/C=C/c2ccccn2)nc2ccccc21,Inactive
N#Cc1cnc2cc(OC[C@@H](O)CO)c(NC(=O)C[C@@H]3CCSS3)cc2c1Nc1ccc(OCc2cccc(F)c2)c(Cl)c1,Active
CC(=O)/C=C/C(=O)Nc1ccc2ncnc(Nc3cccc(Br)c3)c2c1,Active
Cc1cnc(Nc2cccc(S(N)(=O)=O)c2)nc1Nc1ccc2c(c1)CCN(C(=O)CCl)C2,Active
O=C(NO)c1ccccc1Nc1nc(Nc2ccc(OCC(=O)N3CCOCC3)cc2)ncc1Cl,Active
CCNC(=O)Nc1ccc(Nc2ncnc3cc(OC)c(OC)cc23)cc1,Inactive
O=c1c(/C=C/c2ccccc2Cl)nc2ccccc2n1Cc1ccccc1,Inactive
COc1cc2ncnc(Nc3ccc(Br)cc3F)c2cc1OC,Inactive
CC(=O)N1N=C(c2ccc(C)c(C)c2)CC1c1ccc(F)cc1,Inactive
CN(CCCl)c1ccc2ncnc(Nc3cccc(Br)c3)c2c1,Active
CC(C)=CC[C@@H](OC(=O)/C=C\C(=O)c1cc(F)ccc1C)C1=CC(=O)c2c(O)ccc(O)c2C1=O,Active
NS(=O)(=O)c1ccc(-n2c(SCC(=O)Nc3ccc([N+](=O)[O-])cc3[N+](=O)[O-])nc3cc4ccccc4cc3c2=O)cc1,Active
N#CCC[C@@H](Nc1c(C#N)cnc2c(Cl)cc(N[C@H](C3=CN(C4CC4)NN3)c3cccc4ncsc34)cc12)c1ccccc1,Active
C=CC(=O)N1CC[C@@H](Oc2cc3c(Nc4ccc(F)c(Cl)c4F)ncnc3cc2OC)C[C@@H]1C(=O)OC,Active
CN(C)C(=O)N1CCC[C@@H]2[C@H]1CCCN2c1cnc(C(N)=O)c(Nc2ccc(C3CCN(C4CCCC4)CC3)cc2)n1,Inactive
Cc1nc(N(C)c2ccc3c(c2)CCO3)c2cc(C)oc2n1,Active
COc1ccccc1CNc1ncnc2cc(N)ncc12,Inactive
COc1cc2ncnc(Nc3ccc(NC(=O)OC(C)C)c(C)c3)c2cc1OC,Inactive
COc1cc(Nc2ncnc3cc(OC)c(OC)cc23)cc(OC)c1.Cl,Inactive
O=C1c2c(c3c4cccc(O)c4n(C4OC(CO)C(O)C(O)C4O)c3c3[nH]c4c(O)cccc4c23)C(=O)N1NCCO,Inactive
O=C(O)c1cccc(/N=C/c2cc(O)ccc2O)c1,Inactive
CN(C)C(=O)N[C@@H]1CCCN(c2cnc(C(N)=O)c(Nc3ccc(S(C)(=O)=O)cc3)n2)C1,Inactive
C=CC(=O)Nc1cccc(Nc2nc(Nc3ccc(OCCOC)cc3)c3c(c2F)CNC3=O)c1,Inactive
O=C(NCc1ccccc1)C(Cc1c(SSc2[nH]c3ccccc3c2CC(NC(=O)C(F)(F)F)C(=O)NCc2ccccc2)[nH]c2ccccc12)NC(=O)C(F)(F)F,Inactive
COC(=O)c1ccc(S(=O)(=O)Oc2ccc(/C=C/[N+](=O)[O-])cc2)cc1,Inactive
Cc1ncc([N+](=O)[O-])n1CCOC(=O)/C=C/c1cccc([N+](=O)[O-])c1,Inactive
COC(=O)c1cc2cc(NCc3cc(NC(=O)c4cc(-n5cnc(C)c5)cc(C(F)(F)F)c4)ccc3C)cnc2[nH]1,Active
CC[C@@H](Nc1c(C#N)cnc2c(Cl)cc(N[C@H](C3=CN(C(F)(F)CO)NN3)c3cccnc3)cc12)c1ccccc1,Active
CC(C)(N)c1cc(C(=O)N[C@@H]2CCc3ccc(Oc4ccnc5c4CCC(=O)N5)cc3C2)cc(C(F)(F)F)c1,Active
C=CC(=O)Nc1cccc(Nc2nc(Nc3ccc(OCCOCCNC(=O)CCCC(=O)NCCCOCCOCCOCCCNC(=O)CCCC[C@@H]4SC[C@@H]5NC(=O)N[C@@H]54)c(F)c3)ncc2F)c1,Active
COc1ccc(CO)cc1-c1cc2c(N[C@H](C)c3ccccc3)ncnc2s1,Active
COc1cc2c(Nc3ccc(NC(=O)Nc4ccc(C)c(C)c4)c(Cl)c3)ncnc2cc1OCCCN1CCN(C)CC1,Active
O=C(O)CCNc1cc2ncnc(Nc3cccc(Br)c3)c2cn1,Inactive
CC(C)(O)CC(=O)NCCn1ccc2ncnc(Nc3ccc(Oc4cccc(C(F)(F)F)c4)c(Cl)c3)c21,Inactive
C=CC(=O)Nc1cc(Nc2nccc(-c3cc(F)c4c(cnn4C)c3)n2)c(OC)cc1N(C)CCN(C)C,Active
CN(C)CCC(=O)Nc1ccc2ncnc(Nc3cccc(Br)c3)c2c1,Active
COc1cc2ncnc(-c3c[nH]c4cc(F)c(Cl)cc34)c2cc1OCCCN1CCOCC1,Active
COc1ccc([C@H](Nc2cc(Cl)c3ncc(C#N)c(NCC(C)(C)C)c3c2)C2=CN(C3(C(F)F)CC3)NN2)c(C)n1,Active
Cn1cc(-c2cc(C(=O)/N=c3\[nH]c4ccccc4n3[C@H]3CC[C@H](O)C3)ccn2)cn1,Inactive
CN1CCN(c2ccc(Nc3ncc(Br)c(Nc4ccc5[nH]c(Cc6cccc(F)c6)cc5c4)n3)cc2)CC1,Active
CC(C)(C)OC(=O)NCC(=O)Nc1ccc2ncnc(Nc3cccc(Br)c3)c2c1,Active
N#CC[C@@H](Nc1c(C#N)cnc2c(C#N)cc(N[C@@H](C3=CN(C4CC4)NN3)c3ccc(F)nc3)cc12)c1ccccc1,Active
O=C(/C=C/CN1CCCC1)N1CCCOc2cc3ncnc(Nc4ccc(F)c(Cl)c4)c3cc21,Active
Nc1nc(Nc2cccc(Br)c2)c2cc(CCc3ccccc3Cl)[nH]c2n1,Inactive
COc1cc(Nc2ncnc3ccc(Cl)cc23)cc(OC)c1OC.Cl,Inactive
C=CC(=O)N1CCC(C2CCNc3c(C(N)=O)c(-c4cc(OC)c5ccsc5c4)nn32)CC1,Active
Cn1cncc1[C@H](Nc1cc(Cl)c2ncc(C#N)c(Nc3ccc(F)c(Cl)c3)c2c1)C1=CN(C2CCN(C(C)(C)C)CC2)NN1,Active
C[C@@H]1[C@H](NC(=O)N(C)C)CCCN1c1cnc(C(N)=O)c(Nc2ccc(C3(C)CCN(C4CC4)CC3)cc2)n1,Active
O=C(Nc1ccccc1F)c1ccc(N(CCCl)CCCl)cc1,Inactive
CCOc1cc2nccc(Nc3cccc(Br)c3)c2cc1NC(=O)/C=C/CN1CCOCC1,Inactive
C=CC(=O)N1CCC(C2CCNc3c(C(N)=O)c(-c4cc(OC)c(Br)c(OC)c4)nn32)CC1,Inactive
COc1c(F)cccc1Nc1c(-c2ccncc2OCC(C)(C)OC)[nH]c2c1C(=O)NCC2,Active
N#Cc1ccc(F)c(C(=O)Nc2cc3c(Nc4ccc(F)c(Cl)c4)ncnc3cc2OCCCN2CCOCC2)c1,Active
C=CC(=O)N1CCC(Nc2cc3c(Nc4ccc(F)c(Cl)c4)ncnc3cc2O[C@H]2CCOC2)C1,Active
COc1cc(N2CCN(C)CC2)ccc1Nc1ncc(Cl)c(Oc2ccc([N+](=O)[O-])cc2)n1,Inactive
CC(=O)Nc1cccc(Nc2nc3cnc(Nc4ccc(C(=O)N[N+]5=CCN(C)CC5)cc4F)nc3n2C(C)C)c1,Active
CCCOC(=O)Nc1ccc(Nc2ncnc3cc(OC)c(OC)cc23)cc1,Inactive
COC(=O)CCc1c(SSc2[nH]c3ccccc3c2CCC(=O)OC)[nH]c2ccccc12,Inactive
COc1cc(-c2nn(C(C)C)c3ncnc(N)c23)cc(OC)c1OC,Inactive
COc1cc2c(N3CCN(C(=O)Nc4ccc(OC(C)C)cc4)CC3)ncnc2cc1OCCCN1CCOCC1,Inactive
C=CC(=O)Nc1cc2c(Nc3ccc(F)c(Cl)c3)ncnc2cc1OCc1cn(Cc2ccc(Cl)cc2)nn1,Active
COc1ccc(Nc2c(C#N)cnc3cc(OC)c(OC)cc23)cc1OC,Inactive
COc1cc2ncnc3c2cc1OCCCCCN(C)Cc1ccc(Br)cc1N3,Active
CCOC(=O)c1c(C)[nH]c(/C=C2\C(=O)Nc3ccccc32)c1C,Inactive
O=C(Nc1ccc(Oc2ncnc3ccccc23)cc1)Nc1cccc(Br)c1,Inactive
C=CC(=O)N1CCC(Oc2nc(Nc3ccc(N4CCOCC4)cc3)nc3[nH]cc(-c4cncc(NC)c4)c23)CC1,Inactive
COc1ccc(-c2ccc(OC(F)(F)F)c(NC(=O)Nc3ccccn3)c2)cn1,Active
CCOc1cc(N2CCC(CCS(C)(=O)=O)CC2)c(C)cc1Nc1nccc(-c2c(-c3ccc(OC)c(C(=O)Nc4c(F)cccc4F)c3)nc3ccccn23)n1,Inactive
CCCCC(=O)Nc1cc2c(Oc3ccc(NC(=O)CCCc4ccccc4)cc3F)ncnc2cc1OC,Inactive
Nc1cnc(C#Cc2cc3c(Nc4ccc(OCc5cccc(F)c5)c(Cl)c4)ncnc3s2)cn1,Active
O=C(O)Cc1cc(/N=C/c2cc(O)ccc2O)ccc1O,Inactive
CNc1ccc(C)c(Nc2nccc(-c3cccnc3)n2)c1,Inactive
CN(C)CCNc1ccc(Nc2nc(Oc3ccc4ccc(=O)[nH]c4c3)c3sccc3n2)cc1F,Inactive
CCC1=C2C(Nc3ccc4c(cnn4Cc4ccccc4)c3)=NC=NC2N=C1NC(=O)O[C@H]1CC[C@@](C)(N)CC1,Active
CC(C)n1nc(-c2cc(C=O)co2)c2c(N)ncnc21,Inactive
CC(=O)Nc1ccc2c(Nc3cccc(Br)c3)ncnc2c1,Active
C=CC(=O)N1CC[C@H](n2nc(C(=O)Nc3cc(OC)cc(OC)c3)c3c(N)ncnc32)C1,Inactive
Nc1nc2c(c(Nc3ccccc3)n1)-c1ccccc1C2,Inactive
COc1cc(N2CCNCC2)ccc1Nc1ncc(Br)c(Nc2ccccc2NS(N)(=O)=O)n1,Active
COc1cc2c(Nc3ccc(Oc4ccccc4)c(Cl)c3)ncnc2cc1OCC1CCN(C)CC1,Active
C=CC(=O)Nc1cc(-c2cn(C)c3ccccc23)ncn1,Active
CCN1CCN(C)CC1COc1cc2ncnc(Nc3ccc(Cl)c(Cl)c3)c2cc1OC,Active
C=CC(=O)Nc1cccc(Nc2nc(Nc3ccc(OCCOC)cc3)c3c(c2F)C(C)(C)NC3=O)c1,Inactive
Cc1cc(C(=O)/N=c2\[nH]c3ccccc3n2[C@H]2CC[C@@H](O)CC2)cc(-c2cnn(C)c2)n1,Inactive
Cc1nc(Nc2cccc(Br)c2)c2c(n1)[nH]c1ccccc12.Cl,Inactive
C=CC(=O)Nc1cc2c(Nc3ccc(Br)cc3F)ncnc2cc1OCCNC(=O)C1CCCN1,Inactive
CN1CCc2c([nH]c3ccccc23)C1c1ccc(NC(=O)c2cccc(F)c2)cc1,Inactive
COc1cc2c(Nc3ccc(-c4nc5ccccc5s4)cc3O)ncnc2cc1OCCCN1CCN(C)CC1,Active
C=CC(=O)Nc1cc2c(Nc3ccc(Br)cc3F)ncnc2cc1OCCNC(=O)C(=C)C,Active
N#Cc1cnc2c(Br)cc(NCc3c[nH]nn3)cc2c1Nc1ccc(F)c(Cl)c1,Inactive
Fc1cccc(Nc2ncnc3cc(OCCCN4CCOCC4)c4c(c23)OCCO4)c1,Active
CC(C)(C)CNc1c(C#N)cnc2c(C#N)cc(N[C@H](C3=CN(C4(C(F)F)CC4)NN3)c3cccc4c(=O)n(CC(F)F)ccc34)cc12,Active
Cn1cnc2cc3c(Nc4cccc(Br)c4)ncnc3cc21,Active
Fc1ccc(Nc2ncnc3sc4c(c23)CCCC4)cc1Cl,Inactive
CS(=O)(=O)O[C@H]1CN[C@H](C#Cc2cc3ncnc(Nc4ccc(OCc5cccc(F)c5)c(Cl)c4)c3s2)C1,Active
N#Cc1cnc2c(C(F)(F)F)cc(NCc3c[nH]cn3)cc2c1Nc1ccc(F)c(Cl)c1,Inactive
COc1cc(N2CCN(C)CC2)ccc1Nc1ncc(Cl)c(Oc2ccc(NC(=O)COCc3ccccc3)cc2)n1,Inactive
Cc1ccc(C(=O)NC2CC2)cc1Nc1ncnn2cc(C(=O)c3ccccc3)c(C)c12,Inactive
CCC(=O)N1CC[C@H](N2C(=O)N(c3cc(OC)ccc3F)Cc3cnc(Nc4ccc(N5CC6(CCN(C)CC6)C5)c(C)c4)nc32)C1,Active
Cc1c(-c2ccccc2)[nH]c2ncnc(Nc3cccc(Cl)c3)c12,Inactive
COc1cc2cc(-c3ccc(F)cc3)cnc2cc1OC,Inactive
Nc1ncnc2c1c(-c1ccc(Cl)c(O)c1)nn2[C@@H]1CCNC1,Inactive
COc1cc2ncnc(Nc3ccc(F)c(Cl)c3)c2cc1OCCN1CC(O)C1,Active
COc1cc2nc(Nc3cc(C)[nH]n3)nc(Nc3cccc(-c4nc5ccccc5s4)c3)c2cc1OC,Inactive
CCOc1cc2ncnc(Nc3ccc(OCc4cccc(F)c4)c(Cl)c3)c2cc1NC(=O)[C@H]1NC(=O)O[C@@H]1C,Active
C=CC(=O)N1CC[C@@H](N2C(=O)N(Cc3ccccc3)Cc3cnc(Nc4ccc(N5CCN(C)CC5)cc4OC)nc32)C1,Active
CN(C)CCCNC(=O)c1csc2nc(-c3ccc(NC(=O)Nc4cc(C(C)(C)C)on4)cc3)cn12,Inactive
CCN1CCN(Cc2ccc(C(=O)N[C@@H]3[C@H]4Oc5ccc(Oc6ccnc7c6CNC(=O)N7)cc5[C@@H]34)cc2C(F)(F)F)CC1,Active
Cc1ncnc2c1c(-c1ccc(Oc3ccccc3)cc1)nn2C[C@H]1CCCN1C(=O)/C=C/CN(C)C,Active
C=CC(=O)Nc1cccc(Nc2nc(Nc3ccc(N4CCN(C(C)=O)CC4)cc3OC)ncc2C(F)(F)F)c1,Inactive
C=CC(=O)N1CC[C@H](Nc2cncc(-c3cnc(Nc4cccc(OC(F)F)c4)nc3)n2)C1,Inactive
Cn1c2ccccc2n2c(=S)[nH]nc12,Inactive
NC(=O)c1c(-c2ccc(Oc3ccc(F)cc3F)cc2)nn([C@@H]2CCCN(C(=O)/C=C/CO)C2)c1N,Inactive
COc1ccc(C)c(Nc2c(C#N)cnc3cc4[nH]c(NCCN5CCOCC5)nc4cc23)c1,Inactive
C=CC(=O)Nc1cc(Nc2ncc3ccc(-c4ccccc4)n3n2)c(OC)cc1N(C)CCN(C)C,Active
COC1CCN(c2nccc(Nc3cc4c(cn3)nc(COCCN3CCN(CCOCC(=O)N[C@H](C(=O)N5C[C@H](O)C[C@H]5C(=O)N[C@@H](C)c5ccc(-c6scnc6C)cc5)C(C)(C)C)CC3)n4C(C)C)n2)CC1,Inactive
C#Cc1cccc(Nc2nc(N)nc3[nH]c(CCc4ccccn4)cc23)c1,Inactive
N#CCC[C@H](Nc1c(C#N)cnc2c(Cl)cc(NC(C3=CN(C4CC4)NN3)c3ccc(F)nc3)cc12)c1ccccc1,Active
CN1CCC[C@H]1/C=C/C(=O)N1CCc2c(sc3ncnc(Nc4ccc(F)c(Cl)c4)c23)C1,Active
COc1ccc(/C=C2\CCc3ccc([N+](=O)[O-])cc3\C2=N\O)c(Cl)c1OC,Inactive
Cc1ncsc1-c1ccc([C@H](C)NC(=O)[C@H]2C[C@H](O)CN2C(=O)[C@@H](NC(=O)COCCOCCOCCOCCOc2ccc(-c3nccc(Nc4cc5c(cn4)nc(C)n5C(C)C)n3)cc2)C(C)(C)C)cc1,Inactive
COc1cc2c(Nc3ccc(Br)cc3F)ncnc2cc1OCC1CCN(/C(N)=N/C#N)CC1,Active
COc1cc(N2CCC(N3CCN(CCO)CC3)CC2)ccc1Nc1ncc(Cl)c(Nc2ccccc2NS(C)(=O)=O)n1,Active
C=CC(=O)Nc1cccc(Nc2ncc(C)c(Nc3ccccc3)n2)c1,Active
COc1cc2ncnc(Oc3ccc(NC(=O)Nc4ccccc4)cc3)c2cc1OC,Inactive
C=C(F)C(=O)Nc1cccc(Nc2nc(Nc3ccc(N4CCN(C(C)=O)CC4)c(C)c3)ncc2Cl)c1,Active
Cn1cc(NC(=O)c2cccc(NS(=O)(=O)c3ccc(Cl)cc3)c2)cn1,Inactive
CC(=O)N1CCN(CCCOc2cc3ncnc(Nc4ccc(F)c(Cl)c4)c3cc2NC(=O)c2cc([N+](=O)[O-])ccc2F)CC1,Active
Cc1[nH]c(/C=C2\C(=O)Nc3ccc(Br)cc32)c(C)c1CCC(=O)O,Inactive
CCC(=O)N1CCC[C@@H](Nc2nc(Nc3ccc4c(c3)OCCOCCOCCO4)nc3[nH]cnc23)C1,Inactive
COc1cc(N2CCN3CCOC[C@@H]3C2)ccc1Nc1nccc(-c2c(-c3cccc(C(=O)Nc4c(F)cccc4F)c3)nc3ccccn23)n1,Active
CC(C)(C)CNc1c(C#N)cnc2c(Cl)cc(N[C@H](C3=CN(C4(C#N)CC4)NN3)c3cccc4ncsc34)cc12,Active
COC[C@@H](Nc1ncnc2sc(-c3ccccc3OC)cc12)c1ccccc1,Active
CC(C)n1nc(-c2ccc(C=O)c(F)c2)c2c(N)ncnc21,Inactive
COC[C@@H](Nc1ncnc2oc(-c3ccccc3)cc12)c1ccccc1,Active
COc1cc2ncnc(Nc3ccc(F)c(Cl)c3)c2cc1OCCCCn1c([N+](=O)[O-])cnc1C,Active
N#CC(C#N)=Cc1ccc(S(=O)(=O)[O-])o1.[Na+],Inactive
COc1ccc2c(Nc3cccc(Br)c3)ncnc2c1,Active
COCCOc1cc2ncnc(Nc3ccc(OCc4cccc(F)c4)c(Cl)c3)c2cc1OCCCCCCC(=O)NO,Active
C=CC(=O)Nc1cc(Nc2nccc(NC(=O)c3ccccc3)n2)c(OC)cc1N(C)C,Active
C#Cc1cccc(Nc2ncnc3cc(OCCOC)c(OCCOC)cc23)c1,Inactive
Cc1cccc(Nc2ncnc3ccc(N)cc23)c1,Inactive
Cc1ncsc1-c1ccc(CNC(=O)[C@@H]2C[C@@H](O)CN2C(=O)[C@H](C(C)C)N2Cc3ccccc3C2=O)c(OCCOCCOCCOCCN2CCN(Cc3ccc(-c4cc5c(NCc6ccccc6Cl)ncnc5[nH]4)cc3)CC2)c1,Inactive
Cn1cc2c([C@H](Nc3cc(Cl)c4ncc(C#N)c(NCC(C)(C)C)c4c3)C3=CN(C4(C(F)F)CC4)NN3)cccc2n1,Active
CS(=O)(=O)CCNC1CCN(Cc2ccn3ncnc(Nc4ccc5c(cnn5Cc5cccc(F)c5)c4)c23)CC1,Active
COc1cc2c(Nc3ccc(-c4nc5ccccc5s4)c(C)c3)ncnc2cc1OCCCN1CCN(C)CC1,Active
C=CC(=O)N1CCc2c(sc3ncnc(Nc4cccc(CC)c4)c23)C1,Inactive
CCN1CCN(Cc2ccc(C(=O)N[C@@H]3[C@H]4Oc5ccc(Oc6ccnc7c6CCC(=O)N7)cc5[C@@H]34)cc2C(F)(F)F)CC1,Active
Nc1nc(Nc2cccc(Cl)c2)c2c(n1)-c1ccccc1C2,Inactive
O=C(Nc1cccc(-n2cc(CNc3ccc(N4CCC(O)CC4)c(C(=O)N4CCCCC4)c3)nn2)c1)c1cc(F)cc(F)c1,Inactive
C=CC(=O)Nc1cc2c(Nc3ccc(Br)c(Cl)c3F)ncnc2cc1OCCNC(=O)CCOC,Active
Fc1ccc2c(c1)CNc1c(Nc3ccc(Cl)cc3)ncnc1O2,Inactive
c1ccc(NCCN(c2cc3ncnc(Nc4ccc5[nH]ccc5c4)c3s2)n2cccc2)cc1,Active
Nc1cccc(-c2cc(=O)c3cc(N)ccc3o2)c1,Inactive
CCN/C(=N\C#N)N1CCOC(COc2cc3ncnc(Nc4ccc(Cl)c(Cl)c4)c3cc2OC)C1,Active
O=C(/C=C/c1ccccc1)Nc1ccccc1F,Inactive
C=CC(=O)N1CC(Oc2cc3c(Nc4ccc(Br)c(Cl)c4)ncnc3cc2OC)C1,Active
Cc1ccc(C2CC(c3ccc(C)c(C)c3)=NN2c2nc(-c3ccc(Cl)cc3)cs2)cc1,Inactive
CN(C)/N=N/c1ccc2ncnc(Nc3cccc(Br)c3)c2c1,Active
CCCN(CCC)C(=O)c1ccc(N(CCCl)CCCl)cc1,Inactive
C=CC(=O)Nc1cccc(-n2c(=O)n(C)c(=O)c3cnc(Nc4ccc(N5CCOCC5)cc4OC)nc32)c1,Active
COc1ccc(CC(=O)NS(=O)(=O)c2ccc(Cl)cc2)cc1,Inactive
Fc1ccc(C2CC(c3ccc(Br)cc3)=NN2c2nc(-c3ccc(Cl)cc3)cs2)cc1,Inactive
COc1cccc2cc(N(C)c3nc(C)nc4ccccc34)ccc12,Active
O=C(Cc1cccc(Br)c1)NS(=O)(=O)c1ccccc1,Inactive
CC/C(=C(\c1ccccc1)c1ccc(OCCN(C)C)cc1)c1ccccc1,Inactive
COc1ccc(C2CC(c3ccc(F)cc3)=NN2C2=NC(=O)CS2)cc1,Inactive
Cc1nc(N2CCC3(CC2)CO[C@@H](C)[C@H]3N)c(CO)nc1-c1cccc(Cl)c1Cl,Active
O=[N+]([O-])CCc1c(SSc2[nH]c3ccccc3c2CC[N+](=O)[O-])[nH]c2ccccc12,Inactive
COc1cc2c(Nc3cccc(Cl)c3F)ncnc2cc1OCC1CN(/C(N)=N/C#N)CCCO1,Active
COc1cc(C2=C(c3c[nH]c4ccccc34)C(=O)NC2=O)cc(OC)c1OC,Inactive
COc1ccccc1-c1cc2c(N[C@H](C)c3cccs3)ncnc2s1,Active
Cn1c(SSc2c(C(=O)Nc3ccccc3)c3ccccc3n2C)c(C(=O)Nc2ccccc2)c2ccccc21,Inactive
Cc1cccc(Nc2ncnc3ccncc23)c1NCCCN1CCOCC1,Active
Brc1cccc(Oc2ncnc3ccccc23)c1,Active
C=CC(=O)Nc1cccc(Nc2nc(Nc3ccc(OC[C@@H]4C[C@@H](O)CN4)c(F)c3)ncc2F)c1,Active
C=CC(=O)N1CCC(Sc2cc3c(Nc4ccc(F)c(Cl)c4)ncnc3cc2OC)CC1,Active
C/C=C/C(=O)Nc1cc(Nc2ncc(Cl)c(N3CCc4sccc4C3)n2)c(OC)cc1N(C)CCN(C)C,Active
COC(=O)c1cc(/N=C/c2ccc(O)cc2)ccc1O,Inactive
C=CC(=O)Nc1cc2c(Nc3ccc(Br)cc3F)ncnc2cc1OCCCNC(=O)CS(C)(=O)=O,Active
COc1cc2c(Nc3cc(O)c(C)cc3F)ncnc2cc1OCC1CCN(C)CC1.Cl,Active
COc1cc(N2CCC(O)CC2)ccc1Nc1nccc(-c2c(-c3ccc(OC)c(C(=O)Nc4c(F)cccc4F)c3)nc3ccccn23)n1,Inactive
COc1nccc2c([C@H](Nc3cc(Cl)c4ncc(C#N)c(NCC(C)(C)C)c4c3)C3=CN([C@@H](C)CF)NN3)cccc12,Active
COc1ccc(C)c(Nc2c(C#N)cnc3cc4c(cc23)ncn4CCN2CCOCC2)c1,Inactive
COc1cc2c(Nc3ccc(Cl)c(Cl)c3)ncnc2cc1OCc1noc(-c2ccc(C(F)(F)F)cc2)n1,Active
C=CC(=O)N1CCC[C@@H](Nc2nc(Nc3ccc(OCCOC)cc3)ncc2F)C1,Active
O=C1COc2cc3ncnc(Nc4ccc(F)c(Cl)c4)c3cc2N1CCCN1CCOCC1,Active
COc1cc2ncc(C#N)c(Nc3ccc(F)c(Cl)c3)c2cc1OCCCN1CCOCC1,Inactive
C=CC(=O)Nc1cc(Nc2nccc(Nc3ccn(C)n3)n2)c(OC)cc1N(C)CCN(C)C,Active
Cc1cccc(CN(C)c2ncnc3[nH]c(-c4ccc(CCC(=O)O)cc4)cc23)c1,Active
C=CC(=O)Nc1cccc(Nc2nc(Nc3ccc(Cl)c(OC(C)(C)CO)c3)ncc2F)c1,Active
COc1nccc2c([C@H](Nc3cc(Cl)c4ncc(C#N)c(NCC(C)(C)C)c4c3)C3=CN(C4(C5CC5)CC4)NN3)cccc12,Active
OB(O)c1ccc(COc2ccc3ncnc(Nc4cccc(Cl)c4)c3c2)cc1,Active
Cn1c(-c2csc(N/N=C\c3ccc(Cl)cc3Cl)n2)nc2ccccc21,Active
C=C1CO[C@@H]2[C@@H](Oc3cc4ncnc(Nc5ccc(Br)c(Cl)c5)c4cc3OC)CO[C@H]12,Active
O=C(Nc1ccccc1)N(Cc1ccc(O)cc1)Cc1cc(Br)cc(Br)c1O,Inactive
NC(=S)N1N=C(c2ccc(Cl)c(Cl)c2)CC1c1ccc(Cl)cc1,Inactive
Cc1ncccc1[C@H](Nc1cc(Cl)c2ncc(C#N)c(N[C@H](C)c3ccccc3)c2c1)C1=CN(C(C)C)NN1,Active
c1ccc(-c2nnc(Cc3nc4ccccc4[nH]3)o2)nc1,Inactive
C=CC(=O)Nc1cc2c(Nc3ccc(Br)cc3F)ncnc2cc1OCCNC(=O)CO,Active
COc1ccc2cncnc2c1,Active
C=CC(=O)Nc1cc(Nc2nccc(-c3cn4c5c(cccc35)CCC4)n2)c(OC)cc1N1CCN(C)CC1,Active
Cc1cc(=O)n(-c2ccc(F)cc2)nc1C(=O)Nc1ccc(Oc2ncnc3ccsc23)c(F)c1,Inactive
CN(C)C/C=C/C(=O)N1CCC[C@@H](n2nc(-c3ccccc3)c3c(N)ncnc32)C1,Inactive
CN1CCC(Oc2cccc3ncnc(Nc4ccc(OCc5ccccn5)cc4)c23)CC1,Inactive
COc1cc(CNCCN2CCNCC2)ccc1-c1cc2c(N[C@H](CO)c3ccccc3)ncnc2[nH]1,Active
COc1cc(N[C@H](C2=CN(C3(C(F)(F)F)CC3)NN2)c2ccc(F)nc2C)cc2c(NCC(C)(C)C)c(C#N)cnc12,Active
COc1cc(N2CCC(N3CCCCC3)CC2)ccc1Nc1nccc(-c2c(-c3ccc(OC)c(C(=O)Nc4c(F)cccc4F)c3)nc3cc(C)ccn23)n1,Inactive
CCn1ccc2c([C@H](Nc3cc(Cl)c4ncc(C#N)c(NCC(C)(C)C)c4c3)C3=CN(C45CC(C4)C5)NN3)cccc2c1=O,Active
COc1cc2c(Nc3ccc(N4CCN(C)CC4)cc3)ncnc2cc1O[C@H]1CO[C@H]2[C@@H]1OC[C@@H]2F,Active
Cc1ncc([N+](=O)[O-])n1C/C(=N/NC(=O)c1ccc(O)cc1)c1ccc(Br)cc1,Active
COc1cc2c(Nc3cccc(Cl)c3F)ncnc2cc1O[C@H]1CO[C@H]2[C@@H]1OC[C@@H]2OC,Active
COc1cc(N2CCN(C)CC2)ccc1Nc1ncc(Cl)c(Oc2cccc(NC(=O)/C=C/CN(C)C)c2)n1,Inactive
CCCCS(=O)(=O)Nc1nc(-c2ccc(F)cc2)c(-c2ccnc(Nc3ccc4c(ccn4CCN(C)C)c3)n2)s1,Active
COc1cc(N(C)CCN(C)C)c(NC(=O)C=C(C)C)cc1Nc1nc2c(c(-c3cn(C)c4ccc(F)cc34)n1)CS(=O)(=O)CC2,Inactive
CCN1CCC(N2C=C([C@@H](Nc3cc(Cl)c4ncc(C#N)c(Nc5ccc(F)c(Cl)c5)c4c3)c3ccc(Cl)nc3)NN2)CC1,Active
O=C(Nc1nccs1)C(c1ncn2c1CCC2)N1Cc2ccc(C#Cc3cccnc3)cc2C1=O,Inactive
C=CC(=O)Nc1cccc(Oc2nc(Nc3ccc(N4CCN(S(N)(=O)=O)CC4)cc3OC)ncc2C(F)(F)F)c1,Active
NC(=S)N/N=C(/C=C/c1cccc2ccccc12)c1ccccc1,Active
COc1cc(C2CCN(CC(C)C)CC2)ccc1Nc1nccc(-c2c(-c3cccc(C(=O)Nc4c(F)cccc4F)c3)nc3ccccn23)n1,Active
CC[C@@H](Nc1c(C#N)cnc2c(Cl)cc(N[C@H](C3=CN(C4(C(F)(F)F)CC4)NN3)c3ccc(F)nc3C)cc12)c1ccccc1,Active
Cc1c(NC(=O)OC[C@@H]2COCCN2)cn2ncnc(Nc3ccc4c(cnn4Cc4cccc(F)c4)c3)c12,Active
CN(C(=O)C1CCCCC1)c1ccc2c(c1)nc(NC(=O)c1cccs1)n2CCCN,Inactive
O=C(CO)NN1C(=O)c2c(c3c4cccc(O)c4n(C4OC(CO)C(O)C(O)C4O)c3c3[nH]c4c(O)cccc4c23)C1=O,Inactive
Cc1ncccc1[C@H](Nc1cc(Cl)c2ncc(C#N)c(Nc3cnc(F)c(F)c3)c2c1)C1=CNNN1,Active
O=[N+]([O-])c1ccc(C2CC(c3ccc(Br)cc3)=NN2c2nc(-c3ccccc3)cs2)cc1,Inactive
C=CC(=O)Nc1cccc(Nc2nc(Nc3ccc(N4CCN(C(C)=O)CC4)cc3OC)ncc2C(F)(F)F)n1,Active
C=CC(=O)N1CCC[C@H]1COc1nc(Nc2ccc(N3CCN(C(C)=O)CC3)cc2)nc2[nH]cc(-c3cncc(NC)n3)c12,Inactive
CC(C)c1cnc(N2C[C@H](CS(C)(=O)=O)[C@H]2C)c2cnc(Nc3ccnc(N4CC[C@@H](O)[C@@](C)(F)C4)n3)cc12,Active
COc1ccc(N(C)c2nc(C)nc3c(Cc4ccccc4)cn(C)c23)cc1,Active
Nc1nc(Nc2cccc(F)c2)c2cc(Cc3ccc(Cl)cc3Cl)[nH]c2n1,Inactive
CCC(=O)Nc1cc2c(Nc3ccc4c(ccn4CC(C)C)c3)ncnc2cc1OC,Active
Cc1nc(F)ccc1[C@H](Nc1cc(Cl)c2ncc(C#N)c(NCC(C)(C)C)c2c1)C1=CN(C2(C(F)(F)F)CC2)NN1,Active
COc1cc(Nc2cc(C)nc3ccc(C(F)(F)F)cc23)cc(OC)c1OC,Inactive
C=CC(=O)N1CCC(C2CCNc3c(C(N)=O)c(-c4cc(OC)c5ccoc5c4)nn32)CC1,Active
Cc1cc(C(=O)Nc2nc3cccc(Cl)c3n2[C@@H]2CCCCN(C(=O)/C=C/CN(C)C)C2)ccn1,Active
COC(=O)Cc1c(SSc2[nH]c3ccccc3c2CC(=O)OC)[nH]c2ccccc12,Inactive
OCCNc1nc(Nc2cccc(F)c2)c2cn[nH]c2n1,Inactive
CN(C)C/C=C/C(=O)N1CCC(Nc2cncc(-c3cnc(Nc4cccc(Cl)c4)nc3)c2)CC1,Inactive
Cc1cc(C=C2C(=O)C=CC2=O)cc(C)c1O,Inactive
C=CC(=O)Nc1cccc(Nc2nc3c(c(Nc4cnn(CC(C)(C)O)c4)n2)C(=O)NC3)c1,Inactive
Cc1cccc(Nc2ncnc3[nH]c(C)c(C)c23)c1,Inactive
CCCCN(CCCC)C(=O)c1ccc(N(CCCl)CCCl)cc1,Inactive
COCCOc1cc2ncnc(Sc3nc[nH]n3)c2cc1OCCOC,Inactive
CN1CCC(Oc2cccc3ncnc(Nc4ccc(F)c(Cl)c4)c23)CC1,Active
C=CC(=O)N1CCc2ccc(-n3c(=O)ccc4cnc5ccc(-c6cnn(C)c6)cc5c43)cc21,Active
CCc1cc(Nc2ncc(Br)c(Nc3ccc4nccnc4c3P(C)(C)=O)n2)c(OC)cc1N1CCC(N2CCN(CCS(C)(=O)=O)CC2)CC1,Active
Cc1cc2c(Nc3ccc(-c4nc5ccccc5s4)cc3)ncnc2cc1Cl,Inactive
CN1CCC(n2cc(-c3ccc4c(c3)C(=O)N(Cc3cc(F)cc(F)c3)c3cc(F)ccc3N4)cn2)CC1,Active
CC(C)(C)CNc1c(C#N)cnc2c(C#N)cc(N[C@H](C3=CN(C4(C(F)F)CC4)NN3)c3ccc4cccnc4c3)cc12,Active
CC(C)N(Cc1ccccc1)c1nc(O)nc(Nc2ccc3ncsc3c2)n1,Inactive
O=C(/C=C/CN1CCCC1)N1CCOc2cc3ncnc(Nc4ccc(F)c(Cl)c4)c3cc21,Active
COc1cc2ncnc(N3CCN(C(=O)Nc4ccc(C(C)C)cc4)CC3)c2cc1OC,Inactive
CCCCOc1cc2c(Nc3ccc(NC(=O)OC)c(C)c3)ncnc2cc1OCCN(CC)CC,Inactive
COc1cc(C=C(C#N)C#N)cc(CSCC(=O)O)c1O,Inactive
c1ccc(COc2ccc(C3CC(c4ccc5c(c4)OCCO5)=NN3c3ccccc3)cc2)cc1,Inactive
CN(C/C=C/C(=O)N1CCCC(n2nc(-c3ccc(Oc4ccccc4)cc3)c3c(N)ncnc32)C1)CCO,Active
C=CC(=O)Nc1cc(Nc2nccc(NC(=O)c3cccc(OC)c3)n2)c(OC)cc1N(C)CCN(C)C,Active
Cc1ccc(Nc2ncnc3cc4c(cc23)N(CCCN2CCOCC2)C(=O)CO4)cc1,Active
CCCCN(Cc1cccc(C)c1O)C(=S)Nc1ccccc1,Inactive
COc1ccc2c(c1)CCC(=C\c1cc(OC)c(OC)c(OC)c1Br)/C2=N\O,Inactive
C=CC(=O)Nc1cc(Nc2ncc3ccc(-c4cnn(C)c4)n3n2)c(OC)cc1N(C)CCN(C)C,Active
C=CC(=O)Nc1cc(-n2c(=O)ccc3cnc4ccc(-c5ccc(NS(C)(=O)=O)cc5)cc4c32)ccc1C,Inactive
CCCCCC(=O)N1CCOC(COc2cc3ncnc(Nc4ccc(Cl)c(Cl)c4)c3cc2OC)C1,Active
NC(=O)Nc1ccc(C(=O)Nc2ccc3ncnc(Nc4ccc(F)c(Cl)c4)c3c2)cc1,Active
C=CC(=O)Nc1cccc(Nc2nc(Nc3cccc(OCCO)c3)ncc2F)c1,Active
C=CC(=O)N(C)c1cc2c(Nc3cccc(Br)c3)ncnc2cn1,Active
C=CC(=O)Nc1ccc2ncnc(Nc3cccc(Cl)c3)c2c1,Active
CCOC(=O)Nc1cc(Nc2ncnc3cc(OC)c(OC)cc23)ccc1C,Inactive
CCS(=O)(=O)n1cc(-c2ccnc(Nc3cc(NC(=O)C=C(C)C)c4c(cnn4CCN(C)C)c3)n2)c2ccccc21,Active
CCS(=O)(=O)n1cc(-c2ccnc(Nc3ccc4c(ccn4CCN(C)C)c3)n2)c2ccccc21,Active
C#CC(=O)N1CCC(c2cnn3c(C(N)=O)c(-c4ccc(Oc5ccccc5)cc4)[nH]c23)C1,Active
CC(O)C(/N=C1/C=C(O)/C(=N\C(C(=O)O)C(C)O)C=C1O)C(=O)O,Inactive
Clc1ccc(-c2csc(N3N=C(c4ccc(Br)cc4)CC3c3ccc(Br)cc3)n2)cc1,Inactive
O=C(CSc1nc2ccccc2c(=O)n1Cc1ccc2c(c1)OCO2)Nc1ccccc1F,Active
O=C(NC1CC1)c1cc(NCc2cnc(Nc3ccccn3)s2)c(F)cc1F,Inactive
CCN1CCN(c2ccc(Nc3nccc(-c4sc(NS(=O)(=O)CC)nc4-c4ccc(F)cc4)n3)cc2)CC1,Active
CCOc1ccccc1NC(=O)/C=C/c1ccccc1,Inactive
C#Cc1cccc(Nc2ncnc3cc(OC4CCOCC4)c(NC(=O)/C=C/CN(C)C)cc23)c1,Active
CN(C)C(=O)N[C@@H]1CCCN(c2cnc(C(N)=O)c(Nc3ccc(C4CCN(S(C)(=O)=O)CC4)cc3)n2)C1,Inactive
C=CC(=O)N1CCC(Nc2cc3c(Nc4cccc(C(C)=O)c4)ncnc3cc2OC)CC1,Active
O=C(O)c1ccccc1-c1nnc(Cc2nc3ccccc3[nH]2)o1,Inactive
COc1ccc(NC(=O)Nc2ccc(Nc3ncnc4cc(OC)c(OC)cc34)cc2)cc1,Inactive
C#Cc1cccc(Nc2ncnc3cc(OCCOC(=O)C(C)c4ccc5cc(OC)ccc5c4)c(OCCOC)cc23)c1,Active
C=CC(=O)Nc1cccc(Oc2nc(Nc3ccccc3)ncc2F)c1,Active
C=CC(=O)NCCCSc1nc(-c2ccc(F)cc2)c(-c2ccnc(Nc3ccccc3)c2)[nH]1,Active
NC(=S)N1N=C(c2ccc(Cl)c(Cl)c2)CC1c1cccc2ccccc12,Active
CCOc1ccc(-c2nc3ccccn3c2-c2ccnc(Nc3ccc(N4CCC(CCS(C)(=O)=O)CC4)cc3OC)n2)cc1C(=O)Nc1c(F)cccc1F,Inactive
O=C(/C=C/CN1CCCOCC1)N1CCc2c(sc3ncnc(Nc4ccc(F)c(Cl)c4)c23)C1,Active
C[C@H](Nc1nccc(-c2c(-c3cccc(C(F)(F)F)c3)nc(C3CCNCC3)n2C)n1)c1ccccc1,Inactive
O=C(O)[C@H]1O[C@@H]1C(=O)Nc1ccc2ncnc(Nc3cccc(Br)c3)c2c1,Active
C=CC(=O)N1CCC[C@@H](n2nc(-c3ccc(Oc4ccc5cn(C)nc5c4)c(C)c3)c3c(N)ncnc32)C1,Inactive
C=C1CC(c2ccccc2)(C(Br)c2ccccc2)OC1=O,Inactive
CNC(=O)c1c(SSc2[nH]c3ccccc3c2C(=O)NC)[nH]c2ccccc12,Inactive
Cc1ccc2c(c1)cc(C1C(C#N)=C(N)N(c3cccnc3)C3=C1C(=O)CCC3)c1nnnn12,Inactive
C=CC(=O)Nc1cc(Nc2nccc(-c3cn(C)c4c(C(=O)OC)cccc34)n2)c(OC)cc1N(C)CCN(C)C,Active
CCS(=O)(=O)n1cc2c3cc(ccc31)OCCCCCOc1cc(ccc1N1CCOCC1)Nc1ncc(Cl)c-2n1,Inactive
COc1cc2c(cc1OC)Oc1ncnc(Nc3cccc(Br)c3)c1NC2,Active
Cc1ncsc1[C@H](Nc1cc(Cl)c2ncc(C#N)c(NCC(C)(C)C)c2c1)C1=CN(C2(C(F)F)CC2)NN1,Active
COc1cc2c(cc1OC)Oc1ncnc(Nc3ccc(F)cc3Cl)c1NC2,Inactive
C=CC(=O)Nc1cccc(-c2c[nH]c3ncnc(Nc4ccc(CN5C(=O)c6ccccc6C5=O)cc4)c23)c1,Active
C=CC(=O)Nc1cc2c(Nc3ccc(Br)cc3F)ncnc2cc1OCCNC(=O)CCCN(C)C,Active
C=CC(=O)Nc1cccc(Nc2nc(Nc3ccc(NC4CN(C(=O)OC(C)(C)C)C4)cc3OC)ncc2C(F)(F)F)c1,Active
CCC(=O)Nc1ccc2c(c1)N(Cc1ccccc1)C(=O)c1cc(-c3ccc4[nH]ccc4c3)ccc1N2,Inactive
C[C@@H](Nc1ncnc2[nH]c(-c3ccc(F)cc3)cc12)c1ccc(F)cc1,Active
COCCOc1cc2ncnc(Nc3cccc(O)c3)c2cc1OCCOC,Active
Oc1ccc(Nc2ncnc3ccc(NC(=S)NCc4ccccc4)cc23)cc1,Active
O=C(Nc1ccc(Br)cc1)Nc1ncnc2nn3ccccc3c12,Inactive
Cc1nc(C)c([C@H](Nc2cc(Cl)c3ncc(C#N)c(Nc4ccc(F)c(Cl)c4)c3c2)C2=CN(C3CCN(C(C)(C)C)CC3)NN2)s1,Active
COc1cc2c(Nc3ccc(Cl)c(Cl)c3)ncnc2cc1OCCC1CN(C)C(C)(C)CO1,Active
CN(C)C/C=C/C(=O)N1CCC[C@@H](n2nc(C(=O)Nc3nc4cc(-c5cccs5)ccc4o3)c3c(N)ncnc32)C1,Active
CCC(=O)Nc1cccc(-c2c(-c3ccccc3)[nH]c3ncnc(OC)c23)c1,Active
CC(C)N1CC2(CN(c3ccc4ncnc(Nc5cccc(Cl)c5F)c4c3)C(=O)O2)C1,Active
CC(C)n1cc(C(=O)Nc2cc(F)c(-c3c[nH]c4ncnc(N)c34)cc2F)c(=O)c(-c2ccc(F)cc2)c1,Inactive
CCN1CCCCC1c1nc(COc2cc3ncnc(Nc4ccc(Cl)c(Cl)c4)c3cc2OC)cs1,Active
N#C/C(=C/c1ccc(O)c(O)c1)C(=O)Nc1ccccc1Cl,Inactive
Cc1ccc2ccc(-c3nn(C(C)C)c4ncnc(N)c34)cc2n1,Inactive
CC(C)c1ccc(NC(=O)/C=C/c2ccccc2)cc1,Inactive
Cc1ccc(C(=O)NS(=O)(=O)c2ccccc2)c(Cl)n1,Inactive
COc1ccc(/C=C/C(=O)c2ccc(NC(=O)c3cc4cc5ccccc5nc4s3)cc2)cc1OC,Inactive
C=CC(=O)Nc1cc(Nc2nccc(Nc3ccccc3P(C)(C)=O)n2)c(OC)cc1N(C)CCN(C)C,Active
C=CC(=O)Nc1ccc2ncnc(Cc3ccc(CN(C)C)c(Br)c3)c2c1,Active
c1ccc(C(c2ccccc2)c2nnc(Cc3nc4ccccc4[nH]3)o2)cc1,Inactive
NC(=O)c1c(-c2ccc(Oc3cccc(C(F)(F)F)n3)cc2)nn(C2CCCN(C(=O)/C=C/C(F)F)C2)c1N,Inactive
O=C(Nc1ccc2ncnc(Nc3cccc(Cl)c3)c2c1)C1CCC2(CC1)OOC1(O2)C2CC3CC(C2)CC1C3,Inactive
COc1cc2c(Nc3ccc(Br)c(Cl)c3F)ncnc2cc1OC[C@H]1CN2CCOCC2CO1,Active
OCCn1ccc2ncnc(Nc3ccc(Oc4cccc5sncc45)c(Cl)c3)c21,Active
C=COC(=O)N(C)/N=N/c1ccc2ncnc(Nc3cccc(Cl)c3)c2c1,Active
Cc1ccc(S(=O)(=O)O)cc1.O=S(=O)(CCNCc1ccc(-c2ccc3ncnc(Nc4ccc(OCc5cccc(F)c5)c(Cl)c4)c3c2)o1)CC(F)(F)F,Active
COc1cc(N(C)CCN(C)C)c(NC(=O)/C=C\C(C)C)cc1Nc1nccc(-c2cn(C)c3ccc(F)cc23)n1,Inactive
COc1cc2ncnc(Nc3ccc(F)c(Cl)c3)c2cc1OCCCCCC(=O)NO,Active
O=C(Nc1cccc(Oc2cc(Nc3ccc(OCc4cccc(F)c4)c(Cl)c3)ncn2)c1)c1ccc([N+](=O)[O-])cc1,Inactive
COc1cc(Nc2c(C#N)cnc3cc4[nH]c(NCCN5CCOCC5)nc4cc23)cc(OC)c1OC,Inactive
Cc1c(COc2cc(OCc3cccc(C#N)c3)c(CNC(C)(C)C(=O)O)cc2Cl)cccc1-c1ccccc1,Inactive
COc1cc(N2CCC(N3CCC[C@H](O)C3)CC2)ccc1Nc1nccc(-c2c(-c3ccc(OC)c(C(=O)Nc4c(F)cccc4F)c3)nc3ccccn23)n1,Inactive
C=CC(=O)Nc1ccc(OC)c(Nc2nccc(-c3c[nH]nc3-c3cccc(OC)c3)n2)c1,Inactive
CN1CCC(c2ccc(-c3ccc4c(c3)C(=O)N(C(C(=O)Nc3nccs3)c3cc(F)ccc3O)C4)cc2)CC1,Active
CN1CCN(c2ccc(Nc3ncc(Br)c(Nc4ccc5cn[nH]c5c4)n3)cc2)CC1,Active
COc1cc2c(Nc3ccc(Cl)c(Cl)c3)ncnc2cc1OCC1CC1,Active
Cc1cc(C(=O)N2CCOCC2)[nH]c1/C=C1\C(=O)Nc2ncnc(N3CCCCC3)c21,Inactive
Brc1cccc(Nc2ncnc3cnc(NCCCn4ccnc4)cc23)c1,Active
CC(=O)N1CCC[C@@H]1C#Cc1cc2ncnc(Nc3ccc(OCc4cccc(F)c4)c(Cl)c3)c2s1,Active
COc1cc(Nc2ncnc3cc(-c4ccccc4)sc23)cc(OC)c1OC,Active
C=CC(=O)Nc1cc2c(Nc3ccc(F)c(Cl)c3)ncnc2cc1OCc1cn(CCCN2CCOCC2)nn1,Active
NC(=S)N/N=C(/C=C/c1ccccc1Br)c1ccccc1,Inactive
OCCn1ccc2ncnc(Nc3ccc(Oc4cccc5[nH]ncc45)c(Cl)c3)c21,Active
C=CC(=O)Nc1cccc(Oc2nc(Nc3n[nH]c4ccccc34)cc(N3CCN(C(C)=O)CC3)n2)c1,Inactive
O=C(CC1C(S)=Nc2ccccc21)NCc1ccccc1,Inactive
C[C@H](Nc1ncnc2sc(Br)cc12)c1ccccc1,Inactive
C=CC(=O)Nc1cc(Nc2nccc(-c3cnc4c(ccn4C)c3)n2)c(OC)cc1N(C)CCN(C)C,Active
CC(C)N1C=C([C@@H](Nc2cc(Cl)c3ncc(C#N)c(Nc4ccc(F)c(Cl)c4)c3c2)c2ccc(Cl)nc2Cl)NN1,Active
C#Cc1cc(O)cc(Nc2ncnc3cc(OCCOC)c(OCCOC)cc23)c1,Inactive
C=CC(=O)Nc1cccc(Nc2nc(Nc3ccc(N4CCN(C(=O)CCCCCC(=O)Nc5cccc6c5C(=O)N(C5CCC(=O)NC5=O)C6=O)CC4)cc3OC)ncc2C(F)(F)F)c1,Active
CN1CCN(c2ccc(Nc3ncc(Br)c(Nc4ccc5ccn(C)c5c4)n3)cc2)CC1,Active
CC(C)N(CCC(=O)c1ccc2ccccc2c1)Cc1ccccc1.Cl,Inactive
COc1nccc2c([C@H](Nc3cc(C#N)c4ncc(C#N)c(NCC(C)(C)C)c4c3)C3=CN(C4(C5CC5)CC4)NN3)cccc12,Active
COc1ccc(-c2c(NC(=O)/C=C/[C@H]3CCCN3C)ccc3ncnc(Nc4ccc(OCc5ccccn5)c(Cl)c4)c23)cc1OC,Active
NC(=S)N1N=C(c2ccc(Br)c(Br)c2)CC1c1ccc([N+](=O)[O-])cc1,Inactive
CCC/C=C\C(=O)Nc1cc(Nc2ncc(C#N)c(-c3cn(C)c4ccccc34)n2)c(OC)cc1N(C)CCN(C)C,Active
CNC(=O)c1cc(Oc2ccc(C3=NNC(c4cccc(Br)c4)C3)cc2)ccn1,Inactive
Cc1ccc(N2NC(=O)/C(=C/c3ccc(OCc4ccccc4)cc3)C2=O)cc1Cl,Inactive
CCOc1cc2ncc(C#N)c(Nc3ccc(O[C@@H]4CCc5ccccc54)c(Cl)c3)c2cc1NC(=O)/C=C/CN(C)C,Active
CC(C)(C)CNc1c(C#N)cnc2c(C#N)cc(N[C@H](C3=CN(C4CC4)NN3)c3csc4c3CCN(C3COC3)C4)cc12,Active
COc1cc(N2CCN(C)CC2)ccc1Nc1nccc(-n2ccnc2-c2ccc(F)cc2)n1,Active
O=C(/C=C/c1ccc(Cl)cc1)Nc1ccc2ncnc(Nc3cccc(Br)c3)c2c1,Inactive
C=CC(=O)NC1(C2CCNc3c(C(N)=O)c(-c4ccc(Oc5ccccc5)cc4)nn32)CC1,Active
CN(C)Cc1cccc(-c2cc(C(=O)/N=c3\[nH]c4ccccc4n3[C@H]3CC[C@@H](O)CC3)ccn2)c1,Inactive
C=CC(=O)Nc1cccc(-n2c(=O)c(C)nc3cnc(Nc4ccc(OC)cc4)nc32)c1,Active
C=CC(=O)Nc1cccc(-c2c(-c3ccccc3)oc3ncnc(NCCOC)c23)c1,Active
CCOc1cc2ncc(C#N)c(Nc3ccc(OCc4ccc(OCc5ccccc5)cc4)c(Cl)c3)c2cc1NC(=O)/C=C/CN(C)C,Active
COc1ccc(C2=NN(C(=O)c3ccc(Cl)cc3O)C(c3ccc(Cl)cc3)C2)cc1,Inactive
CC(C)n1nc(-c2cc(F)c(O)cc2F)c2c(N)ncnc21,Inactive
Nc1ccc2c(NCc3ccccc3)ncnc2c1,Inactive
COc1cc(N2CCC3(CC2)CN(C)C3)c(C)cc1Nc1ncc(C#N)c(Nc2ccc3ccccc3c2P(C)(C)=O)n1,Active
C#Cc1cccc(Nc2ncnc3ccc(NC(C)=O)cc23)c1,Active
COc1cc2c(cc1Cl)C(c1cccc(Cl)c1)=NCC2,Inactive
CC(C)NC(=O)c1ccc(S(=O)(=O)Oc2ccc(/C=C/[N+](=O)[O-])cc2)cc1,Inactive
Cc1ncc([N+](=O)[O-])n1CCOC(=O)/C=C/c1ccc(C(C)C)cc1,Inactive
COc1cccc(CC(=O)N2CCOC(COc3cc4ncnc(Nc5ccc(Cl)c(Cl)c5)c4cc3OC)C2)c1,Active
COc1ccccc1-c1cc2c(N[C@H](C)c3ccccc3)ncnc2s1,Active
O=C(Nc1ccccc1)c1ccc(Nc2ncnc3[nH]ccc23)cc1,Inactive
CC(C)(O)Cn1/c(=N/C(=O)c2ccnc(-c3cccnc3)c2)[nH]c2cc(CC(=O)N3CCCCC3)ccc21,Inactive
C/C=C/C(=O)Nc1cc2c(Nc3ccc(F)c(Cl)c3)c(C#N)cnc2cc1OCC,Inactive
CNN1C(=O)c2c(c3c4cccc(O)c4n(C4OC(CO)C(O)C(O)C4O)c3c3[nH]c4c(O)cccc4c23)C1=O,Inactive
Cn1nc(-c2ccc3occc(=O)c3c2)c2c(N)ncnc21,Inactive
C=CC(=O)Nc1cc2c(Nc3ccc(OCc4ccccn4)cc3)ncnc2cc1O[C@H]1CCOC1,Active
COC1CCN(c2nccc(Nc3cc4c(cn3)nc(COCCOCCOCCOCC(=O)N[C@H](C(=O)N3C[C@@H](O)C[C@@H]3C(=O)N[C@@H](C)c3ccc(-c5scnc5C)cc3)C(C)(C)C)n4C(C)C)n2)CC1,Inactive
O=[N+]([O-])c1ccc2c(c1)S(=O)(=O)N=S2c1ccc(Br)cc1,Inactive
O=C(/C=C/c1ccccc1)Nc1cccc(Cl)c1,Inactive
CC(C)N1C=C([C@@H](Nc2cc(Cl)c3ncc(C#N)c(Nc4ccc(F)c(Cl)c4)c3c2)c2cocn2)NN1,Active
COc1cc2c(Nc3ccc(NC(=O)Nc4ccc(C)cc4)cc3)ncnc2cc1OCc1ccccc1,Inactive
CCN(CC)CCCCNc1ncc2cc(-c3cc(OC)cc(OC)c3)c(NC(=O)NC(C)(C)C)nc2n1,Inactive
Cc1oc2ncnc(Nc3cccc(Cl)c3)c2c1C(=O)NCCO,Inactive
COc1cc(N2CCN(S(C)(=O)=O)CC2)ccc1Nc1nccc(-c2c(-c3cccc(C(=O)Nc4c(F)cccc4F)c3)nc3ccccn23)n1,Inactive
Cc1ccc(/C=C2/C(=O)Nc3ccccc32)o1,Inactive
CN(C)c1ccnc(Nc2ccc(-c3nc4ccccc4s3)cc2)n1,Inactive
Cc1ccc(C2CC(c3ccc(Br)cc3)=NN2c2nc(-c3ccccc3)cs2)cc1,Inactive
CC(C)n1nc(-c2ccc(C#N)c(O)c2)c2c(N)ncnc21,Inactive
CN(C)Cc1ccc2c(c1)[nH]/c(=N\C(=O)c1ccnc(-c3cnn(C)c3)c1)n2CC(C)(C)O,Inactive
COc1cc(N2CCN(S(C)(=O)=O)CC2)c(C)cc1Nc1nccc(-c2c(-c3cccc(C(=O)Nc4c(F)cccc4F)c3)nc3ccccn23)n1,Inactive
CCCC(=O)N1CC[C@H](N2C(=O)N(c3ccccc3Cl)Cc3cnc(Nc4ccc(N5CCN(C)CC5)c(C)c4)nc32)C1,Active
CC1=C(C(=O)Nc2cccc([N+](=O)[O-])c2)C(c2ccc(O)cc2O)NC(NN2C(=O)/C(=C\c3ccccc3)SC2=S)=N1,Inactive
C=CC(=O)Nc1cc(Nc2nccc(-c3cn(C)c4ccccc34)n2)c(OC)cc1N(C)CCN(C)C,Inactive
C=CC(=O)Nc1cc(Nc2ncc3ncn(-c4ccc(C(C)C)cc4)c3n2)c(OC)cc1N(C)CCN(C)C,Active
N#C/C(=C\c1ccc(O)c(O)c1)C(=O)NCCNC(=O)/C(C#N)=C/c1ccc(O)c(O)c1,Inactive
C=CC(=O)Nc1cc(-c2c(-c3ccccc3)oc3ncnc(NC4CCCC4)c23)ccc1OCCN(C)C,Active
Fc1cccc(COc2ccc(Nc3ncnc4sc5c(c34)CCCC5)cc2Cl)c1,Active
CCOc1ccc(C2=NN(C(C)=O)C(c3ccc(C(=O)OC(C)Cn4c([N+](=O)[O-])cnc4C)cc3)C2)cc1,Inactive
CSc1ccc(/C=C2/C(C)=C(CC(=O)O)c3cc(F)ccc32)cc1,Inactive
C=CC(=O)Nc1cc(Nc2ncc(-c3cnn(C)c3)c(-c3cn4c5c(cccc35)CCC4)n2)c(OC)cc1N(C)CCN(C)C,Active
COc1cc(N2CCC(OC)CC2)ccc1Nc1nccc(-c2c(-c3ccc(OC)c(C(=O)Nc4c(F)cccc4F)c3)nc3ccccn23)n1,Inactive
C=CC(=O)Nc1ccccc1Nc1nc(Nc2ccc(CN3CCOCC3)cc2)ncc1Cl,Active
COc1cc(N2CCC(N3CCN(C)CC3)CC2)c(C)cc1Nc1nccc(-n2cc(CNC(CO)C(C)C)c(-c3ccccc3)n2)n1,Active
CC#CC(=O)N1CCC[C@H]1c1nc(-c2ccc(C(=O)Nc3ccc(C)cn3)c(OC)c2)c2c(N)nccn12,Inactive
N#Cc1ccc2c(c1)C(c1ccccc1F)=Nc1c[nH]nc1N2,Inactive
CN1CCN(CCOc2cc(OC3CCOCC3)c3c(Nc4c(Cl)ccc5c4OCO5)ncnc3c2)CC1,Inactive
COCCOc1cc2ncnc(Nc3ccc(NC(=O)/C=C/CN(C)C)c(C(F)(F)F)c3)c2cc1NC(=O)/C=C/CN(C)C,Active
COc1ccc2c(c1)CNc1c(Nc3cccc(Br)c3)ncnc1O2,Inactive
CCN1CCN(CCCC#Cc2c(C)ncnc2Nc2ccc(OCc3cccc(F)c3)c(Cl)c2)CC1,Active
COc1cc(N2CCN(C)CC2)ccc1Nc1ncc(Cl)c(Oc2cccc(NC(=O)/C(C#N)=C/C3CCCC3)c2)n1,Inactive
CCN(CC)CCn1ncc2cc(Nc3nccc(-c4cn(S(=O)(=O)CC)c5ccccc45)n3)ccc21,Active
C=CC(=O)Nc1cc(Nc2nccc(Nc3ccccc3-c3ccn(C)n3)n2)c(OC)cc1N1CCOCC1,Inactive
N#CC1=C(N)N(c2cccnc2)C2=C(C(=O)CCC2)C1c1cc2cc(Cl)ccc2n2nnnc12,Inactive
C=CC(=O)N1CCC(Oc2cc3c(Nc4ccc(Cl)c(Cl)c4F)ncnc3cc2OC[C@@H]2CCCN2C)CC1,Active
CC(C)c1cc(/C=C2\C(=O)Nc3ccc(Cl)cc32)cc(C(C)C)c1O,Inactive
C=CC(=O)Nc1cc(Nc2nccc(Nc3cn(C)c4ccccc34)n2)c(OC)cc1N(C)CCN(C)Cc1ccccc1,Active
COc1cc(Nc2c(C#N)cnc3cc4c(cc23)ncn4CCN2CCOCC2)c(Br)cc1Cl,Inactive
CN(C)C(=O)N1CCC(c2nc(-c3cc4ccccc4[nH]3)c3c(N)nccn23)CC1,Inactive
CN(C)CCOc1cccc(Nc2nccc(-c3c(-c4cccc(C(=O)Nc5c(F)cccc5F)c4)nc4ccccn34)n2)c1,Active
COc1ccccc1C(=O)NCc1ccc(-c2nn([C@@H]3CC[C@H](O)C3)c3ncnc(N)c23)cc1,Active
C=CC(=O)Nc1cccc(-n2c(=O)n(CCCc3ccccc3)c(=O)c3cnc(Nc4ccc(N5CCC(N(C)C)CC5)cc4OC)nc32)c1,Active
CC(C)(C)CNc1c(C#N)cnc2c(Cl)cc(N[C@H](C3=CN(C45CC(C4)C5)NN3)c3ccc(F)c4ncccc34)cc12,Active
C=CC(=O)Nc1ccc(F)c(-c2cccc3cnc(Nc4ccc(N5CCN(C)CC5)cc4)nc23)c1,Active
C=CC(=O)Nc1cccc(Nc2nc(Nc3ccc(OCC4CCN(C)CC4)cc3)ncc2F)c1,Active
O=C(CCc1c(SSc2[nH]c3ccccc3c2CCC(=O)Nc2ccccc2)[nH]c2ccccc12)Nc1ccccc1,Inactive
COc1cc2c(Nc3ccc(S(=O)(=O)c4ccccc4)cc3)ncnc2cc1OCC1CCN(C)CC1,Active
CCC/C=C/C(=O)Nc1cc2c(N3CCCc4ccccc43)ncnc2cc1OC,Active
CN1Cc2cc(COc3cccc(-c4n[nH]cc4-c4ccncc4)c3)ccc2C1=O,Inactive
CCOc1cc2ncnc(Nc3ccc(Oc4ccc(C)nc4)c(Cl)c3)c2cc1NC(=O)/C(F)=C/CN1CCCCC1,Active
Clc1ccc(-c2ccc(-c3nccn3-c3ccc(N4CCNCC4)cc3)o2)cc1,Inactive
COc1cc2ncc(C#N)c(Nc3ccc(Br)cc3)c2cc1OC,Inactive
Nc1ncnc2c1c(-c1ccccc1)cn2-c1ccccc1CO,Inactive
O=C(O)CCC(=O)Nc1cc(Nc2ccc(Cl)cc2)ncn1,Inactive
CCc1c(C(=O)NCCc2ccc(N3CCOCC3)cc2)[nH]c2ccc(C)cc12,Active
CCCCCCCCCCCCCCCC[n+]1ccccc1.[Br-],Inactive
CS(=O)(=O)CCNCc1cc(-c2cc3ncnc(Nc4ccc(OCc5cccc(F)c5)c(Cl)c4)c3s2)cs1,Active
C/C=C/C(=O)Nc1cc(Nc2nccc(-c3cn(C)c4ccccc34)n2)c2c(cnn2CCN(C)C)c1,Inactive
C=CC(=O)Nc1cc2c(Nc3ccc(OCc4cccc(F)c4)cc3)ncnc2cc1O[C@H]1CCOC1,Active
Nc1nc(N)c2c(n1)[nH]c1cccc(Sc3ccc(Cl)cc3)c12,Inactive
COC(=O)c1c(OC)c2ccccc2c2oc3c(c12)C(=O)c1ccccc1C3=O,Inactive
O=C(CCl)OCCn1c(=O)oc2cc3ncnc(Nc4ccc(N5CCOCC5)c(Cl)c4)c3cc21,Active
O=C1CNCCN(Cc2ccn3ncnc(Nc4ccc5c(cnn5Cc5cccc(F)c5)c4)c23)C1,Active
C=CC(=O)N1CCC(Oc2cc3c(Nc4ccc(Cl)c(Cl)c4F)ncnc3cc2O[C@H](C)CC)CC1,Active
Cc1ccc(/C=C/C(=O)OCCn2c([N+](=O)[O-])cnc2C)cc1,Inactive
Cc1cc(C)c(C)c(-c2cc3cnc(NCCCN4CCN(C)CC4)nc3nc2NC(=O)NC(C)(C)C)c1C,Inactive
CC(C)(C)CNc1c(C#N)cnc2c(C#N)cc(N[C@H](C3=CN(C4(C5CC5)CC4)NN3)c3cccc4ncccc34)cc12,Active
COc1ccc(-c2c3c([nH]c(=O)c2C#N)-c2ccc(OC)cc2CC3)cc1,Active
NC(=O)c1nnc(N2CCC[C@@H](NC(=O)Nc3ccccc3)C2)nc1Nc1ccc(C(=O)N2CCOCC2)cc1,Inactive
Cc1ncnc(Nc2ccc(OCc3cccc(F)c3)c(Cl)c2)c1C#CCCN1CCOCC1,Active
Cn1ccc2c([C@H](Nc3cc(Cl)c4ncc(C#N)c(NCC(C)(C)C)c4c3)C3=CN(C4(C)COC4)NN3)cccc2c1=O,Active
CC1C/C(=C\c2ccc3c(c2)CCO3)C(=O)O1,Inactive
CN1CCN(c2ccc(Nc3ncc(C(F)(F)F)c(Nc4ccc5[nH]ccc5c4)n3)cc2)CC1,Active
CCCCC(=Cc1coc2nc(=N)[nH]c(N)c12)c1ccccc1OC,Inactive
COc1cc2c(Nc3ccc(Cl)cc3F)ncnc2cc1OCC1CCNCC1.Cl,Active
C#Cc1cccc(Nc2ncnc3sc(-c4ccc(CO)cc4OC)cc23)c1,Active
O=C(/C=C/c1ccccc1)Nc1ccccc1Cl,Inactive
Cn1cc(-c2ccc3c(Nc4cccc(NC(=O)Nc5cccc(F)c5)c4)ncnc3c2)cn1,Inactive
COc1cccc(-c2ccc3c(c2)NC(=O)/C3=C\c2[nH]c3c(c2CCC(=O)O)CCCC3)c1,Inactive
C=CC(=O)Nc1cccc(N2C(=O)N(C)Cc3cnc(Nc4ccc(N5CCN(C)CC5)cc4OC(C)C)nc32)c1,Active
C=CC(=O)Nc1ccc(-c2c(-c3ccccc3)oc3ncnc(N[C@H](CO)c4ccccc4)c23)cc1,Inactive
COc1ccc2c(c1)NC(=O)/C2=C\c1cc2c([nH]1)CCCC2,Inactive
CCC(=O)Nc1ccccc1-c1nc(Nc2cc[nH]n2)c2ccccc2n1,Inactive
C=CC(=O)N1CCC[C@@H](Sc2nc(Nc3cccc(OC)c3)ncc2F)C1,Inactive
CO[C@H]1[C@@H](N(C)C(=O)c2cccc([N+](=O)[O-])c2)C[C@@H]2O[C@@]1(C)n1c3ccccc3c3c4c(c5c6ccccc6n2c5c31)C(=O)NC4,Inactive
CCOC(=O)Nc1cc(Nc2ncnc3cc(OC)c(OC)cc23)ccc1C.Cl,Inactive
c1ccc(CCNc2ncnc3ccccc23)cc1,Inactive
C=CC(=O)Nc1cc2c(Nc3ccc(Br)c(Cl)c3F)ncnc2cc1OCCNC(=O)CCN1CCCCC1,Active
COc1cc2c(Nc3ccc(NC(=O)Nc4ccc(Cl)cc4)cc3)ncnc2cc1OCc1ccccc1,Inactive
C=CC(=O)Nc1cc2c(Nc3ccc(Br)cc3F)ncnc2cc1OCCCNC(C)=O,Active
CCOc1cc2ncnc(Nc3ccc(OCc4ccccn4)c(Cl)c3)c2cc1NC(=O)/C(F)=C/CN(C)C,Active
N#CCC[C@@H](Nc1c(C#N)cnc2c(Cl)cc(N[C@@H](C3=CN(C4CC4)NN3)c3ccc(F)nc3)cc12)c1ccccc1,Active
COc1ccc(-c2nn(C[C@@H](C)CO)c3ncnc(N)c23)cc1OC,Inactive
Cn1cc(-c2ccnc(Nc3cccc(OCCCCn4cnc([N+](=O)[O-])c4)c3)n2)c2ccccc21,Inactive
COc1cccc(Nc2nc(NC(=O)C(C)(C)C)nc3[nH]c4cccc(Cl)c4c23)c1,Inactive
COc1cc2ncnc(Nc3ccc(N4CCOCC4)cc3)c2cc1OC.Cl,Inactive
C=C(CN1CCOCC1)C(=O)Nc1ccc2ncc(C#N)c(Nc3ccc(F)c(Cl)c3)c2c1,Inactive
CN(c1ccccc1)c1ncnc2ccccc12,Inactive
C=CC(=O)N1CCC([C@@H]2CCNc3c(C(N)=O)c(-c4cc(OC)c(Br)c(OC)c4)nn32)CC1,Inactive
CCOc1cc(-c2nn(C(C)C)c3ncnc(N)c23)ccc1OC,Inactive
C=CC(=O)Nc1ccc(Nc2nc(Nc3cncc(OC)c3)ncc2C(F)(F)F)cc1,Active
C=CC(=O)Nc1cc(Nc2ncc(C(=O)OC(C)C)c(-c3cn(C)c4ccccc34)n2)c(OC)cc1N(C)CCNC,Active
C#CCOc1cc2c(Nc3ccc(F)c(Cl)c3)ncnc2cc1OC,Active
C=CC(=O)Nc1cc(Nc2nccc(-c3cnc4c(ccn4C)c3)n2)c(OC)cc1OCCN(C)C,Active
C=CC(=O)Nc1cccc(Nc2nc(Nc3cccc(OCC(O)CO)c3)ncc2F)c1,Active
CN1CCN([C@@H]2CCCN(c3cnc(C(N)=O)c(Nc4ccc(C5(C)CCN(C6CC6)CC5)cc4)n3)C2)C1=O,Inactive
COc1ccc(F)cc1C(=O)NCc1ccc(-c2nn([C@H]3C=C[C@H](O)C3)c3ncnc(N)c23)cc1,Inactive
C#Cc1cccc(Nc2ncnc3cc(OCC)c4c(c23)OCCO4)c1,Active
N#CC(C#N)=Cc1ccc(C(=O)O)cc1,Inactive
COc1cnc(Nc2ccc3c(cnn3CCN(C)C)c2)nc1-c1cn(C)c2ccccc12,Active
Nc1scc2c1c(NCCO)nc1ncnc(N)c12,Inactive
N#CC(C#N)=Cc1cc(O)cc(O)c1,Inactive
O=C(/C=C/CN1CCCCC1)N1CCOc2cc3ncnc(Nc4ccc(OCc5cccc(F)c5)c(Cl)c4)c3cc21,Active
COc1cc2ncnc3c2cc1OCCOCCOc1ccc(Cl)cc1N3,Inactive
COc1cc(C2=C(c3c[nH]c4ccc(F)cc34)C(=O)NC2=O)cc(OC)c1OC,Inactive
CCO/N=C(\C)c1ccc2c(c1)c1c3c(c4c(c1n2C(C)C)CCc1nn(C)cc1-4)C(=O)NC3,Inactive
CCN(CC)C(=O)N[C@@H]1CCCN(c2cnc(C(N)=O)c(Nc3ccc(C4CCN(C)CC4)cc3)n2)C1,Inactive
C=CC(=O)Nc1ccc(-n2c(=O)cnc3cnc(Nc4ccc(Cl)cc4)nc32)cc1,Inactive
C=CC(=O)N1CCC(Nc2cncc(-c3cnc(Nc4cccc(Cl)c4)nc3)c2)CC1C,Inactive
COc1cc2c(Nc3cc(F)cc(F)c3)ncnc2cc1O[C@@H]1CO[C@@H]2[C@H]1OC[C@H]2F,Active
CCOC(C)Oc1cc2ncnc(Nc3ccc(F)c(C#N)c3)c2c2c1OCCO2,Active
N#C/C(=C\c1ccc(O)c(O)c1)C(=O)NCCCCCNC(=O)/C(C#N)=C/c1ccc(O)c(O)c1,Inactive
COc1ccc(NC(=O)/C=C/CN(C)C)cc1Nc1ncc([S+](C)[O-])c(-c2cnn3ccccc23)n1,Inactive
COc1cc2ncc(C#N)c(N[C@@H]3C[C@H]3c3ccccc3)c2cc1OCCN1CCOCC1,Active
COc1cc2ncc(C#N)c(Nc3cccc(Br)c3)c2cc1NC(=O)C#CCN(C)C,Inactive
O=C(Nc1cccc(Nc2ccnc(Nc3cccc(C(F)(F)F)c3)n2)c1)C1CC1,Inactive
C=CC(=O)Nc1cc(Nc2nccc(-c3cc4c5c(c3)nc(OC)n5CCC4)n2)c(OC)cc1N(C)CCN(C)C,Active
CCOC(=O)c1cnc(Nc2ccc(N3CCN(C)CC3)cc2OC)nc1-c1cn(C)c2ccccc12,Active
Cn1c(=O)c(-c2c(Cl)cccc2Cl)cc2cnc(NCCCCCC(=O)O)nc21,Inactive
COc1cc2ncnc(N3CCN(/C(S)=N\Cc4ccccc4)CC3)c2cc1OC,Inactive
Cc1ccc(C(=O)NS(=O)(=O)c2ccc(Cl)cc2)c(Cl)n1,Inactive
CCOc1cc2ncnc(NC3=CC(=O)C(OCc4ccccn4)=CC3=O)c2cc1NC(=O)/C=C/CN(C)C,Active
COc1ccccc1C(=O)NCc1ccc(-c2nn(C3CCOCC3)c3ncnc(N)c23)cc1,Active
COc1cc2ncnc(Nc3ccc(-c4nc5ccccc5s4)cc3O)c2cc1OCCCN1CCN(C)CC1,Active
CCOC(=O)C1=C(N)N(c2cccnc2)C2=C(C(=O)CCC2)C1c1cc2cc(Cl)ccc2n2nnnc12,Inactive
N#Cc1c(-c2ccc(Cl)cc2Cl)cc(-c2c[nH]c3ccccc23)[nH]c1=O,Active
CN(C)C/C=C/C(=O)Nc1cc2c(Nc3ccc(Cl)c(C(F)(F)F)c3)ncnc2cc1O[C@H]1CCOC1,Inactive
Cc1ncc([N+](=O)[O-])n1CCOC(=O)/C=C/c1ccc(OCc2ccccc2)cc1,Inactive
COCCN(CCOC)S(=O)(=O)c1ccc(Nc2nc3ncnc(Nc4ccc(F)c(Cl)c4)c3s2)cc1,Active
CCOc1cc2ncc(C#N)c(Nc3ccc(OCc4ccccn4)c(Cl)c3)c2cc1NC(=O)/C=C/[C@@H]1CCCN1,Active
COc1ccccc1/C=C/C(=O)Nc1ccc2ncnc(Nc3cccc(Br)c3)c2c1,Inactive
COc1cccc(Nc2nc(N)nc3c2-c2ccccc2C3)c1,Inactive
OCc1ccc(-c2ccc3ncnc(Nc4ccc(OCc5cccc(F)c5)c(Cl)c4)c3c2)o1,Active
CCN(C)C(=O)O[C@H]1CN[C@H](C#Cc2cc3ncnc(Nc4ccc(OCc5cccc(F)c5)c(Cl)c4)c3s2)C1,Active
COc1cc2c(cc1OC)Sc1ncnc(N(C)c3cccc(Br)c3)c1NC2,Inactive
COc1ccccc1Cc1nc2ccc(-c3nn([C@H]4CC[C@H](N5CCNCC5)CC4)c4ncnc(N)c34)cc2[nH]1,Active
CCNC(=O)O[C@@H]1CN[C@H](C#Cc2cc3ncnc(Nc4ccc(OCc5cccc(F)c5)c(Cl)c4)c3s2)C1,Active
N#CC(C#N)=CNc1ccc(O)cc1,Inactive
COc1ccc(N(C)c2nc(N)nc3c(Cc4ccccc4)c[nH]c23)cc1,Active
CCN1CCN(Cc2ccc(C(=O)N[C@@H]3[C@H]4Oc5ccc(Oc6ccnc7c6CCC(=O)N7)cc5[C@@H]34)cc2OC(F)(F)F)CC1,Active
C=CC(=O)N1CCCc2[nH]c3c(C(N)=O)c(-c4ccc(Oc5ccccc5)cc4)nn3c2C1,Active
O=c1[nH]c2ccccc2nc1/C=C/c1ccccn1,Inactive
CN1Cc2cccc([C@H](Nc3cc(C#N)c4ncc(C#N)c(NCC(C)(C)C)c4c3)C3=CN(C4CC4)NN3)c2C1=O,Active
COc1cc2c(Nc3ccc(F)c(Cl)c3)ncnc2cc1OCCCCCn1ccnc1[N+](=O)[O-],Active
CCS(=O)(=O)NNC(=O)CSc1nc2ccccc2c(=O)n1Cc1ccc2c(c1)OCO2,Active
CCC(=O)N1CCC[C@@H](n2nc(-c3ccc(F)cc3)c3c(N)ncnc32)C1,Inactive
C=CC(=O)Nc1cccc(Nc2nc3c(c(Nc4cnn(CCOC)c4)n2)C(=O)NC3)c1,Inactive
O=C(CCCCn1cc(-c2ccc3ncnc(Nc4ccccc4F)c3c2)nn1)NO,Active
COc1cc2ncnc(Nc3cccc(Cl)c3F)c2cc1CN1C[C@H](OC)C[C@@H]1C(N)=O,Active
O=C(CCCN1CCCCC1)Nc1ccc2ncnc(Nc3cccc(Br)c3)c2c1,Active
COc1cc(N2CCC(N(C)C)CC2)ccc1Nc1ncc(C(=O)Oc2ccccc2)c(-c2c[nH]c3ccccc23)n1,Active
NP(=O)(OCCCOc1ccc2ncnc(Nc3cccc(Br)c3)c2c1)N(CCCl)CCCl,Active
COc1cc(Nc2c(C#N)cnc3cc(-c4ccc(CN5CCOCC5)cc4)ccc23)c(Cl)cc1Cl,Inactive
COc1cc2ncnc(Nc3ccc(F)c(Cl)c3)c2cc1OCCCN1CCOCC1,Active
O=C(NS(=O)(=O)c1ccc(Cl)cc1)c1ccc(Cl)nc1,Inactive
Brc1cc2c(Nc3cccc(OCc4ccccc4)c3)ncnc2s1,Inactive
Cc1ccc(C)c2ncc(-c3ccsc3)cc12,Inactive
CCC(=O)N1CC[C@@H](N2C(=O)N(c3ccccc3Cl)Cc3cnc(Nc4ccc(N5CCN(C)CC5)c(C)c4)nc32)C1,Active
O=C(NS(=O)(=O)c1ccc(F)cc1)c1cccnc1Cl,Inactive
O=C(Cc1ccccc1)Nc1cccc(-c2nc3n(c2-c2ccnc(Nc4ccc(N5CCOCC5)cc4)n2)CCS3)c1,Active
COc1cc(C2NCCc3c2[nH]c2ccccc32)ccc1OCc1ccc(F)cc1,Inactive
CCCc1cc(C2CCN(CCS(C)(=O)=O)CC2)ccc1Nc1nccc(-c2c(-c3cccc(C(=O)Nc4c(F)cccc4F)c3)nc3ccccn23)n1,Active
CC#CC(=O)N1CCC[C@@H]1c1nc(-c2ccc(C(=O)Nc3ccccn3)cc2)c2c(N)nccn12,Inactive
O=C(NCCO)Nc1cc2c(Nc3ccc(F)c(Cl)c3)ncnc2cc1O[C@H]1CCOC1,Active
Cc1cc(C(=O)/N=c2\[nH]c3cc(CN4CCOCC4)ccc3n2[C@H]2CCC[C@H](O)C2)cc(-c2cnn(C)c2)n1,Inactive
COc1cc2ncnc(Nc3ccc(F)c(Cl)c3)c2cc1NC(=O)/C(F)=C/CN1CCCCC1,Active
COc1ccccc1C(=O)NCc1ccc(-c2nn(C3CCC(C)(O)CC3)c3ncnc(N)c23)cc1,Active
N#Cc1c(NC(=O)c2cccc3ccccc23)sc2c1CCCC2,Inactive
Cc1nc(F)ccc1[C@H](Nc1cc(C#N)c2ncc(C#N)c(NCC(C)(C)C(F)(F)F)c2c1)C1=C(F)N(C23CC(C2)C3)NN1,Active
COc1cc(N2CCC(N3CCN(S(C)(=O)=O)CC3)CC2)ccc1Nc1nccc(-c2c(-c3cccc(C(=O)Nc4c(F)cccc4F)c3)nc3c(F)cccn23)n1,Active
Clc1cc2cc(-c3ccsc3)cnc2cc1Cl,Inactive
CCN1CCN(c2ccc(Nc3nccc(-c4c(-c5cccc(NC(=O)Cc6ccccc6)c5)nc5sccn45)n3)cc2)CC1,Active
Cn1ccnc1S(=O)(=O)CCNCc1ccc(-c2ccc3ncnc(Nc4ccc(OCc5cccc(F)c5)c(C(F)(F)F)c4)c3c2)o1,Active
COCCOc1cc2ncnc(Nc3cccc(NC(=O)C45CC6CC(CC(C6)C4)C5)c3)c2cc1OCCOC,Active
C=CC(=O)Nc1cccc(-c2cccc3cnc(Nc4ccc(N5CCN(CCF)CC5)cc4)nc23)c1F,Active
COc1cc2c(cc1OC)Nc1ncn(C)c(=O)c1C2,Inactive
COc1cc2ncnc(Oc3ccc(NC(=O)CCCc4ccsc4)cc3F)c2cc1NC(=O)CCC(C)C,Inactive
C=CC(=O)N1CCCC(Nc2nc(-c3cnn(C4CC4)c3)c3c(c2F)CNC3=O)C1,Inactive
COc1cc2c(Nc3ccc(Cl)c(Cl)c3)ncnc2cc1OCc1csc(C)n1,Active
COc1ccc(NC(=S)NC(=O)c2cn(-c3ccccc3)nc2-c2ccc(F)cc2)cc1,Inactive
Cc1ncc([N+](=O)[O-])n1C/C(=N/NC(=O)c1ccccc1)c1ccc(Br)cc1,Inactive
C=CC(=O)Nc1cc(Nc2nccc(-c3cnn(C)c3)n2)c(OC)cc1N(C)CCN(C)C,Active
C[C@@H](Nc1ncnc2[nH]c(-c3ccc(NS(C)(=O)=O)cc3)cc12)c1ccccc1,Active
Cn1cnc2cccc([C@H](Nc3cc(Cl)c4ncc(C#N)c(NCC(C)(C)C)c4c3)C3=CN(C4(C(F)F)CC4)NN3)c21,Active
C=CC(=O)N1CC(Nc2cncc(-c3cnc(Oc4cccc(Cl)c4F)nc3)c2)C1,Active
COc1cc2ncnc(N(C)c3cccc(C)c3)c2cc1OC.Cl,Inactive
C=C(F)C(=O)N1CCC[C@@H](n2nc(-c3ccc(Oc4ccc(F)cc4F)cc3)c(C(N)=O)c2N)C1,Active
C[C@@H](CF)N1C=C([C@@H](Nc2cc(Cl)c3ncc(C#N)c(Nc4cnc(F)c(F)c4)c3c2)c2cccnc2)NN1,Active
CC[C@@H](Nc1ncnc2sc3c(c12)CCN(C(=O)/C=C/CN(C)C)C3)c1ccccc1,Inactive
Cc1ccc(C2=NN(C3=NC(c4ccccc4)CS3)C(c3ccc4ccccc4c3)C2)cc1,Inactive
C=C=CCCCOc1cc2c(Nc3ccc(F)c(Cl)c3)ncnc2cc1O,Active
CCOc1cc(O)c2c(=O)cc(-c3ccccc3)oc2c1,Inactive
Cc1nc(F)ccc1[C@H](Nc1cc(C#N)c2ncc(C#N)c(NCC(C)(C)C)c2c1)C1=C(F)N(C23CC(C2)C3)NN1,Active
CCOc1ccc(-c2nn(C3CCCCC3)c3ncnc(N)c23)cc1OC,Inactive
CCOC(=O)Cc1cc(/N=C/c2cc(O)ccc2O)ccc1O,Inactive
C=CC(=O)Nc1cc2c(Nc3cccc(Br)c3)ncnc2cc1OCCCn1ccnc1,Active
O=C(/C=C/CN1CCOCC1)N1CCc2c(sc3ncnc(N[C@H](CO)c4ccccc4)c23)C1,Active
Brc1cccc(Nc2nncc3ccccc23)c1,Inactive
COc1cc2c(Oc3ccc(-c4cnc(Cc5ccccc5)n(C)c4=O)cc3F)ccnc2cc1OCCCN1CCOCC1,Inactive
COc1cc(/C=C2\CCCCC2=O)cc(OC)c1,Inactive
C=CC(=O)Nc1ccc(OC)c(Nc2cc(-c3nc(SC)n(C)c3-c3ccc(F)cc3)ccn2)c1,Inactive
CN1CCN(c2ccc(Nc3ncc([N+](=O)[O-])c(Nc4ccc5[nH]ccc5c4)n3)cc2)CC1,Active
CC(C)(C)CCOC(=O)c1cc(NCc2cc(O)ccc2O)ccc1O,Inactive
Cn1c(SSc2c(C(=O)Nc3ccccc3)c3cc(Br)ccc3n2C)c(C(=O)Nc2ccccc2)c2cc(Br)ccc21,Inactive
Fc1cccc(Nc2ncnc3cc4c(cc23)OCCO4)c1F,Active
COc1ccc(OC)c(Sc2cccc3[nH]c4nc(N)nc(N)c4c23)c1,Inactive
N#Cc1ccc(Nc2cc3c(cc2Nc2ccc(C#N)cc2)C(=O)NC3=O)cc1,Inactive
COc1cc2c(Nc3cccc(Br)c3)ncnc2cc1OCCCCCn1ccnc1[N+](=O)[O-],Active
Nc1cc2ncnc(NCc3ccccc3Br)c2cn1,Inactive
COc1cc2c(Nc3ccc(Cl)cc3Cl)ncnc2cc1O[C@@H]1CO[C@@H]2[C@H]1OC[C@H]2F,Active
C=CC(=O)Nc1cccc(Oc2nc(Nc3ccn(C)n3)nc3[nH]ccc23)c1,Active
CC(C)N1C=C([C@@H](Nc2cc(Cl)c3ncc(C#N)c(N[C@@H](c4ccccc4)C(C)(C)O)c3c2)c2cccnc2)NN1,Active
O=C1NC(=O)c2cc(Nc3ccc(I)cc3)c(Nc3ccc(I)cc3)cc21,Inactive
COc1cc2c(Nc3ccc(NC(=O)c4ccc(C)cc4)cc3)ncnc2cc1OCc1ccccc1,Inactive
S=C(NCc1ccccc1)Nc1ccc2ncnc(Nc3ccc(Oc4ccccc4)cc3)c2c1,Active
CC#CC(=O)N[C@@H](C)c1nc(-c2ccc(C(=O)Nc3ccccn3)c(OC)c2)c2c(N)nccn12,Inactive
CCC(=O)Nc1ccc(OC)c(Nc2cc(-c3cnc(SC)[nH]3)ccn2)c1,Inactive
C=CC(=O)Nc1cc2c(Cc3cccc(Br)c3)ncnc2cc1OCCCn1ccnc1,Active
COC(=O)c1ccccc1CN[C@@H]1CCCN(c2nnc(C(N)=O)c(Nc3ccc(C(=O)N4CCOCC4)cc3)n2)C1,Inactive
NCCCn1ccc2c(-c3ccnc(Nc4cccc(OC(F)(F)C(F)F)c4)n3)cccc21,Active
CO[C@@H](C(=O)N1Cc2[nH]nc(NC(=O)c3ccc(N4CCN(C)CC4)cc3)c2C1)c1ccccc1,Inactive
COC(=O)CCCCN1CCOC(COc2cc3ncnc(Nc4ccc(Cl)c(Cl)c4)c3cc2OC)C1,Active
Cc1cc(Nc2ncnc3cccc(O[C@@H]4C[C@H]5CC[C@@H](C4)N5C)c23)ccc1Oc1ccn2ncnc2c1,Inactive
C=CC(=O)Nc1cc2c(Nc3ccc(F)c(Br)c3)ncnc2cc1OCCCN1CCOCC1,Active
CN(C)C/C=C/C(=O)NCc1cccc(-c2nc(-c3ccc(F)cc3)c(-c3ccnc4[nH]c(-c5ccccc5)cc34)[nH]2)c1,Active
C=CC(=O)Nc1cc(Nc2ncc(F)c(-c3cnc4c(cnn4C)c3)n2)c(OC)cc1N(C)CCN(C)C,Active
C=CC(=O)N1[C@@H]2CC[C@H]1C[C@@H](n1nc(-c3ccc(Oc4ccc5c(c4)ncn5C)c(C)c3)c3c(C)ncnc31)C2,Inactive
CCOc1cc([N+](=O)[O-])c(C(=O)Nc2ccc(OCc3cccc(F)c3)c(Cl)c2)cc1NC(=O)/C=C/CN(C)C,Inactive
COCCOc1cc2ncnc(Nc3ccc(F)c(Cl)c3)c2cc1NC(=O)/C=C/CN(C1CC1)C1CC1,Inactive
COCCOc1cnccc1-c1[nH]c2c(c1Nc1ccccc1OC)C(=O)NCC2,Active
O=C(Cc1ccc(Br)cc1)NS(=O)(=O)c1ccc(Cl)cc1,Inactive
Cc1c(CCC(=O)O)c[nH]c1/C=C1\C(=O)Nc2cc(-c3ccccc3)ccc21,Inactive
C=CC(=O)Nc1cc(Nc2ncc(Cl)c(-c3cnc4c(ccn4C)c3)n2)c(OC)cc1N1CC(N(C)C)C1,Active
CNC(=O)c1ccccc1Nc1nc(Nc2ccc(N3CCC(C(=O)NO)CC3)cc2)ncc1Cl,Active
CCCC(=O)Nc1ccc(Nc2ncnc3cc(OC)c(OC)cc23)cc1C.Cl,Inactive
C#Cc1cccc(Nc2ncnc3cc(OCCO)c(OCCOC)cc23)c1,Active
CCOc1cc2nc(CC)nc(Nc3cccc(-c4csc(C)n4)c3)c2cc1OCC,Inactive
Cc1coc2ncnc(Nc3ccc([N+](=O)[O-])cc3)c12,Active
Cc1c2cc(Cl)ccc2n2cc(Cc3ccccc3)[nH]c(=O)c12,Inactive
C[C@@H](NC(=O)[C@@H](C)NC(=O)c1ccc(S(=O)(=O)Oc2ccc(/C=C/[N+](=O)[O-])cc2)cc1)C(=O)O,Inactive
CC(C)(C)N1C=C([C@@H](Nc2cc(Cl)c3ncc(C#N)c(Nc4ccc(F)c(Cl)c4)c3c2)c2cscn2)NN1,Active
Cc1ncsc1-c1ccc(CNC(=O)[C@@H]2C[C@@H](O)CN2C(=O)[C@@H](NC(=O)COCCOCCOCCOCCOCC#Cc2cccc3c2C(=O)N(C(C(=O)Nc2nccs2)c2cc(F)ccc2O)C3)C(C)(C)C)cc1,Inactive
COc1cc(N2CCC(N3CCCCC3)CC2)c(F)cc1Nc1nccc(-c2c(-c3cccc(C(=O)Nc4c(F)cccc4F)c3)nc3ccccn23)n1,Active
Cc1ncnc(Nc2ccc(OCc3cccc(F)c3)c(Cl)c2)c1/C=C/c1ccc(CN2CCOCC2)cc1,Active
C=CC(=O)Nc1cccc(N2C(=O)N(C)Cc3cnc(Nc4ccccc4)nc32)c1,Active
C=CC(=O)Nc1cccc(Nc2nc3c(c(N(C)c4ccc(OCCOC)cc4)n2)C(=O)NC3)c1,Inactive
CN(C)CC/N=N/Nc1ccc2ncnc(Nc3cccc(Br)c3)c2c1,Active
CCN1CCC(N2C=C([C@H](c3cccnc3)N(CC)c3cc(Cl)c4ncc(C#N)c(Nc5ccc(F)c(Cl)c5)c4c3)NN2)CC1,Active
C=CC(=O)Nc1cc(Nc2ncc(OC)c(-c3cnc4c(cnn4C)c3)n2)c(OC)cc1N(C)CCN(C)C,Active
COc1ccc(-c2cc3ncnc(Nc4cc(OC)c(OC)c(OC)c4)c3s2)cc1,Active
CCN(CC)CC(O)CNc1cc2c(Nc3cccc(Br)c3)ncnc2cn1,Inactive
C[C@@H](Nc1ncnc2[nH]c(-c3ccc(CNCCCCCC(=O)NO)cc3)cc12)c1ccccc1,Active
COc1cc2c(Nc3ccc(F)cc3Cl)ncnc2cc1OCCNC(=O)Cn1cnc([N+](=O)[O-])n1,Active
Nc1nc2c(c(Nc3cccc(F)c3)n1)-c1ccccc1C2,Inactive
CCN(CC)CCNCc1ccc(-c2ccc3ncnc(Nc4ccc(OCc5cccc(F)c5)c(Cl)c4)c3c2)o1,Active
C=CC(=O)N(C)Cc1ccc(Oc2nc(Nc3cccc(OCCCS(C)(=O)=O)c3)ncc2F)cc1,Active
Cc1ccc(C2=NN(C(N)=S)C(c3ccc(O)cc3)C2)cc1C,Active
CC(=O)Nc1cccc(Nc2ncnc3cc(N)ncc23)c1,Inactive
C=CC(=O)N1C[C@@H](n2cc(-c3ccncc3)c(-c3cccc(COc4ccc5c(c4)CN(C)C5=O)c3)n2)C[C@H]1C,Inactive
CN1C(=O)/C(=C\c2ccc(Br)cc2)c2ccccc21,Inactive
N#CN1CCC[C@@H](n2nc(-c3ccc(Oc4cccc(C(F)(F)F)n4)cc3)c(C(N)=O)c2N)C1,Inactive
CN1CCN(c2ccc(Nc3ncnc4cc5oc(=O)n(CCOC(=O)CBr)c5cc34)cc2Cl)CC1,Active
OC[C@@H](Nc1ncnc2sc(-c3ccccc3)cc12)c1ccccc1,Active
COc1cc(N2CCN(C)CC2)ccc1Nc1ncc(Cl)c(Oc2ccc(NC(=O)CCO)cc2)n1,Inactive
C=CC(=O)N1CCc2c(sc3ncnc(N[C@H](CC)c4ccccc4)c23)C1,Inactive
CC(C)(CNc1c(C#N)cnc2c(C#N)cc(N[C@H](C3=CN(C4(C(F)F)CC4)NN3)c3ccc(F)c4ncccc34)cc12)C(F)(F)F,Active
C=CC(=O)Nc1cc(Nc2ncc3ccc(C)n3n2)c(OC)cc1N1CCC(N(C)C)CC1,Active
COCCOc1cc2ncnc(Nc3ccc(F)c(Cl)c3)c2cc1NC(=O)/C=C/CN(C)C,Active
C=CC(=O)N1C[C@H](COc2nc(Nc3cnn(C)c3)nc3[nH]ccc23)[C@@H](C(F)(F)F)C1,Inactive
CCNCc1ccc(-c2cc3c(Nc4ccc(OCc5cccc(F)c5)c(Cl)c4)ncnc3s2)[nH]1,Active
Cc1ncc([N+](=O)[O-])n1C/C(=N/NC(=O)c1ccccc1O)c1ccc(Br)cc1,Inactive
Nc1nc(Nc2ccccc2)c2c(n1)-c1ccccc1C2,Inactive
C=CC(=O)Nc1cccc(Oc2nccc(Nc3cc(C)[nH]n3)n2)c1,Inactive
CCCc1cc(N2CCC(N)CC2)nc2sc(C(N)=O)c(N)c12,Inactive
CC(C)N1C=C([C@@H](Nc2cc(Cl)c3ncc(C#N)c(Nc4ccc(F)c(Cl)c4)c3c2)c2csc(N3CCOCC3)n2)NN1,Active
COc1cc2c(Nc3ccc(-c4nc5ccccc5s4)c(OC)c3)ncnc2cc1OCCCN1CCN(C)CC1,Active
COc1cc(C2NCCc3c2[nH]c2ccccc32)ccc1OCc1ccc(B2OC(C)(C)C(C)(C)O2)cc1,Inactive
COc1ccc(COc2ccc(Cc3cnc(N)nc3N)cc2OC)cc1,Inactive
COc1cc(/C=C(\C#N)C(N)=O)cc(SCCCC(=O)O)c1O,Inactive
CC[C@@H](Nc1ncnc2oc(-c3ccccc3)c(-c3ccccc3)c12)c1ccccc1,Inactive
CN(C)CCNC(=O)c1c(SSc2c(C(=O)NCCN(C)C)c3ccccc3n2C)n(C)c2ccccc12,Inactive
COc1ccc(OC)c(Nc2cc(NC(=O)CCCC(=O)O)ncn2)c1,Inactive
CS(=O)(=O)c1ccc(Nc2nc(Cl)nc3cc4c(cc23)OCO4)cc1,Inactive
Cc1cc(Nc2nc(N[C@@H](C)c3ccc(F)cn3)c(C#N)cc2F)n[nH]1,Inactive
Nc1ncnc2c1c(-c1ccc3ncccc3c1)nn2C1CCCC1,Inactive
COc1cc2ncnc(Nc3ccc(F)c(Cl)c3)c2cc1OCCCCCCCCNC(=O)CN(C)Cc1c(OC)cc(OCc2cccc(-c3ccccc3)c2C)cc1OC,Inactive
CC(=O)N1CCN(Cc2ccc(-c3ccc4ncnc(Nc5ccc(OCc6cccc(F)c6)c(Cl)c5)c4c3)o2)CC1.Cc1ccc(S(=O)(=O)O)cc1,Active
COc1cc2c(Nc3ccc(Br)c(Cl)c3F)ncnc2cc1OC[C@@H]1CN2CCOCC2CO1,Active
C[C@@H](Nc1ncnc2[nH]c(-c3ccc(CNCc4ccc(C(=O)NO)cc4)cc3)cc12)c1ccccc1,Active
c1cncc(Cn2ncc3cc(Nc4ncnn5ccc(COC[C@@H]6CNCCO6)c45)ccc32)c1,Active
COc1ccc2c(c1)CCc1c-2nc(N)c(C#N)c1-c1ccc(OC)cc1OC,Active
Cc1nc(Nc2cccc(Br)c2)c2ccccc2n1,Inactive
O=C(Nc1cccc(-n2cc(CNc3ccc(N4CCC(O)CC4)c(C(=O)N4CCCC4)c3)nn2)c1)c1cc(F)cc(F)c1,Inactive
CN1C(=S)C(C(=O)Nc2ccccc2)c2cccnc21,Inactive
COc1cc2c(C#N)cnc(Nc3cccc(Br)c3)c2cc1OC,Inactive
Cc1ncc([N+](=O)[O-])n1C/C(=N/NC(=O)c1ccccc1N)c1ccc(Br)cc1,Inactive
COc1cc(N2CCN(C)CC2)ccc1Nc1ncc(Cl)c(Oc2cccc(NC(=O)/C(C#N)=C/c3ccc(N(C)C)cc3)c2)n1,Inactive
COc1ccc(C2=NN(c3nc(-c4ccc(Cl)cc4)cs3)C(c3ccc([N+](=O)[O-])cc3)C2)cc1,Inactive
C=CC(=O)Nc1cccc(Nc2nc(N/N=C/c3ccc(F)cc3)ncc2Cl)c1,Inactive
O=C(CCCc1c(SSc2[nH]c3ccccc3c2CCCC(=O)NCc2ccccc2)[nH]c2ccccc12)NCc1ccccc1,Inactive
C#Cc1cccc(Nc2ncnc3cc(OC)c(NC4CN(C(=O)C=C)C4)cc23)c1,Active
C=CC(=O)Nc1cccc(Nc2nc(Nc3ccc(OC(C)C)nc3)ncc2F)c1,Active
C=CC(=O)Nc1ccc2ncnc(N3CCc4ccc(Br)cc43)c2c1,Active
N#C/C(=C\c1ccc(C=O)cc1)C(=O)O,Inactive
COc1nccc2c([C@H](Nc3cc(C#N)c4ncc(C#N)c(NCC(C)(C)C(F)(F)F)c4c3)C3=CN(C4(C)CC4)NN3)cccc12,Active
CC(=O)c1ccccc1-n1c(-c2ccccc2)nc2cc(Cl)ccc2c1=O,Inactive
N#CC(C#N)=C(N)/C(C#N)=C/c1ccc2[nH]ccc2c1,Inactive
O=C1CCc2c(Oc3ccc4c(c3)[C@H]3[C@H](NC(=O)c5ccc(CN6CCN(CCO)CC6)c(C(F)(F)F)c5)[C@H]3O4)ccnc2N1,Active
C=CC(=O)N1CC[C@@H](n2nc(C(=O)Nc3nc4cc(CCOC)ccc4o3)c3c(N)ncnc32)C1,Active
Cc1cc(=O)n2nc(SCc3ccc(Cl)cc3)nc2[nH]1,Active
C=C[S+]([O-])c1cc2c(Nc3cccc(Br)c3)ncnc2cn1,Active
O=C1Nc2ncnc(Nc3ccc(F)c(Cl)c3)c2/C1=C/c1ccc[nH]1,Inactive
COc1cc(N2CCC(N3CCN(S(C)(=O)=O)CC3)CC2)ccc1Nc1nccc(-c2c(-c3ccc(OC)c(C(=O)Nc4c(F)cccc4F)c3)nc3ccccn23)n1,Inactive
CCN(CC)[C@@](C)(C#Cc1ncnc2cc(OC)c(OC)cc12)Cc1ccccc1,Active
CCC(=O)N1CC[C@H](N2C(=O)N(c3cc(OC)ccc3F)Cc3cnc(Nc4ccc(N5CCN(C)CC5)c(Cl)c4)nc32)C1,Inactive
C=CC(=O)Nc1cccc(Oc2nc(Nc3ccc(OC)c(N4CCN(C)CC4)c3)c(C(N)=O)nc2CC)c1,Active
Cc1nc(F)ccc1[C@H](Nc1cc(Cl)c2ncc(C#N)c(NCC(C)(C)C)c2c1)C1=CN(C2CC23CC3)NN1,Active
C=CC(=O)Nc1cc(Nc2nccc(-c3cc(F)c4nc(OCC(F)F)n(C(C)C)c4c3)n2)c(OC)cc1N(C)CCN(C)C,Active
Cc1ccc(Oc2nc3ccc(C)cc3cc2/C=N/NC(=O)Cn2c([N+](=O)[O-])cnc2C)cc1,Inactive
CN1CCN(CCCOc2cc(OC3CCOCC3)c3c(Nc4ccc(F)c(Cl)c4)ncnc3c2)CC1,Active
C=CC(=O)Nc1cc(Nc2ncc(F)c(-c3ccc4cc(C(=O)N(C)C)n(C(C)C)c4c3)n2)ccc1N1CCN(C)CC1,Active
COc1cc2ncnc(Oc3ccc(NC(=O)Nc4ccc(C(F)(F)F)cc4)cc3)c2cc1OC,Inactive
Nc1ncnc2c1c(-c1cccc(O)c1)cn2C1CCN(CCO)CC1,Inactive
Nc1ncnc2c1c(-c1ccc(Cl)c(O)c1)nn2CCC1CCCNC1,Inactive
CN(C)C/C=C/C(=O)N1CCC[C@H]1Cn1nc(-c2ccc(Oc3ccccc3)cc2)c2c(N)ncnc21,Active
C=CC(=O)N[C@@H]1CN(c2nc(Nc3cn(C)nc3C)c3ncn(C(C)C)c3n2)C[C@H]1F,Inactive
CCc1cc(Nc2ncc(Br)c(Nc3ccc4c(c3P(C)(C)=O)OCO4)n2)c(OC)cc1N1CCC(N2CC(N(C)C)C2)CC1,Active
COC(=O)c1ccc(-c2cccc(-c3ccccc3)c2O)cc1,Inactive
C/C=C/C(=O)Nc1cccc(Nc2nc(Nc3ccc(Cl)c(OCCOC)c3)ncc2F)c1,Inactive
CC(C(=O)/C=C/C(=O)NCCCN(C)C)c1cc2c(Nc3cccc(Br)c3)ncnc2cn1,Active
Cc1ccc2nc(NC(=O)c3cccc(C(F)(F)F)c3)n([C@H]3CC[C@H](O)CC3)c2c1,Inactive
CC(C)n1nc(-c2ccc3occc3c2)c2c(N)ncnc21,Active
CCC(=O)Nc1cc2c(NCc3ccccc3)ncnc2cc1OC,Active
Cc1ccc(C2=NN(C(N)=S)C(c3ccc4ccccc4c3)C2)cc1,Active
O=C(NS(=O)(=O)c1ccc(F)cc1)c1cccnc1,Inactive
C=CC(=O)Nc1cc(Nc2nccc(-c3cn(C)c4ccccc34)n2)c2c(cnn2CCN(C)C)c1,Inactive
COCCOc1cc2ncnc(Nc3ccc(B(O)O)cc3)c2cc1OCCOC,Inactive
C=CC(=O)Nc1cc(Nc2nccc(-c3ncc4c(C)cccn34)n2)c(OC)cc1N(C)CCN(C)C,Active
CCOc1cc2ncnc(Nc3ccc(NS(=O)(=O)c4ccccc4)cc3)c2cc1NC(=O)/C=C/CN1CCOCC1,Active
CC(C)c1cc(/C=C(\C#N)C(N)=O)cc(C(C)C)c1O,Inactive
C=CC(=O)Nc1cc(Nc2ncc(Cl)c(-c3cn(C)nc3C)n2)c(OC)cc1N1CCC(N(C)C)CC1,Active
COc1ccc(Cl)c(Nc2c(C#N)cnc3cc4c(cc23)ncn4CCN2CCOCC2)c1,Inactive
COc1nc2ccccc2cc1-c1nc2c(cnn2-c2ccc(Br)cc2)c(=O)[nH]1,Inactive
COc1cc(Nc2ncnc3c(C)cc(C)cc23)cc(OC)c1OC.Cl,Inactive
COc1ccccc1-c1cc(C(=O)/N=c2\[nH]c3ccccc3n2[C@@H]2CC[C@H](O)[C@H](O)C2)ccn1,Active
C=CC(=O)Nc1cccc(Nc2nc(Nc3cccc(OC)c3)ncc2C(=O)NC2CC2)c1,Active
Cc1cccc(CN(Cc2ccc(F)cc2)C(=O)Nc2ccccc2)c1O,Inactive
CS(=O)(=O)CCNCc1ccc(-c2ccc3ncnc(Nc4ccc(OCc5cccc(F)c5)c(C(F)(F)F)c4)c3c2)o1,Active
O=S(=O)(CCNCc1ccc(-c2ccc3ncnc(Nc4ccc(OCc5cccc(F)c5)c(C(F)(F)F)c4)c3c2)o1)c1ccccn1,Active
C=CC(=O)Nc1cccc(N2C(=O)CN(C)C(=O)c3cnc(Nc4ccc(N5CCN(C)CC5)cc4OC)nc32)c1,Active
C#Cc1cccc(Oc2ncnc3ccc(OCc4ccc(S(=O)(=O)N(C)C#C)cc4)cc23)c1,Inactive
COC(=O)c1ccc(COc2ccc(C3NCCc4c3[nH]c3ccccc43)cc2OC)cc1,Inactive
C#Cc1cccc(Nc2ncnc3cc(OC(C)C)c4c(c23)OCCO4)c1,Active
C[C@@H]1C[C@H](N)C[C@H](c2ccncc2NC(=O)c2ccc(F)c(-c3c(F)cccc3F)n2)C1,Inactive
C=CC(=O)Nc1ccc2ncnc(Nc3ccc(Br)c(C)c3)c2c1,Inactive
CC1(C)CC[C@]2(C(=O)OCCCCO[N+](=O)[O-])CC[C@]3(C)C(=CC[C@@H]4[C@@]5(C)CC[C@H](OC(=O)c6ccccc6)C(C)(C)[C@@H]5CC[C@]43C)[C@@H]2C1,Inactive
CC1(C)COCCC1Nc1c(C#N)cnc2c(Cl)cc(N[C@@H](C3=CN(C4CC4)NN3)c3ccc(F)nc3)cc12,Active
COc1cc2c(Nc3cc(F)c(Br)c(F)c3)ncnc2cc1OCC1CN(C)CCO1,Active
CN(CCO)c1cc2c(Nc3ccc4c(cnn4Cc4ccccc4)c3)ncnc2cn1,Active
COc1ccc(Nc2ncc3ncc(=O)n(-c4cccc(N)c4)c3n2)cc1,Inactive
C=CC(=O)Nc1cccc(Oc2nc(Nc3ccc(N4CCN(C(C)=O)CC4)cc3OC)ncc2C(F)(F)F)c1,Active
CCOc1cc2ncnc(/C=C/c3ccccc3)c2cc1OCC,Active
C=CC(=O)Nc1cccc(Nc2nc3c(c(Nc4ccc(N5CCOCC5)cc4)n2)C(=O)NC3)c1,Inactive
COc1ccc(-c2cc3c(N[C@H](C)C4CCCCC4)ncnc3o2)cc1,Active
CC(C)(C)N1CCC(N2C=C([C@@H](Nc3cc(Cl)c4ncc(C#N)c(Nc5ccc(F)c(Cl)c5)c4c3)c3cccnc3)NN2)CC1,Active
C#Cc1cccc(Nc2ncnc3cc(OCC)c(NC(=O)/C=C/CN4CCCCC4)cc23)c1,Active
CCC(=O)Nc1cc2c(Nc3ccc4c(cnn4Cc4ccccc4)c3)ncnc2cc1OC,Active
Cc1[nH]c(/C=C2\C(=O)Nc3ccc(F)cc32)c(C)c1C(=O)NCCN1CCCC1,Inactive
COc1ccc(/C=C/C(=O)c2nnn(-c3ccc(Cl)cc3)c2C)cc1OC,Active
N#CC(C#N)=C1C(=O)Nc2ccccc21,Inactive
Cc1ccc(C(=O)Nc2ccc(CN3CCN(C)CC3)c(C(F)(F)F)c2)cc1NC(=O)c1cnc(NC(C)C)nc1,Active
COc1cc(N2CCC(CCS(C)(=O)=O)CC2)c(C)cc1Nc1nccc(-c2c(-c3cccc(C(=O)Nc4c(F)cccc4F)c3)nc3ccccn23)n1,Inactive
COc1cc(C2CCNCC2)c(C)cc1Nc1ncc(Cl)c(Nc2ccccc2NS(C)(=O)=O)n1,Active
COc1cc2ncnc(Nc3cccc(Cl)c3F)c2cc1CN(C)[C@@H](C)C(N)=O,Active
Cc1ncnc(Nc2ccc(OCc3cccc(F)c3)c(Cl)c2)c1/C=C(\F)C(=O)NCCN1CCOCC1,Active
CS(=O)(=O)Cc1cccc(Nc2nccc(Oc3ccc4c(C(=O)Nc5ccccc5)cccc4c3)n2)c1,Inactive
COc1cc2c(Nc3ccc(Oc4ccccc4)c(F)c3)ncnc2cc1OCC1CCN(C)CC1,Inactive
CC(C)(O)Cn1/c(=N/C(=O)c2ccnc(-c3cccnc3)c2)[nH]c2cc(CCO)ccc21,Inactive
COc1cc2c(Oc3ccc(NC(=O)c4c(C)n(C)n(-c5ccccc5)c4=O)cc3F)ccnc2cc1OCCCN1CCOCC1,Inactive
CN1C(=O)[C@@H](N2CCc3c(nn(Cc4ccccc4)c3Br)C2=O)COc2ccccc21,Inactive
Cn1cc(-c2cc(C(=O)/N=c3\[nH]c4ccccc4n3CC(C)(C)CO)ccn2)cn1,Inactive
COCCOc1ccc(Nc2ncc(F)c(Nc3ccc(CC(=O)C=C4CCC4)cc3)n2)cc1F,Active
C#Cc1cccc(Nc2nc(N)nc3[nH]c(CCc4ccccc4)cc23)c1,Inactive
CCOC(=O)c1ccc(Nc2cc(Nc3cccc(OC)c3)ncn2)cc1,Inactive
COc1cc2c(Nc3ccc(Cl)c(Cl)c3)ncnc2cc1OCC1CN(/C(=N/C#N)N2CCCC2)CCO1,Active
CC(=O)OCOC(=O)N(C)/N=N/c1ccc2ncnc(Nc3cccc(Cl)c3)c2c1,Active
Cc1nc(F)ccc1[C@H](Nc1cc(C#N)c2ncc(C#N)c(NCC(C)(C)C)c2c1)C1=CN(C23CC(C2)C3)NN1,Active
COc1cc(F)ccc1C(=O)NCc1ccc(-c2nn(C3CCCC3)c3ncnc(N)c23)cc1,Inactive
O=C(O)c1ccc2c(c1)CNc1c(Nc3cccc(Br)c3)ncnc1O2,Inactive
COc1cc(/C=C2\CCC/C(=C\c3ccc(Cl)cc3)C2=O)cc(OC)c1,Inactive
C=CC(=O)NC1=CC=C2N=CN=C(Nc3cccc(Cl)c3)C21,Active
O=C(Cc1ccc(Cl)cc1)NS(=O)(=O)c1ccc(F)cc1,Inactive
CC(C)n1c(Nc2ccc(C(=O)Nc3cccc(F)c3)cc2)nc2cnc(Nc3ccc(N4CCN(C)CC4)cc3)nc21,Active
CN(C)C(=O)N[C@@H]1CCCN(c2cnc(C(N)=O)c(Nc3ccc(C4CCN(C(=O)C5CC5)CC4)cc3)n2)C1,Inactive
Cc1cc(C(=O)/N=c2\[nH]c3cc(CN4CCOCC4)ccc3n2[C@H]2CC[C@@H](O)CC2)cc(-c2cnn(C)c2)n1,Inactive
CCCOC(=O)Nc1ccc(Nc2ncnc3cc(OC)c(OC)cc23)cc1Cl.Cl,Inactive
C=CC(=O)Nc1cc(Nc2ncnc(-c3c(-c4ccccc4)n(C)c4ccccc34)n2)c(OC)cc1N(C)CCN(C)C,Active
C=CC(=O)N1CC(Oc2cc3c(Nc4ccc(C(F)(F)F)cc4)ncnc3cc2OC)C1,Inactive
COc1cc2ncnc(Oc3ccc(NC(=O)Nc4ccc(Br)cc4)c(C)c3)c2cc1OC,Inactive
C=CC(=O)Nc1ccc(OC)c(Nc2ncc(C#N)c(-c3cn(C)c4cc(OCCCN(C)C)ccc34)n2)c1,Active
C=CC(=O)N1CCC(Oc2cc3c(Nc4ccc(F)c(Cl)c4F)ncnc3cc2OCCC)CC1,Active
COc1cc2cc3ncc(C#N)c(Nc4ccc(F)c(Cl)c4)c3cc2cc1OC,Inactive
C=CC(=O)Nc1cccc(-n2c(=O)c(C(C)(C)C)nc3cnc(Nc4ccc(OCCOC)cc4)nc32)c1,Inactive
COc1cc2ncnc(Nc3cccc(C#CCCCO)c3)c2cc1OC,Inactive
Oc1cc2cc(-c3ccncc3)cnc2cc1O,Inactive
Cc1cccc(-c2c(NC(=O)/C=C/CN(C)C)ccc3ncnc(Nc4ccc(OCc5cccc(F)c5)c(Cl)c4)c23)c1,Active
Cn1cc(-c2ccnc(Nc3ccc(OCCOCCn4ccnc4[N+](=O)[O-])c(F)c3)n2)c2ccccc21,Inactive
Cc1cc2c(F)c(Oc3ncnn4cc(OC[C@@H](C)O)c(C)c34)ccc2[nH]1,Inactive
COc1cc(N(C)CCN(C)C)c(NC(=O)/C=C\C(C)C)cc1Nc1nc2c(c(-c3cn(C)c4ccc(F)cc34)n1)CSCC2,Inactive
CC(=O)Nc1ccc2ncc(C#N)c(Nc3ccc(OCc4cccc(F)c4)c(Cl)c3)c2c1,Inactive
COC[C@H]1CCCN1/N=C/c1c(N)ncnc1Nc1ccc2c(cnn2Cc2cccc(F)c2)c1,Active
C[C@@H](Nc1ncnc2[nH]c(-c3ccc(S(C)(=O)=O)cc3)cc12)c1ccccc1,Active
S=C(NCc1ccccc1)Nc1ccc2ncnc(Nc3cccnc3)c2c1,Active
C=CC(=O)Nc1cc(Nc2ncc(C(=O)OC(C)C)c(-c3cnn4ccccc34)n2)c(OC)cc1N(C)CCN(C)C,Active
COc1cccc(-c2cn(C3CCC3)c3ncnc(N)c23)c1,Active
CN1CCN(c2ccc(-c3ccc4c(=O)n(C(C(=O)Nc5nccs5)c5ccccc5)cnc4c3)cc2)CC1,Active
COc1cc2ncnc(Nc3ccccc3C(F)(F)F)c2cc1OC,Inactive
OCCN1CCN(CCCN2c3ccccc3Sc3ccc(C(F)(F)F)cc32)CC1,Inactive
COc1cc2ncnc(Nc3ccc(F)c(Cl)c3)c2cc1NC(=O)/C=C/CN(C)CCCOCCCOCC(=O)N[C@H](C(=O)N1CC(O)C[C@@H]1C(=O)NCc1ccc(-c2scnc2C)cc1)C(C)(C)C,Inactive
O=C1CSC(N/N=C/c2cccc(O)c2)=N1,Inactive
C=CC(=O)Nc1cccc(Nc2nc(Nc3cccc(S(N)(=O)=O)c3)ncc2C)c1,Active
C=CC(=O)Nc1cccc(N2C(=O)C(C)N(C)C(=O)c3cnc(Nc4ccc(N5CCN(C)CC5)cc4OC)nc32)c1,Active
O=C(O)CCNc1cc2c(Nc3cccc(Br)c3)ncnc2cn1,Active
C#Cc1cccc(Nc2nc(N)nc3[nH]c(Cc4ccc(Cl)cc4Cl)cc23)c1,Inactive
OCCN(CCO)CCCNc1cc2c(Nc3cccc(Br)c3)ncnc2cn1,Active
CCCCCCCCCCCCNC(=O)/C=C/c1ccccc1,Inactive
COc1cc2c(Nc3ccc(Br)c(Cl)c3F)ncnc2cc1OC[C@@H]1C[C@@H]2CN(C(C)=O)C[C@@H]2C1,Active
COc1cc2c(Nc3cc(Cl)c(Br)cc3F)ncnc2cc1OCC1COCCN1C,Active
C#Cc1cccc(Nc2ncnc3cc(OCCOC(=O)CC4=C(C)/C(=C/c5ccc([S+](C)[O-])cc5)c5ccc(F)cc54)c(OCCOC(=O)CC4=C(C)/C(=C/c5ccc([S+](C)[O-])cc5)c5ccc(F)cc54)cc23)c1,Active
COc1cc(N2CCN(CCCN)C2=O)ccc1Nc1ncc(Cl)c(Nc2ccccc2S(=O)(=O)C(C)C)n1,Inactive
C=CC(=O)Nc1ccccc1Nc1nc(Nc2ccc(OCCN3CCOCC3)cc2)ncc1Cl,Active
C=CC(=O)Nc1cccc(N2C(=O)C3CCCN3C(=O)c3cnc(Nc4ccc(N5CCN(C)CC5)cc4OC)nc32)c1,Inactive
COc1cc(/C=C(\C#N)C(N)=O)cc(Sc2nc3ccccc3s2)c1O,Active
C=CC(=O)Nc1cc(Nc2nccc(-c3cn(C)c4cccnc34)n2)c(OC)cc1N(C)CCN(C)C,Inactive
CN1CCN(CCC(=O)N2CCOc3c2ccc2ncnc(Nc4cccc(Br)c4)c32)CC1,Active
N#Cc1cc2c(N)ncnc2nc1Nc1ccc(S(N)(=O)=O)cc1,Inactive
COc1cc(N2CCC(N3CCN(S(C)(=O)=O)CC3)CC2)ccc1Nc1nccc(-c2c(-c3cccc(C(=O)Nc4c(F)cccc4F)c3)nc3ccccn23)n1,Active
CN(C)CCCNC(=O)/C=C/C(=O)Cc1ccc2ncnc(Nc3cccc(Br)c3)c2c1,Active
Cc1cc2cc(n1)-c1cnn(C)c1OCCCCCN1/C(=N/C2=O)Nc2ccccc21,Active
CCOC(=O)C1=C(N)N(c2cccnc2)C2=C(C(=O)CCC2)C1c1cc2cc(C)ccc2n2nnnc12,Inactive
CCC(=O)N1CCC[C@@H](n2c(=O)c(-c3cc(F)ccc3Cl)c(C)c3cnc(Nc4ccc(N5CCN(C)CC5)c(C)c4)nc32)C1,Active
COCCOc1cnccc1-c1[nH]c2c(c1Nc1ccccc1OC(F)(F)F)C(=O)NCC2,Active
CC(C)N1C=C([C@@H](Nc2cc(Cl)c3ncc(C#N)c(Nc4ccc(F)c(Cl)c4)c3c2)c2cc(Br)cnc2Cl)NN1,Active
COc1cc(Nc2ccnc3ccc(Br)cc23)cc(OC)c1OC,Inactive
C=CC(=O)N1CC[C@@H](n2nc(-c3ccc(Oc4ccc5c(c4)ncn5C)c(C)c3)c3c(C)ncnc32)C1,Inactive
CC(C)(C)c1cc(NC(=O)Cc2ccc(Nc3ncnc4[nH]c(-c5ccc(S(C)(=O)=O)cc5)cc34)cc2)no1,Inactive
COc1cc2ncc(C#N)c(Nc3ccc(C(C)C)cc3)c2cc1OC,Active
O=C(Nc1ccc2ncnc(Nc3cccc(Br)c3)c2c1)C1COc2ccccc2O1,Inactive
NC1CCN(Cc2ccn3ncnc(Nc4cccc(Cl)c4)c23)CC1,Active
Cc1ccc(C2=N/C(=C\c3ccc(Cl)cc3)C(=O)NN2C(=O)c2nc3c(c(C)nn3-c3ccccc3)c(=O)[nH]2)cc1,Inactive
COc1cc2c(Nc3cccc(Br)c3Cl)ncnc2cc1OCC1CN(C)CCO1,Active
O=C(OC/C=C/c1ccccc1)c1cc(NCc2cc(O)ccc2O)ccc1O,Inactive
COc1cc(-c2nn(C(C)C)c3ncnc(N)c23)ccc1NC(C)CO,Inactive
O=C1CCC(N2C(=O)c3cccc(NCCOCCOCCOCCOc4ccc(-c5cc6c(NCc7ccccc7Cl)ncnc6[nH]5)cc4)c3C2=O)C(=O)N1,Inactive
CCN(CC)CCCNc1nc(-c2ccc(NC(=O)Nc3ccc(Cl)cc3)cc2)nc2ccsc12,Inactive
CCOC(=O)c1ccc(Nc2ncc3cc(-c4c(Cl)cccc4Cl)c(=O)n(C)c3n2)cc1,Inactive
C=CC(=O)N1CCCC(N(C)c2nc3c(c(Nc4cnn(C)c4)n2)C(=O)NC3)C1,Inactive
CCc1c(/C=C2\C(=O)Nc3ccccc32)[nH]c(C)c1C,Inactive
CCc1cccc(CC)c1NC(=O)c1nn(C)c2c1CCc1cnc(Nc3ccc(C(=O)NC4CCN(C)CC4)cc3OC(F)(F)F)nc1-2,Inactive
C=C=CCCCCOc1cc2c(Nc3ccc(F)c(Cl)c3)ncnc2cc1O,Active
C=CC(=O)Nc1cc(Nc2nccc(-c3c(C(=O)N(C)C)n(C)c4ccccc34)n2)c(OC)cc1N(C)CCN(C)C,Active
C=CC(=O)N1CCC(n2nc(C(=O)Nc3nc4ccccc4o3)c3c(N)ncnc32)C1,Active
COc1ccc(Nc2ncc3c(n2)-c2ccc(Cl)cc2SC3)cc1,Inactive
COCCOc1cc2ncnc(Nc3ccc(OCc4cccc(F)c4)cc3)c2cc1NC(=O)/C=C/CN(C)C,Active
C=CC(=O)Nc1ccc(OC)c(Nc2ncc(Cl)c(-c3cnn4ccccc34)n2)c1,Inactive
Nc1nc(Nc2cccc(C(F)(F)F)c2)c2cc(CCc3ccccc3)[nH]c2n1,Inactive
C=CC(=O)Nc1cc(Nc2ncc(Cl)c(-c3cnn4ccccc34)n2)c(OC)cc1OCCN1CCOCC1,Active
CC#CC(=O)N1CCC([C@@H]2CCNc3c(C(N)=O)c(-c4ccc(Oc5ccccc5)cc4)nn32)CC1,Inactive
NC(=S)N1N=C(c2ccc(Br)c(Br)c2)CC1c1ccccc1Br,Inactive
Cc1ncnc(Nc2ccc(OCc3cccc(F)c3)c(Cl)c2)c1C#CCN1CCOCC1,Inactive
C=CC(=O)Nc1ccccn1,Inactive
COc1cc2c(Oc3ccc(Nc4ccc(C(C)(C)C)cc4)cc3)ccnc2cc1OCCNCCO,Inactive
OCCN(CCO)CCNc1cc2ncnc(Nc3cccc(Br)c3)c2cn1,Active
C#Cc1cncnc1Nc1ccc(OCc2cccc(F)c2)c(Cl)c1,Active
CC1(C)CNc2cc(NC(=O)c3cccnc3NCc3ccncc3)ccc21,Inactive
Cc1cc(C)c(C)c(-c2cc3cnc(N)nc3nc2NC(=O)NC(C)(C)C)c1C,Inactive
C=CC(=O)N1Cc2ccc(Nc3nc(Nc4cccc(OC)c4)ncc3C(F)(F)F)cc2C1,Active
COc1c(Br)cc(/C=C2\C(=O)Nc3ccc(Cl)cc32)cc1C(C)(C)C,Inactive
C=CC(=O)Nc1cc(Nc2nccc(-c3cnc4c(cnn4C)c3)n2)c(OC)cc1N1CCN(C)CC1,Active
CCC(=O)Nc1cc2c(Nc3ccc(OCc4cccc(F)c4)c(Cl)c3)ncnc2cc1OC,Active
N#Cc1cnc2c(Cl)cc(N[C@H](C3=CN(C4COC4)NN3)c3cc(Br)cnc3Cl)cc2c1Nc1ccc(F)c(Cl)c1,Active
NS(=O)(=O)c1ccc(Nc2nc3ncnc(Nc4ccc(N5CCOCC5)c(Cl)c4)c3s2)cc1,Inactive
C=CC(=O)N1CCC[C@H](N(C)c2nc(-c3cnn(C)c3)c3c(c2F)CNC3=O)C1,Inactive
COc1cc2ncnc(Nc3cc(NC(=O)c4cccc(N(C)C)c4)ccc3C)c2cc1OC,Inactive
C=CC(=O)N1CCC2(CC1)CNC(=O)c1cc(-c3ccnc(Nc4ccccc4OC)c3)[nH]c12,Active
O=C(CCCCCCOc1ccc2ncnc(Nc3ccc(F)c(Cl)c3)c2c1)NO,Active
Clc1cc(Nc2ncnc3nn4ccccc4c23)ccc1OCc1ccccc1,Active
Cc1ccc(C2CC(c3ccccc3)=NN2C2=NC(=O)CS2)cc1,Inactive
Cc1ncsc1-c1ccc(CNC(=O)[C@@H]2C[C@@H](O)CN2C(=O)[C@H](C(C)C)N2Cc3ccccc3C2=O)c(OCCOCCOCCOCC#Cc2cccc3c2C(=O)N([C@@H](C(=O)Nc2nccs2)c2cc(F)ccc2O)C3)c1,Inactive
C[C@@H]1[C@@H]2CN(c3nc(Nc4cnn(C)c4)ncc3F)C[C@]12NC(=O)[C@@H]1CC1(F)F,Inactive
O=C(CCCCCC(=O)Nc1ccc(O)c(C(=O)Nc2ccc(Cl)c(C(F)(F)F)c2)c1)NO,Inactive
COc1cc2c(cc1OC)Oc1ncnc(Nc3cccc(C)c3)c1NC2,Inactive
COc1ccc(CNc2ncnc3cc(N)ncc23)cc1,Inactive
COc1cc(Nc2c(C#N)cnc3cc4cc(OCCN5CCOCC5)c(OC)cc4cc23)c(Cl)cc1Cl,Inactive
C=CC(=O)N1CCc2c(sc3ncnc(Nc4cccc(C)c4F)c23)C1,Inactive
COc1cc2nccc(Oc3ccc(NC(=O)Nc4cc(C)on4)c(Cl)c3)c2cc1OC,Active
COc1cc(/C=C(\C#N)C(N)=O)cc(CSc2ccc3ccccc3c2)c1O,Inactive
O=C(c1cccc(-c2ccc3ncnc(N4CCc5ccccc54)c3n2)c1)N1CCNCC1,Active
C=CC(=O)N1CCCC[C@H]1c1nc(-c2ccc(C(=O)Nc3cc(C(F)(F)F)ccn3)cc2)c(C(N)=O)n1N,Active
CN1C(=S)C(CC(=O)O)c2ccccc21,Inactive
O=C(CN1CCC(CCO)CC1)Nc1cc2c(Nc3ccc(F)c(Cl)c3)ncnc2s1,Inactive
COc1cc2nc(C)nc(N[C@H](C)c3cccc(C(F)(F)F)c3)c2cc1OC,Inactive
COc1cccc(Nc2cc(Nc3cccc(Cl)c3)ncn2)c1,Inactive
C=CC(=O)Nc1ccc2ncnc(Cc3ccc(F)c(Br)c3)c2c1,Active
COc1ccc(-c2cn(C3CCCC3)c3ncnc(N)c23)cc1,Active
S=C(Nc1cccnc1)Nc1ccc2ncnc(Nc3cccc(Br)c3)c2c1,Active
COc1cc(/C=C2\CCC/C(=C\c3cc(C(C)(C)C)c(O)c(C(C)(C)C)c3)C2=O)cc(OC)c1,Inactive
COc1ccc(C2=NN(c3nc(-c4ccc(Cl)cc4)cs3)C(c3ccc(Cl)cc3)C2)cc1,Inactive
CC(C)(C)CNc1c(C#N)cnc2c(Cl)cc(N[C@H](C3=CN(C4CC4)NN3)c3cccc4ncccc34)cc12,Active
C=CC(=O)Nc1cc(Nc2nccc(-c3cnc4c(cnn4C)c3)n2)c(OC)cc1N(C)CCN(C)C,Active
COc1cc2c(Nc3ccc(Cl)c(Cl)c3)ncnc2cc1OCc1cc(F)cc2c1OCOC2,Active
Nc1nc(N)c2c(n1)[nH]c1cccc(Sc3ccc4ccccc4c3)c12,Inactive
C=CC(=O)Nc1cc(Nc2cc(-n3c(SC)nnc3-c3ccc(F)cc3)ccn2)c(OC)cc1N1CCC(N2CCOCC2)CC1,Active
C=CC(=O)N1CC[C@H](Nc2nc(Nc3ccccc3)nc3cnc(Nc4ccc(N5CCN(C)CC5)cn4)cc23)C1,Active
COc1cc(C2NCCc3c2[nH]c2ccccc32)ccc1OCc1ccc(F)cc1Br,Inactive
COc1cc2ncnc(Nc3ccc(F)c(Cl)c3)c2cc1OCCN1CC2(CSC2)C1,Active
COC[C@H](C)Oc1cc2ncnc(Nc3ccc(F)c(Cl)c3)c2cc1NC(=O)/C=C/CN(C)C,Active
COc1ccc(C=C(C#N)C#N)cc1F,Inactive
N#Cc1cnc2c(Cl)cc(N[C@H](C3=CNNN3)c3cocn3)cc2c1N[C@H](CO)c1ccccc1,Active
C=C=CC(=O)Nc1cc(Nc2nccc(-c3cn(C)c4ccccc34)n2)ccc1N(C)CCN(C)C,Active
CC1CCN(C/C=C/C(=O)N2CCCOc3cc4ncnc(Nc5ccc(OCc6cccc(F)c6)c(Cl)c5)c4cc32)CC1,Inactive
Cc1c([C@H](Nc2cc(Cl)c3ncc(C#N)c(NCC(C)(C)C)c3c2)C2=CN(C3(C(F)(F)F)CC3)NN2)ccnc1O,Active
CCN(CC)C(=O)O[C@H]1CN[C@H](C#Cc2cc3ncnc(Nc4ccc(OCc5cccc(F)c5)c(Cl)c4)c3s2)C1,Active
C=CC(=O)Nc1cc2c(Nc3ccc(Br)cc3F)ncnc2cc1OCCN(C)C(C)=O,Active
CNC(=O)c1ccccc1Nc1nc(Nc2ccc3c(C(=O)N(C)C)c(C)[nH]c3c2)ncc1Cl,Inactive
Cc1ncnc(Nc2ccc(OCc3cccc(F)c3)c(Cl)c2)c1/C=C(\F)C(=O)NCCN1CCCC1,Active
COc1cc2cc(-c3ccc(O)cc3)cnc2cc1OC,Inactive
Brc1cccc(Nc2ncnc3cc(NCCN4CCOCC4)ncc23)c1,Active
CN1CCN(Cc2ccc(C(=O)Nc3ccc(-c4cncc(C#N)c4Nc4ccc(OCc5ccccn5)c(Cl)c4)cc3)cc2)CC1,Inactive
COc1cc2c(Nc3ccc(Br)c(Cl)c3)ncnc2cc1O[C@H]1CO[C@H]2[C@@H]1OC[C@@H]2OC,Active
CC(NC(=O)/C(C#N)=C/c1ccc(O)c(O)c1)c1ccccc1,Inactive
CS(=O)(=O)CCNCc1ccc(-c2cc3c(Nc4ccc(OCc5ccccc5)cc4)ncnc3cn2)o1,Active
COc1cc(N(C)CCN(C)C)ccc1Nc1nccc(-c2cn(CCCO)c3ccccc23)n1,Active
Cn1nc(-c2cnc3[nH]ccc3c2)c2c(N)ncnc21,Inactive
C=CC(=O)N1CCC[C@@H](Nc2nc(Nc3ccc(OCCOC)c(F)c3)ncc2F)C1,Active
C=CC(=O)Nc1cc(Nc2ncc(Cl)c(-c3cn[nH]c3)n2)c(OC)cc1N1CCC(N(C)C)CC1,Active
C#Cc1cccc(Nc2ncnc3cc(OCCCCCCn4ccnc4[N+](=O)[O-])c(OC)cc23)c1,Active
COc1cc(N2CCC(N3C[C@@H](C)N[C@@H](C)C3)CC2)ccc1Nc1ncc(Cl)c(Nc2ccccc2NS(C)(=O)=O)n1,Active
COC(=O)Nc1ccc(Nc2ncnc3cc(OC)c(OC)cc23)cc1Cl.Cl,Inactive
CN(C)CCc1cccc(Nc2nccc(-c3c(-c4cccc(NC(=O)Cc5ccccc5)c4)nc4sccn34)n2)c1,Active
Nc1ncnc2c1c(-c1ccc(Cl)c(O)c1)nn2C1CCCC1,Active
COc1ccc(-c2nn(C3CCCC3)c3ncnc(N)c23)cc1OC,Inactive
CCOc1cc2ncnc(Nc3cccc(-c4cncnc4)c3)c2cc1OCC,Inactive
NC(=O)c1nnc(N2CCC[C@@H](NC(=O)N3CCCCC3)C2)nc1Nc1ccc(C2CCN(C3CCCC3)CC2)cc1,Active
CCC(=O)NN1C(=O)c2c(c3c4cccc(O)c4n(C4OC(CO)C(O)C(O)C4O)c3c3[nH]c4c(O)cccc4c23)C1=O,Inactive
COC1CCN(c2nccc(Nc3cc4c(cn3)nc(COCCOCCON3CCN(c5ccc6c(c5)C(=O)N(C5CCC(=O)NC5=O)C6=O)CC3)n4C(C)C)n2)CC1,Inactive
COc1cc(N2CCC(N3CCN(CCS(C)(=O)=O)CC3)CC2)ccc1Nc1nccc(-c2c(-c3cccc(C(=O)Nc4c(F)cccc4F)c3)nc3ccccn23)n1,Active
Clc1cc(Nc2ncnc3ccc(NC4=NC[C@@H](COc5ccccc5)O4)cc23)ccc1OCc1nccs1,Active
Nc1ncnc2c1c(C(=O)Nc1nc3cc(Cl)ccc3o1)nn2[C@@H]1CCN(C(=O)/C=C/CN2CCCCC2)C1,Active
CC(=O)Nc1ccc(-c2cc3c(N[C@H](C)c4ccccc4)ncnc3[nH]2)cc1,Active
Cc1nc(S(=O)(=O)Cc2ccccc2)nc(-c2ccc(O)cc2O)c1C(=O)Nc1cccc([N+](=O)[O-])c1,Inactive
C=CC(=O)N[C@H]1C=C(C)c2c(-c3cnc4ccccc4c3)c3c(N)ncnc3n2C1,Inactive
COc1cc2c(Nc3ccc(Cl)c(Cl)c3)ncnc2cc1OCC1OCCN(CC(=O)c2ccccc2)C1=O,Active
C=CC(=O)N1CCC(Oc2cc3c(Nc4cccc(C5CC5)c4)c(C#N)cnc3cc2OC)CC1,Inactive
C#CCCCOc1cc2c(Nc3cccc(Cl)c3)ncnc2cc1OC,Active
Cc1cccc2c1/C(=C/c1ccc(N(C)C)cc1)C(=O)N2,Inactive
Cn1ncc2c([C@H](Nc3cc(C#N)c4ncc(C#N)c(NCC(C)(C)C)c4c3)C3=CN(C4(C)CC4)NN3)cccc21,Active
C#CCCN1CCN(c2ccc(Nc3nc(OC4CCN(C(=O)C=C)CC4)c4c(-c5cncc(NC)n5)c[nH]c4n3)cc2)CC1,Inactive
COc1cc(Nc2ncnc3ccc(C(F)(F)F)cc23)cc(OC)c1OC,Inactive
CCCCCCCCCCCCCCCCOC(=O)c1cc(NCc2cc(O)ccc2O)ccc1O,Inactive
C=CC(=O)N1CCC(n2cc(-c3cnc4ccccc4c3)c3c(N)ncnc32)C1,Active
CC(C)(C)Nc1c(C#N)cnc2cnc(NCc3cccnc3)cc12,Inactive
CCN1CCN(Cc2ccc(C(=O)N[C@@H]3[C@H]4Oc5ccc(Oc6ccnc7c6CCC(=O)N7)cc5[C@@H]34)cc2Cl)CC1,Active
COc1cc2ncnc(-c3c[nH]nc3-c3cccc(OCc4ccc5c(c4)CN(C)C5=O)c3)c2cc1OC,Inactive
C=CC(=O)Nc1cc(Nc2ncc3c(C)cc(-c4cnn(C)c4)n3n2)c(OC)cc1N(C)CCN(C)C,Active
Cc1ccn2ncnc(Nc3ccc4[nH]ncc4c3)c12,Active
Cc1ccc(C(=O)Nc2ccc(CN3CCN(C)CC3)c(C(F)(F)F)c2)cc1NC(=O)c1cnc(NC2CCCC2)nc1,Active
OCN(CO)c1c(Br)cccc1Nc1ncnc2ccncc12,Active
C=CC(=O)N1CCC(Nc2cncc(-c3cnc(Oc4cccc(OC(F)F)c4)nc3)n2)CC1,Active
COc1cc2c(Nc3ccc(Cl)c(Cl)c3)ncnc2cc1OCc1nc(-c2ccc(C(C)(C)C)cc2)no1,Active
O=C(C#CCCN1CCOCC1)Nc1ccc2ncnc(Nc3ccc(F)c(Cl)c3)c2c1,Active
C=CC(=O)Nc1cc2c(Nc3ccc(F)c(Cl)c3)ncnc2cc1OCCC1CC12CCN(C)CC2,Active
O=C(NCCN1CCCCC1)Nc1ccc2ncnc(Nc3cccc(Br)c3)c2c1,Active
C=CC(=O)Nc1cc(Nc2ncc3nc(Nc4ccccc4)n(C(C)C)c3n2)c(OC)cc1N(C)CCN(C)C,Active
Cc1sc([Se]c2sc(C)c(-c3cccc(Cl)c3)c2C(=O)NC(CO)C(=O)N2CCCC2)c(C(=O)NC(CO)C(=O)N2CCCC2)c1-c1cccc(Cl)c1,Active
Clc1ccc2c(Nc3ccc(-c4nc5ccccc5s4)c(Cl)c3)ncnc2c1,Active
CC#CC(=O)Nc1ccc2ncc(C#N)c(Nc3ccc(F)c(Cl)c3)c2c1,Active
CCOc1ccc(-c2nc3ccccn3c2-c2ccnc(Nc3cc(C)c(N4CCC(CCS(C)(=O)=O)CC4)cc3OC)n2)cc1C(=O)Nc1c(F)cccc1F,Inactive
CCOC(=O)C(=O)Oc1ccc(-c2c(C(=O)OCC)oc3cc(O)cc(O)c3c2=O)cc1.O=C(O)C(=O)O,Inactive
N#CC(C#N)=Cc1ccc2c(c1)OCO2,Inactive
CCS(=O)(=O)Nc1nc(-c2ccc(F)cc2)c(-c2ccnc(Nc3ccc4c(ccn4CCN(C)C)c3)n2)s1,Active
C=CC(=O)N1CCC(Oc2cc3c(Nc4ccc(OCc5ccccn5)c(Cl)c4)ncnc3cc2O[C@H]2CCOC2)CC1,Active
C=CC(=O)Nc1cc2c(Nc3ccc(Br)cc3F)ncnc2cc1OCC1CCN(C(C)=O)CC1,Active
COc1ccc(-c2c3c4cc(OCCCN5CCOCC5)c(OCCCN5CCOCC5)cc4oc(=O)c3n3ccc4cc(O)c(OC)cc4c23)cc1O.CS(=O)(=O)O.CS(=O)(=O)O,Inactive
C=CC(=O)O[C@H]1CC[C@]2(C)[C@H]3CC=C4[C@@H]5CC(C)(C)CC[C@]5(C(=O)OCCCCO[N+](=O)[O-])CC[C@@]4(C)[C@]3(C)CC[C@H]2C1(C)C,Inactive
COc1cc2ncnc(Nc3cccc(Br)c3)c2cc1N,Active
Cc1nc(F)ccc1[C@H](Nc1cc(Cl)c2ncc(C#N)c(NCC(C)(C)C(F)(F)F)c2c1)C1=C(F)N(C2(C)CC2)NN1,Active
O=C(Cc1ccccc1)Nc1cccc(-c2nc3sccn3c2-c2ccnc(Nc3ccc(N4CCOCC4)cc3)n2)c1,Active
COc1cc2ncnc(Nc3ccc(OCc4cccc(F)c4)c(Cl)c3)c2cc1NC(=O)C1CSSC1,Active
C=CC(=O)Nc1cc(-n2c(=O)cc(C)c3cnc(Nc4ccc(N5CCN(C)C(C)C5)cc4OC)nc32)cc(C(F)(F)F)c1,Active
CC(C)Nc1ncc2cc(-c3c(Cl)cccc3Cl)c(=O)n(C)c2n1,Inactive
COc1cc2c(Nc3ccc(NC(=O)c4ccccc4Cl)cc3)ncnc2cc1OCCCN1CCN(C)CC1,Active
C=CC(=O)Nc1cccc(Oc2nc(Nc3ccc(N4CCN(C(=O)C(F)(F)F)CC4)cc3OC)ncc2SC)c1,Active
CCC(=O)Nc1cccc(Oc2nc(Nc3cc(C)[nH]n3)cc(N3CCN(C)CC3)n2)c1,Inactive
CC(C)(C)CNc1c(C#N)cnc2c(Cl)cc(N[C@H](C3=CN(C4(C(F)F)CC4)NN3)c3cccc4cnccc34)cc12,Active
COc1cc2c(Nc3ccc(Br)c(Cl)c3)ncnc2cc1OC1=CO[C@H]2[C@H]1OC[C@@]21COC(C)(C)O1,Active
C=CC(=O)Nc1cccc(-c2cccc3cnc(Nc4ccc(N[C@H]5CCN(C)C5)cc4)nc23)c1,Active
COc1cc(N2CCN(C)CC2)ccc1Nc1ncc(Cl)c(Oc2cccc(NC(=O)/C(C#N)=C/c3ccc(F)cc3)c2)n1,Inactive
C=CC(=O)N1CCC([C@@H]2CCNC3C(C(N)=O)C(c4ccc(Oc5ccccc5)cc4)=NN32)CC1,Active
C=CC(=O)Nc1cccc(Oc2nc(Nc3ccc(N4CCN(CC)CC4)cc3)c(C(N)=O)nc2CC)c1,Active
Fc1ccc(Nc2ncnc3cc4c(cc23)OCCO4)c(F)c1Br,Active
COc1cc2c(cc1OC)Sc1ncnc(Sc3cccc(Br)c3)c1NC2,Inactive
CCOc1ccc(C(=O)N[C@@H]2CCCN(c3nnc(C(N)=O)c(Nc4ccc(C5=NCCN5C)cc4)n3)C2)cc1,Inactive
O=C(Cc1ccc(Br)cc1)NS(=O)(=O)c1ccc(Br)cc1,Inactive
C=CC(=O)Nc1cc(-c2cn(C)c3ccccc23)ccn1,Inactive
COc1cc2ncc(C#N)c(Nc3ccc(-n4ccnc4)c(Cl)c3)c2cc1NC(=O)/C=C/CN(C)C,Active
COc1cc2c(cc1Cl)C(c1ccc(Cl)c(Cl)c1)=NCC2,Inactive
CC(C)(C)C(=O)Nc1nc(Nc2ccc(F)c(Cl)c2)c2cc(CCc3ccccn3)[nH]c2n1,Inactive
CCCCCN1CCOC(COc2cc3ncnc(Nc4ccc(Cl)c(Cl)c4)c3cc2OC)C1,Active
COc1cc2c(Nc3ccc(Cl)c(Cl)c3)ncnc2cc1OCc1nsc(CN2CCN(C)CC2)n1,Active
NS(=O)(=O)c1ccc(Nc2ncnc3ccc(NC(=S)NCc4ccccc4)cc23)cc1,Active
Nc1cc2ncnc(NCc3cccc(C(F)(F)F)c3)c2cn1,Inactive
O=C(O[C@H]1CN[C@H](C#Cc2cc3ncnc(Nc4ccc(Oc5ccccn5)c(Cl)c4)c3s2)C1)N1CCOCC1,Active
C=CC(=O)Nc1cc(Nc2ncc(Cl)c(-c3cn(C)c4ccccc34)n2)c(OC)cc1N(C)CCN(C)C,Inactive
CN(C)c1ccc(CCCCCn2c3c(c4cc(OCCc5ccc(O)cc5)ccc42)CC(N)CC3)cc1.Cl.Cl,Inactive
N#CN1CCCC(n2nc(-c3ccc(Oc4cccc(C(F)(F)F)n4)cc3)c(C(N)=O)c2N)C1,Inactive
C=Cc1cccc(Oc2cc3c(Nc4cccc(Cl)c4F)ncnc3cc2OC)n1,Active
O=C(/C=C/CN1CCCCC1)Nc1cc2c(Nc3ccc(F)c(Cl)c3)ncnc2cc1OCCF,Active
COc1cc(N2CCC(N3CCN(S(C)(=O)=O)CC3)CC2)ccc1Nc1nccc(-c2c(-c3ccc(OC(C)C)c(C(=O)Nc4c(F)cccc4F)c3)nc3ccccn23)n1,Inactive
O=C(c1ccc(F)c(F)c1Nc1ccc(I)cc1F)N1CC(O)([C@@H]2CCCCN2)C1,Inactive
CC(C)c1ccc(Nc2nc(NC(=O)C(C)(C)C)nc3[nH]c4cccc(Cl)c4c23)cc1,Inactive
CCC(=O)N1CCC[C@@H](n2c(=O)c(-c3ccccc3Cl)c(C)c3cnc(Nc4ccc(N5CCN(C)CC5)c(C)c4)nc32)C1,Active
C=CC(=O)Nc1ccc(OC)c(Nc2cc(-c3[nH]c(SC)nc3-c3ccc4ccccc4c3)ccn2)c1,Active
C=CC(=O)Nc1cccc(-n2c(=O)c(=O)n(CC)c3cnc(Nc4ccc(N5CCN(C)CC5)cc4OC)nc32)c1,Active
Cn1cc(-c2cc(C(=O)/N=c3\[nH]c4ccccc4n3[C@H]3CC[C@@H](O)C3)ccn2)cn1,Inactive
O=C1CCC(N2C(=O)c3ccc(OCCOCCOCCOCCOCCN4CCN(Cc5ccc(C6Cc7c(NCc8ccccc8Cl)ncnc7N6)cc5)CC4)cc3C2=O)C(=O)N1,Inactive
CCN(CC)CCNC(=O)c1c(C)[nH]c(/C=C2\C(=O)Nc3ccc(Br)cc32)c1C,Inactive
Cc1nc(C)c(/C=C2\CN(C(C)C)C/C(=C\c3nc(C)c(C)nc3C)C2=NO)nc1C,Inactive
COc1ccc(-c2c3c4cc(OC)c(OCCN(C)C)cc4oc(=O)c3n3ccc4cc(O)c(OC)cc4c23)cc1O.O=C(O)C(F)(F)F,Active
COc1cc2c(Nc3ccc(Cl)c(Cl)c3)ncnc2cc1OCc1noc(C(C)(C)C)n1,Active
CN1CCCN([C@@H]2CCCN(c3cnc(C(N)=O)c(Nc4ccc(C5(C)CCN(C6CCCC6)CC5)cc4)n3)C2)C1=O,Active
COc1cc2c(Nc3ccc(Cl)c(Cl)c3)ncnc2cc1OCC1CN(CCC(C)C)CCCO1,Active
C=CC(=O)N1CCCC(N(C)c2nc(Nc3ccc(N4CCOCC4)cc3)c3c(c2F)CNC3=O)C1,Inactive
C=CC(=O)Nc1cc(Nc2ncc3ccc(C4CC4)n3n2)c(OC)cc1N1CCC(N(C)C)CC1,Active
N#CCCSc1nc(-c2ccc(F)cc2)c(-c2ccnc(Nc3ccccc3)c2)[nH]1,Active
COc1ccc2c(c1)SCc1cnc(-c3ccccc3)nc1-2,Inactive
C=CC(=O)Nc1cccc(-n2c(=O)c(C3CCCCC3)nc3cnc(Nc4cccc(OCCOC)c4)nc32)c1,Inactive
COc1cc2ncnc(Nc3cccc(Cl)c3F)c2cc1CN1CC(C(N)=O)C1,Active
C=CC(=O)Nc1cc(Nc2nccc(NC(=O)c3ccc(C(F)(F)F)cc3)n2)c(OC)cc1N1CCN(C)CC1,Active
C=CC(=O)Nc1cccc(Nc2nc(Nc3ccc(Cn4ccnc4)cc3)ncc2Cl)c1,Active
CCN(CC)C/C=C/C(=O)N1CCC[C@@H](n2nc(C(=O)Nc3nc4cc(Cl)ccc4o3)c3c(N)ncnc32)C1,Active
COc1cc(N2CCC(N(C)C)CC2)ccc1Nc1ncc(Cl)c(Nc2ccccc2NS(C)(=O)=O)n1,Active
C=CC(=O)N1CC(Nc2nc(Nc3ccc(N4CCOCC4C)c(F)c3)c3c(c2F)CNC3=O)CCC1C,Inactive
N#CC(C#N)=C(C#N)c1ccc(C=O)cc1,Inactive
C=CC(=O)Nc1cccc(Oc2nc(Nc3ccc(OC)cc3OC)ncc2C(F)(F)F)c1,Active
C=CC(=O)N1CCC(Oc2nc(Nc3ccc(N4CCN(C)CC4)c(F)c3)ncc2Cl)CC1,Active
C=CC(=O)Nc1cc(Nc2ncc(C#N)c(-c3cn(C)c4ccc(F)cc34)n2)c(OC)cc1N(C)CCN(C)C,Inactive
CNC1CCN(Cc2ccn3ncnc(Nc4ccc5c(cnn5Cc5cccc(F)c5)c4)c23)CC1,Active
COc1cc(N2CCN(CCS(C)(=O)=O)CC2)ccc1Nc1nccc(-c2c(-c3cccc(C(=O)Nc4c(F)cccc4F)c3)nc3ccccn23)n1,Active
N#C/C(=C\c1cc(CSc2ccccc2)c(O)c(OCc2ccccc2)c1)C(N)=O,Active
CN(C)CCCn1ccc2cc3c(Nc4cccc(Br)c4)ncnc3cc21,Active
COc1cc2ncnc(Nc3cc(OC)c(OC)c(OC)c3)c2cc1OC,Inactive
COc1cc2cc(-c3ccc(Cl)s3)cnc2cc1OC,Inactive
C#Cc1cccc(Nc2ncnn3ccc(COC[C@@H]4CNCCO4)c23)c1,Active
C#Cc1cccc(Nc2ncnc3cc(OCCOC(=O)Cc4c(C)n(C(=O)c5ccc(Cl)cc5)c5ccc(OC)cc45)c(OCCOC)cc23)c1,Active
COc1ccc2c3oc(=O)cc(O)c3c(=O)n(C)c2c1,Inactive
COC(=O)c1cc(/N=C/c2cc(O)ccc2O)ccc1OC,Inactive
Cc1cc(O)ccc1-c1nn(C(C)C)c2ncnc(N)c12,Active
COC1CNCCN(Cc2ccn3ncnc(Nc4ccc5c(cnn5Cc5cccc(F)c5)c4)c23)C1,Active
Nc1cccc2ncnc(Nc3cccc(Br)c3)c12,Active
CCC(=O)N1CC[C@H](N2C(=O)N(c3cc(OC)ccc3F)Cc3cnc(Nc4ccc(N5CCN(C)CC5)cc4C)nc32)C1,Inactive
CCc1c(CC(=O)O)cn2ncnc(Nc3ccc4c(cnn4Cc4ccccc4)c3)c12,Inactive
Cc1ccc2c(c1)nc(NC(=O)c1cccc(C(F)(F)F)c1)n2[C@H]1CC[C@H](O)CC1,Inactive
Fc1c(Nc2ncnc3cc4c(cc23)OCCO4)ccc(Br)c1Br,Active
C=CC(=O)Nc1cc(Nc2ncc(C(=O)OCC3CC3)c(-c3cn(C)c4ccccc34)n2)c(OC)cc1N(C)CCN(C)C,Active
CC(C)N1C=C([C@@H](Nc2cc(Cl)c3ncc(C#N)c(Nc4ccc(F)c(Cl)c4)c3c2)c2cccc3c2CNC3)NN1,Active
O=C(Nc1nccs1)C(c1ncn2c1CCC2)N1Cc2c(F)cc(C#Cc3cccnc3)cc2C1=O,Active
Clc1cccc(Nc2ncnc3ccc(NCc4ccc(Br)s4)cc23)c1,Inactive
C=CC(=O)N1CCCC(Nc2nc3c(c(-c4cnn(C)c4)n2)C(=O)NC3)C1,Inactive
OCCOCCNCc1ccc(-c2cc3nccc(Nc4ccc5[nH]ccc5c4)c3s2)cc1,Active
COc1cc2c(Nc3cccc(Cl)c3C)ncnc2cc1OCC1CN(C)CCO1,Active
CCOc1ccc2cc(-c3nn(C4CCN(C)CC4)c4ncnc(N)c34)ccc2c1.Cl,Inactive
O=C(NCCCl)Nc1ccc2ncnc(Nc3cccc(Br)c3)c2c1,Active
CC(C)(C)N1CCC(N2C=C([C@@H](Nc3cc(Cl)c4ncc(C#N)c(Nc5ccc(F)c(Cl)c5)c4c3)c3ccc(Cl)nc3Cl)NN2)CC1,Active
C[C@@H]1CN(c2nc(C(F)(F)F)no2)CCN1c1ncc(OCc2ccc(CS(C)(=O)=O)cc2F)cn1,Inactive
CC#CC(=O)Nc1ccc2ncc(C#N)c(Nc3cccc(Br)c3)c2c1,Inactive
COCCOc1ccc(Nc2ncc(F)c(Nc3cccc(CC(=O)C=C(C)C)c3)n2)cc1F,Inactive
O=C1NCc2ccc(Oc3ccc(Nc4ncnc5ccn(CCO)c45)cc3Cl)cc21,Active
C=CC(=O)NCCOc1cc(Cc2ccccc2)cc2[nH]c(-c3n[nH]c4cc(-c5cn[nH]c5)ccc34)cc12,Inactive
Cc1ccc(C2=NN(C3=NC(=O)CS3)C(c3ccc(Cl)cc3)C2)cc1,Inactive
Fc1ccc(Nc2ncnc3ccc(-c4cnn(C5CCNCC5)c4)cc23)cc1Cl,Active
Cc1cc(C(=O)/N=c2\[nH]c3ccc(CN4CCOCC4)cc3n2C2CCCCC2)cc(-c2cnn(C)c2)n1,Active
Cl.Cn1c2ccccc2c2ncnc(Nc3cccc(Br)c3)c21,Active
C=CC(=O)Nc1nc2c(Nc3ccc(F)c(Cl)c3)ncnc2cc1OCCOC,Active
CC(C)=CC(=O)Nc1cc(Nc2nccc(-c3cn(C)c4ccccc34)n2)cc2cnn(CCN(C)C)c12,Active
C=CC(=O)Nc1cccc(Nc2nc(Nc3ccc(N4CCN(C(=O)CCCCNc5cccc6c5C(=O)N(C5CCC(=O)NC5=O)C6=O)CC4)cc3OC)ncc2C(F)(F)F)c1,Active
CCN(CC)CCOc1cc2c(Nc3ccc(Br)cc3F)ncnc2cc1OC,Inactive
CS(=O)(=O)N1CCc2cc(Nc3ncc(C(F)(F)F)c(NCCCN)n3)ccc2C1,Inactive
C=CC(=O)Nc1cc(Nc2ncc(Cl)c(-c3cnn4ccccc34)n2)c(OC)cc1N1CC[C@@H](N(C)C)C1,Inactive
Clc1cccc(Nc2ncnc3c2sc2ncccc23)c1,Inactive
Cc1ccc(Nc2ncnc3[nH]c4c(c23)CCCC4)cc1,Active
Cc1ncsc1[C@H](Nc1cc(Cl)c2ncc(C#N)c(Nc3ccc(Cl)c(Cl)c3F)c2c1)C1=CN(C2CCN(C(C)(C)C)CC2)NN1,Active
O=C(O[C@H]1CN[C@H](C#Cc2cc3ncnc(Nc4ccc5c(cnn5Cc5cc(F)ccc5F)c4)c3s2)C1)N1CCOCC1,Active
COc1cc2ncc(C#N)c(Nc3ccc(F)c(Cl)c3)c2cc1NC(=O)/C=C/CN1CCOCC1,Inactive
O=c1[nH]c2ccccc2nc1/C=C/c1ccccc1Br,Inactive
C=CC(=O)Nc1cccc(Oc2nc(Nc3n[nH]c4ccc(Br)cc34)cc(N3CCN(C)CC3)n2)c1,Inactive
C=CC(=O)Nc1cccc(-c2c(-c3ccc(N4CCN(C)CC4)cc3)oc3ncnc(NCCO)c23)c1,Active
CCOc1cc2ncnc(Nc3ccc(OCc4ccccn4)c(Cl)c3)c2cc1NC(=O)/C=C/CN1C[C@@H]2OCCO[C@@H]2C1,Active
CNC(=O)Nc1ccc2c(c1)CC[C@@]21OC(=O)N(CC(=O)N(Cc2ccc(F)cc2)[C@@H](C)C(F)(F)F)C1=O,Inactive
C[C@@H](Nc1ncnc2[nH]c(-c3ccc(OCCCCCC(=O)NO)cc3)cc12)c1ccccc1,Active
O=C1Cc2cccc(Oc3ccc(Nc4ncnc5ccn(CCO)c45)cc3Cl)c2N1,Active
CN1CCCN([C@@H]2CCCN(c3cnc(C(N)=O)c(Nc4ccc(C5CCN(C6CC6)CC5)cc4)n3)C2)C1=O,Active
COc1cc2ncnc(Nc3ccc(F)c(Cl)c3)c2cc1OCCCN1CC[Se]CC1,Inactive
O=[N+]([O-])c1ccccc1-c1nnc(SCc2ccccc2)o1,Inactive
COc1cc2ncnc3c2cc1OCCOCCOc1cccc(c1)N3,Inactive
CN(C)CCCNc1c(Br)cccc1Nc1ncnc2ccncc12,Active
COc1cc2ncnc(NC3CC3c3ccccc3)c2cc1OC(C)=O,Inactive
COc1ccc2ncc(-c3ccsc3)cc2c1,Inactive
Cn1c(=O)c(-c2c(Cl)cccc2Cl)cc2cncnc21,Inactive
O=C(CCSC(=S)N1CCN(c2ccccc2)CC1)Nc1cccc(NC(=O)c2ccccn2)c1,Active
O=C(O)Cn1ccc2cc3c(Nc4cccc(Br)c4)ncnc3cc21,Inactive
CC(C)c1ncc(N2CC[C@H]2C)c2cnc(Nc3ccnc(N4CC[C@@H](O)[C@@](C)(F)C4)n3)cc12,Inactive
COc1cc2ncnc(Nc3cccc(C#N)c3)c2cc1OC,Active
Clc1cccc(Nc2ncnc3[nH]c(-c4ccccc4)c(-c4ccccc4)c23)c1,Inactive
CN1CCN(C/C=C/C(=O)N2CCOc3c2ccc2ncnc(Nc4ccc(Oc5ccn6ncnc6c5)c(Cl)c4)c32)CC1,Active
C=CS(=O)(=O)N1CCc2c(sc3ncnc(N[C@H](CO)c4ccccc4)c23)C1,Inactive
FC(F)(F)c1cccc(Nc2ncnc3[nH]c(CCc4ccccc4)cc23)c1,Inactive
CC(C)(C)CNc1c(C#N)cnc2c(C#N)cc(N[C@H](C3=CN(C(C)(C)C(F)F)NN3)c3cccc4cnccc34)cc12,Active
COc1cc(N2CCN(C)CC2)ccc1Nc1ncc(Cl)c(Oc2ccc(N=C=S)cc2)n1,Inactive
COC(=O)Cc1cc(/N=C/c2cc(O)ccc2O)ccc1O,Inactive
COc1cc2c(cc1OC)Oc1ncnc(Nc3ccc(Br)cc3)c1NC2,Inactive
N#Cc1cnc(Nc2cccc(Br)c2)c2cc(NC(=O)c3ccco3)ccc12,Inactive
Cc1cccc2c1nc(NC(=O)c1cccc(C(F)(F)F)c1)n2[C@H]1CC[C@H](O)CC1,Inactive
CC(C)(C)CNc1c(C#N)cnc2c(Cl)cc(N[C@H](C3=CN(C4CC4)NN3)c3csc4cnccc34)cc12,Active
COCOc1cc2ncc(C#N)c(Nc3cccc(Br)c3)c2cc1OCOC,Inactive
COc1ccc(-c2c3c4cc(O)c(OCCCN(C)C)cc4oc(=O)c3n3ccc4cc(O)c(OC)cc4c23)cc1O.O=C(O)C(F)(F)F,Active
COc1cc2c(Nc3ccc(F)c(Cl)c3)ncnc2cc1OCCCCn1ccnc1[N+](=O)[O-],Active
CS(=O)(=O)CCNCc1ccc(-c2cc3c(Nc4ccc(OCc5cccc(F)c5)c(Cl)c4)ncnc3s2)o1,Active
OCC(O)CNc1c(Br)cccc1Nc1ncnc2ccncc12,Active
Cc1nc(F)ccc1[C@H](Nc1cc(C#N)c2ncc(C#N)c(NCC(C)(C)C(F)(F)F)c2c1)C1=CN(C2(C)CC2)NN1,Active
C=CC(=O)Nc1cc2c(Nc3ccc(Br)cc3F)ncnc2cc1OCCCNCCC=O,Active
C=CC(=O)N1CCC(Oc2cc3c(Nc4ccc(Cl)cc4Cl)ncnc3cc2OC)C1,Active
O=[N+]([O-])c1cccc(Oc2cc(Nc3ccc(OCc4cccc(F)c4)c(Cl)c3)ncn2)c1,Inactive
CCOC(=O)Nc1ccc(Oc2ncnc3ccccc23)cc1C,Inactive
c1ccc2ncc(-c3c[nH]c4ccccc34)cc2c1,Inactive
COC1CCN(c2nccc(Nc3cc4c(cn3)nc(COCCOCCN3CCN(CCCCc5ccc6c(c5)C(=O)N(C5CCC(=O)NC5=O)C6=O)CC3)n4C(C)C)n2)CC1,Inactive
Oc1cc2cc(-c3cccnc3)cnc2cc1O,Active
OCCn1ccc2ncnc(Nc3ccc(Oc4cccc5sccc45)c(Cl)c3)c21,Active
CCOc1ccc(-c2nc3ccccn3c2-c2ccnc(Nc3ccc(N4CCC(N5CCN(CCS(C)(=O)=O)CC5)CC4)cc3OC)n2)cc1C(=O)Nc1c(F)cccc1F,Inactive
COc1ccc(/C=N/Nc2ncc(Cl)c(Nc3ccccc3S(=O)(=O)C(C)C)n2)cc1,Active
COc1cc(N2CCC(N3CCN(C)CC3)CC2)ccc1Nc1ncc(Cl)c(-c2cn(S(C)(=O)=O)c3ccccc23)n1,Active
Cc1nc(F)ccc1[C@H](Nc1cc(C#N)c2ncc(C#N)c(NCC(C)(C)C)c2c1)C1=CN(C2(C(N)=O)CC2)NN1,Active
CCC(=O)N1CCOc2c1ccc1ncnc(Nc3cccc(C(F)(F)F)c3)c21,Active
CN1CCC(c2ccc3c(c2)[nH]/c(=N\C(=O)c2ccnc(-c4cnn(C)c4)c2)n3C2CCCC2)CC1,Inactive
C[C@@H](Nc1c(C#N)cnc2c(Cl)cc(N[C@H](C3=CNNN3)c3cccnc3)cc12)c1ccccc1,Active
O=C(Cc1csc2nc3ccccc3n12)Nc1cccc2ccccc12,Inactive
Cc1ccn2ncnc(Nc3ccc4c(cnn4Cc4cccc(F)c4)c3)c12,Active
O=c1ccc2ccc(Oc3nc(Nc4ccc(N5CCC(N6CCCCC6)CC5)cc4)nc4ccsc34)cc2[nH]1,Inactive
CC(C)N(CC#CC(=O)Nc1ccc2ncnc(Nc3cccc(Br)c3)c2c1)C(C)C,Active
COc1cc2c(Nc3ccc(Cl)cc3F)ncnc2cc1OCCCN1CCOCC1,Active
NC(=S)N1N=C(c2ccc(F)cc2)CC1c1ccc2ccccc2c1,Inactive
COC1=CC(=O)C=C(/C=C2\CCCC3CCCCC23)C1=O,Inactive
C=CC(=O)Nc1ccc2ncc(NC(=O)Nc3ccccc3)nc2c1,Active
Cc1ccn2ncnc(Nc3ccc(F)c(Cl)c3)c12,Inactive
Clc1cccc(Nc2[nH]nc3ncnc(Nc4cccc(Br)c4)c23)c1,Active
O=C(CBr)OCCn1c(=O)oc2cc3ncnc(Nc4ccc(NC(=O)N5CCCCC5)cc4)c3cc21,Inactive
COc1cc2cc(-c3sccc3Cl)cnc2cc1OC,Inactive
COc1cc(/C=C(\C#N)C(N)=O)cc(CSc2ccccn2)c1O,Inactive
C=CC(=O)N1CCC(C2CCNc3c(C(N)=O)c(-c4cc(OC)c5c(C)csc5c4)nn32)CC1,Active
Clc1cc(Nc2ncnc3[nH]nc(OCCN4CCCCCO4)c23)ccc1OCc1ccccn1,Active
COc1nc(N(C)c2ccccc2)c2cc(OC)c(OC)cc2n1,Inactive
CNC(=O)c1ccc(Nc2nccc(-c3cnc(C)n3C(C)C)n2)cc1F,Inactive
O=C(/N=c1\[nH]c2ccccc2n1C1CCCC1)c1ccnc(-c2cccnc2)c1,Active
Nc1ccc2ncnc(Nc3cccc(Br)c3)c2c1,Inactive
Cc1ccc(C(=O)N[C@@H]2CCCN(c3nnc(C(N)=O)c(Nc4ccc(C(=O)N5CCOCC5)cc4)n3)C2)s1,Inactive
COc1cc(/C=C(/C#N)C(N)=O)cc(CSCc2ccc(Cl)cc2)c1O,Inactive
C=CC(=O)N1CCC(n2c(NC(=O)c3cccc(C(F)(F)F)c3)nc3cc(C)ccc32)CC1,Inactive
Nc1ncnc2c1c(-c1ccc(O)cc1)cn2C1CCNC1,Inactive
CC(=O)N1N=C(c2ccc(C)c(C)c2)CC1c1ccccc1,Inactive
CC(C)n1nc(-c2ccc3[nH]ccc3c2)c2c(N)ncnc21,Active
CO/N=C/c1c(N)ncnc1Nc1ccc(F)c(Cl)c1,Active
Cc1cc(Nc2ncnc3cccc(OC4CCN(C)CC4(F)F)c23)ccc1Oc1ccn2ncnc2c1,Inactive
CCN(CC)CC1CCN(c2ncc3ncnc(Nc4ccc(F)c(Cl)c4)c3n2)CC1,Active
NC1CCN(Cc2ccn3ncnc(Nc4ccccc4)c23)CC1,Active
C=CC(=O)N1CCC(Oc2cc3c(Nc4cccc5cnn(C)c45)ncnc3cc2OC)C1,Inactive
Nc1cc2ncnc(Nc3cccnc3)c2cn1,Inactive
CN(C)CCc1ccc(-c2cc3ncnc(Nc4ccc5[nH]ccc5c4)c3s2)cc1,Active
C=CC(=O)Nc1cccc(Nc2nc(Nc3ccc(OC)nc3)ncc2C2CC2)c1,Active
COc1cc2c(Oc3ccc(NS(=O)(=O)c4cccc(-c5cnn(C)c5)c4)cc3F)ccnc2cc1OCCCN1CCOCC1,Inactive
C=CC(=O)N1CC[C@H](Nc2cncc(-c3cnc(Nc4cccc(C)n4)nc3)c2)C1,Inactive
COc1cc2nc(Cl)nc(Nc3ccc(C(=O)O)cc3)c2cc1OC,Inactive
Clc1ccc(C2CC(c3ccc(Br)cc3)=NN2c2nc(-c3ccccc3)cs2)cc1,Inactive
COc1cc(N2CCN(C3CCN(C(=O)OC(C)(C)C)CC3)CC2)ccc1Nc1ncc(Cl)c(Nc2ccccc2NS(C)(=O)=O)n1,Active
C/N=N/Nc1ccc2ncnc(NCc3ccccc3)c2c1,Active
COc1cc(N2CCC(N3CCCCC3)CC2)ccc1Nc1nccc(-c2c(-c3cccc(C(=O)Nc4ccc(F)cc4F)c3)nc3ccccn23)n1,Inactive
CCOc1ccc(-c2nc3ccccn3c2-c2ccnc(Nc3ccc(N4CCC(N5CCCCC5)CC4)c(C)c3OC)n2)cc1C(=O)Nc1c(F)cccc1F,Inactive
Cc1ncsc1-c1ccc(CNC(=O)[C@@H]2C[C@@H](O)CN2C(=O)[C@H](C(C)C)N2Cc3ccccc3C2=O)c(OCCOCCOCCOCCOCCOCC#Cc2cccc3c2C(=O)N([C@@H](C(=O)Nc2nccs2)c2cc(F)ccc2O)C3)c1,Inactive
Oc1ccccc1CNc1ccc2ncnc(Nc3cccc(Cl)c3)c2c1,Inactive
C#Cc1cccc(Nc2ncnc3ccc(OCCCCCCC(=O)NO)cc23)c1,Active
CC(=O)c1ccc(Nc2c(C#N)cncc2-c2ccc(NC(=O)/C=C/CN(C)C)cc2)cc1,Inactive
NC(=O)Nc1ccc2ncnc(Nc3ccc(Oc4ccc(Cl)c(Cl)c4)c(Cl)c3)c2c1,Active
C=CC(=O)N1CC[C@H](Oc2cc3c(Nc4ccc(F)c(Cl)c4F)ncnc3cc2OC)C[C@H]1C(N)=O,Active
c1ccc(Nc2nc[nH]c3nnc(Nc4ccccc4)c2-3)cc1,Inactive
N#C/C(=C\c1ccc(O)c(O)c1)C(=O)NCC1CCCC(CNC(=O)/C(C#N)=C/c2ccc(O)c(O)c2)C1,Inactive
CCOc1cc2ncnc(Nc3ccc(F)c(Cl)c3)c2cc1NC(=O)CO,Active
COc1cc2ncc(C#N)c(Nc3ccccc3C(C)C)c2cc1OC,Active
C=CC(=O)N1CC[C@H](n2cc(-c3ccncc3)c(-c3cccc(/C=C/c4ccc5c(c4)CN(C)C5=O)c3)n2)C1,Inactive
Cn1ccc2c([C@H](Nc3cc(C#N)c4ncnc(NCC(C)(C)C)c4c3)c3cn(C4(C(F)F)CC4)nn3)cccc2c1=O,Active
CC(C)(C)CNc1c(C#N)cnc2c(Cl)cc(N[C@H](C3=CN(C4(C(F)(F)F)CC4)NN3)c3ccc(F)c4cnccc34)cc12,Active
C[C@H](CN)n1nc(-c2ccc(Cl)c(O)c2)c2c(N)ncnc21,Inactive
CC(C)c1ccccc1Nc1nc(N)nc2[nH]c(Cc3ccc(Cl)cc3Cl)cc12,Inactive
CC(C)c1ccc(Nc2nc(N)nc3c2-c2ccccc2C3)cc1,Inactive
N#Cc1cnc2c(Cl)cc(N[C@@H](C3=CN(C4CC4)NN3)c3ccc(F)nc3)cc2c1NC1C2CC3CC(C2)CC1C3,Active
C=CC(=O)Nc1cccc(Nc2nc(Nc3cccc(OCCCNC(=O)OC(C)(C)C)c3)ncc2C)c1,Active
Cn1cc(-c2cccc(NC(=O)c3cc4c(nc3O[C@H]3C[C@@H](O)C3)OC(C)(C)C4)n2)cn1,Inactive
CS(=O)(=O)CCN(CC#N)Cc1ccc(-c2ccc3ncnc(Nc4ccc(OCc5cccc(F)c5)c(Cl)c4)c3c2)o1,Active
CCC(C)N1C=C([C@@H](Nc2cc(Cl)c3ncc(C#N)c(NCC(C)(C)C)c3c2)c2cccc3c(=O)n(C)ccc23)NN1,Active
COc1cc2ncc(C(N)=O)c(Nc3cccc(Br)c3)c2cc1OC,Inactive
COc1ncccc1[C@H](Nc1cc(Cl)c2ncc(C#N)c(NCC(C)(C)C)c2c1)C1=CN(C2(C(F)(F)F)CC2)NN1,Active
C=CC(=O)Nc1cc2c(Nc3ccc(Br)c(F)c3F)ncnc2cc1OCCNC(=O)CCN1CCCCC1,Active
O=C(Nc1nccs1)C(c1ncn2c1C[C@@H](F)C2)n1cc2c(Cl)cc(-c3ccc(N4CCOCC4)cc3)c(Cl)c2n1,Active
Cc1ccc2c(Nc3ccc(F)c(Cl)c3)ncnn12,Inactive
COc1cccc(-c2ccc3c(c2)NC(=O)/C3=C\c2[nH]cc(C)c2CCC(=O)O)c1,Inactive
Cc1ccc(C(=O)Nc2cccc(Nc3nccc(-c4cccnc4)n3)c2)cc1,Inactive
COc1cc2ncnc(Oc3ccc(F)c(Cl)c3)c2cc1OC,Inactive
COc1ccccc1C(=O)NCc1ccc(-c2nn(C(C)(C)C)c3ncnc(N)c23)cc1,Active
COc1ccc(-c2cc3c(N[C@H](C)c4cccc(F)c4)ncnc3o2)cc1,Active
Cc1ncc([N+](=O)[O-])n1CCOC(=O)/C=C/c1ccc(Br)cc1,Inactive
COc1cc2ncnc(Oc3cccc(NC(=S)Nc4ccc(Cl)c(C(F)(F)F)c4)c3)c2cc1OC,Active
Cc1c(C#Cc2ccc(CN3CCC(CO)CC3)cc2)cc(C(F)F)c2cn(C(C(=O)Nc3nccs3)c3ncn4c3CCC4)nc12,Active
CN(C(=O)c1ccc(N(CCCl)CCCl)cc1)c1ccccc1,Inactive
COc1cc2ncnc(Nc3cccc(Cl)c3F)c2cc1CN(C)CC(N)=O,Active
COc1cc2cnnc(N[C@H](C)c3ccccc3C)c2cc1OC,Inactive
COc1cc([C@H](Nc2cc(Cl)c3ncc(C#N)c(NCC(C)(C)C)c3c2)C2=CN(C3(C(F)(F)F)CC3)NN2)ccn1,Active
CCOC(=O)C(=CNc1ccc2ncnc(Nc3ccc(OCc4ccccn4)c(Cl)c3)c2c1)C(=O)OCC,Inactive
Cc1ccc(Nc2ncnn3ccc(C)c23)cc1O,Active
COc1cc2c(Nc3ccc(-c4nc5ccccc5s4)cc3OC(F)(F)F)ncnc2cc1OCCCN1CCN(C)CC1,Inactive
COc1cc2c(Nc3ccc(F)cc3Cl)ncnc2cc1OCCOCCNC(=O)Cn1cnc([N+](=O)[O-])n1,Active
COc1cc2ncnc(N(Cc3ccc([N+](=O)[O-])cc3)c3ccc(F)c(Cl)c3)c2cc1OCCOCCOCCOCCC(=O)Nc1cccc2c1CN(C1CCC(=O)NC1=O)C2=O,Inactive
Nc1ncnc2c1c(-c1ccc(O)cc1)cn2C1CCCC1,Active
COc1cc2c(Nc3ccc(Cl)c(Cl)c3F)ncnc2cc1OC[C@H]1CN2CCC[C@@H]2C(=O)N1C,Active
COCCN(C)C/C=C/C(=O)N1CCOc2c1ccc1ncnc(Nc3ccc(Oc4ccn5ncnc5c4)c(Cl)c3)c21,Active
C=CC(=O)N1CCC(Oc2cc3c(Nc4ccc(Cl)c(Cl)c4F)ncnc3cc2O[C@@H](C)CC)CC1,Active
CN(C)CCCC(=O)c1ccc(OCc2ccccc2)cc1.Cl,Inactive
COc1cc2cccnc2cc1OC,Inactive
Cn1c(SSc2c(C(=O)NCC(O)CO)c3ccccc3n2C)c(C(=O)NCC(O)CO)c2ccccc21,Inactive
C=CC(=O)Nc1cc2c(Nc3cccc(Br)c3)c(C#N)cnc2cc1OC,Inactive
Cc1ncoc1[C@H](Nc1cc(Cl)c2ncc(C#N)c(NCC(C)(C)C)c2c1)C1=CN(C2(C(F)F)CC2)NN1,Active
COc1cc(N2CCN(C)CC2)ccc1Nc1ncc(Cl)c(Oc2ccc(N=[N+]=[N-])cc2)n1,Inactive
Brc1cccc(Nc2ncnc3c2sc2ccccc23)c1,Active
CC(=O)N1CCc2ccc(Nc3nc(Nc4ccc(N5CCN(C)CC5)cc4)ncc3Br)cc21,Inactive
CC(C)(Nc1nc(NO)nc(Nc2ccc3ncsc3c2)n1)c1ccccc1,Inactive
C=CC(=O)Nc1cccc(Oc2nc(Nc3cccc(OC)c3OC)ncc2C(F)(F)F)c1,Active
CC(NC(=O)c1cccc(C(F)(F)F)c1)c1ccc(C2CC2)c(-c2ccc3nc(Nc4cnn(C5CC5)c4)ncc3c2)c1,Inactive
CCCCOC(=O)Nc1ccc(Nc2ncnc3cc(OC)c(OC)cc23)cc1C,Inactive
N#Cc1cnc2cc(OC[C@H](O)CO)c(NC(=O)CC3CCSS3)cc2c1Nc1ccc(OCc2cccc(F)c2)c(Cl)c1,Active
NC(=S)N1N=C(c2ccc(Cl)c(Cl)c2)CC1c1ccc(F)cc1,Inactive
COc1cc2c(Nc3ccc(Cl)c(Cl)c3)ncnc2cc1OCC1CN(CC2CCCCC2)CCO1,Active
Brc1cccc(Nc2ncnc3ccc4cc[nH]c4c23)c1,Active
C=CC(=O)Nc1cc(Nc2nccc(Nc3ccccc3-n3cccn3)n2)c(OC)cc1N1CCOCC1,Inactive
C=CC(=O)Nc1cc(Nc2ncc(Cl)c(-c3cnn4ccccc34)n2)c(OC)cc1N1CCN(C(=O)[C@@H](C)N)CC1,Inactive
C=CC(=O)N1CCCC(n2nc(-c3ccc(Oc4ccccc4)cc3)c3c(N)ncnc32)C1,Active
COc1cccc(Nc2ccnc(Nc3cccc(OC)c3)n2)c1,Inactive
CCCc1cc(N2CCCC(O)C2)nc2sc(C(N)=O)c(N)c12,Inactive
CN1CCN([C@H]2CC[C@H](n3nc(-c4ccc(Nc5nc6cccc(Cl)c6o5)c(F)c4)c4c(N)ncnc43)CC2)CC1,Inactive
c1coc(-c2nnc(Cc3nc4ccccc4[nH]3)o2)c1,Inactive
Nc1nc(Nc2cccc(Br)c2)c2cc(CCc3ccccc3)[nH]c2n1,Active
Cn1c(SSc2c(C(=O)Nc3ccccc3)c3cccc(Cl)c3n2C)c(C(=O)Nc2ccccc2)c2cccc(Cl)c21,Inactive
N#CC(C#N)=C(C#N)c1ccc(O)cc1,Inactive
[2H]C([2H])([2H])n1cc(-c2ccnc(Nc3cc(NC(C)=O)c4c(cnn4CCN(C)C)c3)n2)c2ccccc21,Active
Cn1nc(-c2ccc(Br)c(O)c2)c2c(N)ncnc21,Inactive
C=C(F)C(=O)Nc1cccc(Nc2nc(Nc3ccc(N4CCN(C(C)=O)CC4)cc3)ncc2Cl)c1,Active
COc1cc(N2CCC(N3CC(C(C)(C)O)C3)CC2)c(C)cc1Nc1ncc(Br)c(Nc2ccc3nccnc3c2P(C)(C)=O)n1,Active
O=C(CCCCCCOc1ccc2ncnc(Nc3ccc(OCc4cccc(F)c4)c(Cl)c3)c2c1)NO,Active
Cc1cccc(C)c1NC(=O)/C(C#N)=C/c1ccc(O)c(O)c1,Inactive
Cc1cc(Nc2ncc3c(n2)N([C@H]2CCN(C(=O)C4CCCC4)C2)C(=O)N(c2ccccc2Cl)C3)ccc1N1CCN(C)CC1,Active
C=C1CC(CBr)(c2ccc(F)cc2)OC1=O,Inactive
COc1cc2ncc(C#N)c(Nc3ccc(C)c(Cl)c3)c2cc1OC,Inactive
Cc1ncnc(Nc2ccc(OCc3cccc(F)c3)c(Cl)c2)c1C#CCOc1ccc(CNC(C)C)cc1,Active
COc1ccc(CCc2cc3c(Nc4cccc(Br)c4)nc(N)nc3[nH]2)cc1,Inactive
Cc1nc(F)ccc1[C@H](Nc1cc(Cl)c2ncc(C#N)c(NC3C4COCC43)c2c1)C1=CN(C2(C(F)(F)F)CC2)NN1,Active
COc1cc2ncnc(Nc3ccc(F)c(Cl)c3)c2cc1OCCNCCN,Active
C=CC(=O)Nc1cccc(-n2c(=O)n(C(C)C)c(=O)c3cnc(Nc4ccc(OCCN(C)C)cc4OC)nc32)c1,Active
CC(C)(C)CNc1c(C#N)cnc2c(C#N)cc(N[C@H](C3=CN(C4(C(F)F)CC4)NN3)c3cccc4ccncc34)cc12,Active
C#Cc1cccc(Nc2ncnc3cc(OCCOC(=O)C(C)c4ccc(CC(C)C)cc4)c(OCCOC(=O)C(C)c4ccc(CC(C)C)cc4)cc23)c1,Inactive
COc1ccc(Nc2ncc3cc(-c4c(Cl)cccc4Cl)c(=O)n(C)c3n2)cn1,Inactive
COc1cc2ncc(C#N)c(Nc3ccc(Sc4ncc(-c5ccccc5)s4)c(Cl)c3)c2cc1NC(=O)/C=C/CN(C)C,Active
C=CC(=O)Nc1ccc(-n2c(=O)cnc3cnc(Nc4ccc(N5CCOCC5)cc4)nc32)cc1,Inactive
COc1cc2c(Nc3ccc(Br)c(Cl)c3)ncnc2cc1O[C@H]1CO[C@H]2[C@@H]1OCC21OCCO1,Active
C=CC(=O)Nc1cccc(Nc2nc(Nc3ccc(OC)nc3)ncc2F)c1,Active
COc1cc2c(Nc3cc(C(F)(F)F)ccc3Cl)ncnc2cc1O[C@@H]1CO[C@@H]2[C@H]1OC[C@H]2F,Active
Cc1cccc(Nc2nc(Nc3cccc(NC(=O)/C=C/CN4C[C@@H](C)N[C@@H](C)C4)c3)ncc2F)c1,Active
CC#CC(=O)N[C@@H](C)c1nc(-c2ccc(C(=O)Nc3ccc(C)cn3)cc2)c2c(N)nccn12,Active
COc1cc(N2CCC(N3CCN(CCF)CC3)CC2)ccc1Nc1nccc(-c2c(-c3cccc(C(=O)Nc4c(F)cccc4F)c3)nc3cc(C(F)(F)F)ccn23)n1,Active
CCOc1cc2ncnc(Nc3cccc([N+](=O)[O-])c3)c2c2c1OCCO2,Active
COCCOc1ccc(Nc2ncc(F)c(Nc3ccc(C(=O)C=C(C)C)cc3)n2)cc1F,Inactive
N#C/C(=C\c1ccc(O)c(O)c1)C(=O)NCCN1CCN(C(=O)/C(C#N)=C/c2ccc(O)c(O)c2)CC1,Inactive
CS(=O)(=O)CCNC/C=C/C(=O)Nc1cc2c(Nc3ccc(F)c(Cl)c3)ncnc2s1,Active
CCN1CCN(C2CCN(c3ccc(Nc4nc(Nc5ccccc5N(C)S(C)(=O)=O)c5cc[nH]c5n4)cc3F)CC2)CC1,Inactive
NC(=S)N1N=C(c2ccc(Cl)c(Cl)c2)CC1c1ccccc1F,Inactive
Cc1nc(F)ccc1[C@H](Nc1cc(C#N)c2ncc(C#N)c(NCC(C)(C)C(F)(F)F)c2c1)C1=C(F)N([C@@H](C)CF)NN1,Active
C=CC(=O)Nc1cc(-c2ccccc2)ccn1,Inactive
CSCCNCc1ccc(-c2ccc3ncnc(Nc4ccc(OCc5cccc(F)c5)c(Cl)c4)c3c2)o1.Cc1ccc(S(=O)(=O)O)cc1,Active
CC(C)n1nc(-c2cccc(CC#N)c2)c2c(N)ncnc21,Inactive
CCCCNC(=O)c1ccc(S(=O)(=O)Oc2ccc(C=O)cc2)cc1,Inactive
C=CC(=O)Nc1cccc(N2C(=O)C3CCCCN3C(=O)c3cnc(Nc4ccc(N5CCN(C)CC5)cc4OC)nc32)c1,Active
Cc1cc(Nc2ncnc3ccc4c(c23)OCCN4C(=O)/C=C/CN2CCN(C)CC2)ccc1Oc1ccn2ncnc2c1,Active
c1ccc(-c2nnc(Cc3nc4ccccc4[nH]3)o2)cc1,Inactive
Fc1cccc(COc2ccc(Nc3cc(N4CCCC4)ncn3)cc2Cl)c1,Inactive
COC(=O)Cn1cc(-c2cccc(Cl)c2)c(=O)c2c(O)cc(OC)cc21,Inactive
C#Cc1cccc(Nc2ncnc3[nH]c(Cc4ccc(Cl)cc4Cl)cc23)c1,Inactive
O=C(COc1c(F)c(F)c(F)c(F)c1F)Nc1ccc2ncnc(Nc3cccc(Br)c3)c2c1,Active
Cc1nc(F)ccc1[C@H](Nc1cc(Cl)c2ncc(C#N)c(N[C@@H](c3ccccc3)C3CC3)c2c1)C1=CN(C2(C(F)(F)F)CC2)NN1,Active
CO/N=C/c1c(N)ncnc1Nc1cccc(Br)c1,Active
Nc1ncnc2c1c(-c1ccc(CNC(=O)c3ccccc3F)cc1)nn2C1CCCC1,Active
CC(COC(=O)c1ccc(-c2cc(O)cc(C(C)(C)C)c2)cc1)CC(C)(C)C,Inactive
O=C1COc2cc3ncnc(Nc4cccc(Cl)c4)c3cc2N1CCCN1CCCCC1,Active
C=CC(=O)Nc1ccc2ncc(C#N)c(Nc3cccc(Br)c3)c2c1,Inactive
CCCCCCCCCCCCCCNC(=O)COc1cc(O)c2c(=O)cc(-c3ccccc3)oc2c1,Active
COc1cc2c(Nc3ccc(Br)c(Cl)c3)ncnc2cc1O[C@H]1CO[C@H]2[C@@H]1OC[C@@H]2NC(C)=O,Active
C=CC(=O)Nc1cccc(Nc2nc(Nc3ccc(O[C@H](C)COC(=O)[C@@H](N)C(C)C)c(F)c3)ncc2F)c1,Active
COc1cc2ncnc(Nc3cccc(Cl)c3F)c2cc1CN1CCC1C(N)=O,Active
C=CC(=O)Nc1cc2c(Nc3ccc(OCc4ccccn4)c(Cl)c3)c(C#N)cnc2cc1OCC,Active
CC(C)(C)ONC(=O)Cc1cc(/N=C/c2cc(O)ccc2O)ccc1O,Inactive
Brc1cccc(Nc2ncnc3cc(NCCCCN4CCOCC4)ncc23)c1,Active
Nc1nc(Nc2cccc(Br)c2)c2cc(Cc3ccc(-c4ccccc4)cc3)[nH]c2n1,Inactive
Cc1ccc2c(CCC(=O)O)c(SSc3[nH]c4cc(C)ccc4c3CCC(=O)O)[nH]c2c1,Inactive
CC(Nc1c(C#N)cnc2ccc(-c3cnc4[nH]ncc4c3)cc12)c1ccccc1,Active
COc1cc2ncnc(Nc3ccc(-c4nc5ccccc5s4)c(O)c3)c2cc1OCCCN1CCN(C)CC1,Inactive
COc1cc2c(Nc3ccc(Cl)cc3F)ncnc2cc1O[C@@H]1CO[C@@H]2[C@H]1OC[C@H]2F,Active
COc1cc(N2CCC(N3CCC(O)CC3)CC2)ccc1Nc1nccc(-c2c(-c3cccc(C(=O)Nc4c(F)cccc4F)c3)nc3ccccn23)n1,Active
COc1cc2c(Nc3ccc(Cl)c(Cl)c3)ncnc2cc1OCc1noc(C2CCNCC2)n1,Active
CN(C)CCn1ccc2cc(Nc3nccc(-c4sc(NS(C)(=O)=O)nc4-c4ccc(F)cc4)n3)ccc21,Active
CN(C)C(=O)CCc1c(SSc2[nH]c3ccccc3c2CCC(=O)N(C)C)[nH]c2ccccc12,Inactive
O=C(/C=C/CN1CCCCC1)N1CCOc2cc3ncnc(Nc4ccc(F)c(Cl)c4)c3cc21,Active
C=CC(=O)N(C)c1cccc(-n2c(NC(=O)c3cccc(C(F)(F)F)c3)nc3cc(C)ccc32)c1,Inactive
CNc1cc(C(=O)/N=c2\[nH]c3ccccc3n2[C@H]2CC[C@@H](O)CC2)cc(-c2cnn(C)c2)n1,Inactive
COC[C@H]1CCN1C/C=C/C(=O)Nc1cc2c(Nc3ccc(F)c(Cl)c3)ncnc2cc1OC[C@H]1COCCO1,Active
C=C(CN(C)C)C(=O)Nc1cc2c(Nc3ccc(F)c(Cl)c3)c(C#N)cnc2cc1OCC,Inactive
Fc1cccc(COc2ccc(Nc3ncnc4ccc(NC(=S)NCCN5CCCCC5)cc34)cc2Cl)c1,Inactive
Clc1ccc2nc(Cc3nnc(Cc4ccccc4)o3)[nH]c2c1,Inactive
Cn1c(=O)c(-c2c(Cl)cccc2Cl)cc2cnc(NCCO)nc21,Inactive
Nc1nc(Nc2ccc(C(F)(F)F)c(F)c2)c2cc(Cc3ccc(Cl)cc3Cl)[nH]c2n1,Inactive
C=CC(=O)Nc1cccc(Nc2nc(Nc3ccc(N4CCN(C(=O)CC(C)(C)C)CC4)cc3OC)ncc2C(F)(F)F)c1,Active
CCOc1cc2ncnc(Nc3ccc(F)c(Cl)c3)c2cc1OC(=O)CSc1ncccn1,Active
O=C(NCCc1ccccc1)c1cc2ccc(O)c(O)c2cn1,Inactive
C=CC(=O)Nc1cc2c(Oc3ccc(NC(=O)NCCC4CCCCC4)cc3F)ncnc2cc1OC,Inactive
COc1cccc(-c2nn(C(C)C)c3ncnc(N)c23)c1,Inactive
O=C(c1ccccc1)c1cccc(NC(=O)c2cc3ccccc3[nH]2)c1,Inactive
COc1cccc(NC(=O)Nc2ccc(Nc3ncnc4cc(OC)c(OC)cc34)cc2)c1,Inactive
C=CC(=O)Nc1cccc(Nc2nc(Nc3ccc(NC(=O)Cn4ccnc4)cc3)ncc2[N+](=O)[O-])c1,Active
C=CC(=O)Nc1cccc(Nc2nc(Nc3ccc(OC)c(OC)c3)ncc2F)c1,Active
CN(C)C(=O)N[C@@H]1CCCN(c2cnc(C(N)=O)c(Nc3ccc(C4(C(=O)N(C)C)CC4)cc3)n2)C1,Inactive
C=CC(=O)Nc1cc(Nc2ncc(C(=O)O[C@@H]3CCOC3)c(-c3cn(C)c4ccccc34)n2)c(OC)cc1N(C)CCN(C)C,Active
C=CC(=O)Nc1nc2c(Cc3ccc(F)c(Cl)c3)ncnc2cc1OC,Active
CCNC(=O)Nc1ccc2ncnc(Nc3ccc(OCc4cccc(F)c4)c(Cl)c3)c2c1,Active
C=CC(=O)Nc1cccc(-n2c(=O)n(C)c(=O)c3cnc(Nc4ccc(N5CCN(C(C)=O)CC5)cc4OC)nc32)c1,Active
CN1NNc2cccc([C@H](Nc3cc(C#N)c4ncc(C#N)c(NCC(C)(C)C)c4c3)C3=CN(C4(C(F)(F)F)CC4)NN3)c21,Active
CCOC(=O)c1c(-n2ccnc2)nc2ccc(Br)cc2c1N1CCN(c2ccccc2NS(=O)(=O)c2ccccc2F)CC1,Active
C=CC(=O)N1CCC[C@@H](Nc2nc(Nc3ccc4c(c3)OCCOCCOCCO4)ncc2F)C1,Inactive
COc1cc(N2CCC(N3CCN4CCOC[C@@H]4C3)CC2)ccc1Nc1nccc(-c2c(-c3ccc(OC)c(C(=O)Nc4c(F)cccc4F)c3)nc3ccccn23)n1,Inactive
CN(C)C/C=C/C(=O)N1CCc2c(sc3ncc(C#N)c(Nc4ccc(F)c(Cl)c4)c23)C1,Active
C=CC(=O)N1CCC[C@H]1c1nc(-c2ccc(Oc3cccc(OC)c3F)cc2)c2cnccn12,Inactive
CCC(C)[C@@H]1[C@@](C)(C(=O)/C=C/OC)[C@H]2[C@H](C)C[C@@](C)(O)C[C@]2(O)C(=O)[C@@]1(C)O,Inactive
COc1ccccc1-c1cc2c(N[C@@H](C)c3ccccc3)ncnc2s1,Inactive
COc1cc2ncnc(Nc3ccc(F)c(Cl)c3)c2cc1OC[C@H](O)CN1CCOCC1,Active
CC(C)(O)Cn1/c(=N/C(=O)c2ccnc(-c3ccccc3)c2)[nH]c2ccccc21,Inactive
Cc1ncnc(Nc2ccc(OCc3cccc(F)c3)c(Cl)c2)c1C#Cc1ncc(CN2CCCC2)s1,Active
C=CC(=O)N1CCC(C2CCNc3c(C(N)=O)c(-c4cc(OC)c(Oc5ccccc5)c(OC)c4)nn32)CC1,Inactive
C=CC(=O)Nc1ccc2c(Nc3cc[nH]n3)nc(-c3ccccc3)nc2c1,Inactive
CNc1ccnc(Nc2ccc(-c3nc4ccccc4s3)cc2)n1,Inactive
COc1cc2c(Nc3ccc(Cl)c(Cl)c3)ncnc2cc1OCC1CN(CCCc2ccccc2)CCO1,Active
C=CC(=O)Nc1cc2c(Nc3ccc(F)c(Cl)c3)ncnc2cc1OCc1cn(Cc2ccccc2)nn1,Active
CN1CCN(Cc2ccc(C(=O)Nc3ccc(-c4cncc(C#N)c4Nc4ccc(OCc5cccc(F)c5)c(Cl)c4)cc3)cc2)CC1,Inactive
CC(=O)c1cc(NCc2c[nH]cn2)cc2c(Nc3ccc(F)c(Cl)c3)c(C#N)cnc12,Active
Brc1cccc(Nc2ncnc3cc4c(cc23)CN4)c1,Active
O=C(NS(=O)(=O)c1ccc(Br)cc1)c1cccnc1Cl,Inactive
N#Cc1cnc2ccc(-c3ccc(CN4CCOCC4)cc3)cc2c1N[C@@H]1C[C@H]1c1ccccc1,Inactive
NC(=S)N1N=C(c2ccc(Cl)cc2)CC1c1ccc2ccccc2c1,Active
CN1CCN(c2ccc(-c3ccc4c(c3)CCN(C(C(=O)Nc3nccs3)c3cccc(F)c3)C4=O)cc2)CC1,Active
Cc1ccc(Oc2ccc(Nc3ncnc4[nH]nc(OCCN5CCC(O)CC5)c34)cc2C)cn1,Active
C=CC(=O)Nc1cccc(-c2c(-c3ccc(N4CCN(C)CC4)cc3)oc3ncnc(NC)c23)c1,Active
Fc1ccc(-c2csc(N3N=C(c4ccc(N5CCOCC5)cc4)CC3c3ccc(Cl)cc3)n2)cc1,Inactive
COc1cc2c(Nc3ccc(Br)c(Cl)c3F)ncnc2cc1OC[C@@H]1CN(C)CC(=O)N1,Active
C=CC(=O)Nc1cccc(Nc2nc(Nc3ccc(OC)nc3)ncc2OC)c1,Active
CSc1ccc2c(c1)N(CCC1CCCCN1C)c1ccccc1S2,Inactive
Nc1ncnc2scc(-c3ccc4c(C(=O)Nc5ccccc5)cccc4c3)c12,Inactive
C=CC(=O)N1CC[C@H](Nc2cncc(-c3cnc(Nc4cccc(OC(F)(F)F)c4)nc3)n2)C1,Inactive
CCCN1CCC(c2cc(OC)c(Nc3nccc(-c4c(-c5cccc(C(=O)Nc6c(F)cccc6F)c5)nc5ccccn45)n3)cc2C)CC1,Active
Fc1ccc2c(c1)CNc1c(Nc3ccccc3)ncnc1O2,Inactive
CC(C)N1C=C([C@@H](Nc2cc(Cl)c3ncc(C#N)c(Nc4ccc(F)c(Cl)c4)c3c2)c2cccc3c2C(=O)N(C)C3)NN1,Active
N#Cc1cnc2ccc(NCc3c[nH]cn3)cc2c1Nc1ccc(F)c(Cl)c1,Active
CN(C)CCNC(=O)Nc1cc2c(Nc3ccc(F)c(Cl)c3)ncnc2cc1O[C@H]1CCOC1,Inactive
CNC(=O)c1cc(Oc2ccc(NC(=O)Nc3ccc(Cl)c(C(F)(F)F)c3)cc2)ccn1,Inactive
CN(C)c1ccc(/C=C2\C(=O)Nc3ccccc32)cc1,Inactive
CCOc1ccc(-c2nn(C(C)C)c3ncnc(N)c23)cc1OC,Inactive
Clc1cc(Nc2ncnc3ccc(NC4=NC[C@H](COc5ccccc5)O4)cc23)ccc1OCc1nccs1,Inactive
COCCOc1cc2ncnc(Nc3c(Cl)ccc4c3OCO4)c2cc1NC(=O)[C@@H]1CCCN1,Inactive
Cc1cccc(-c2cc(C(=O)/N=c3\[nH]c4ccccc4n3[C@H]3CC[C@@H](O)CC3)ccn2)c1,Active
COc1ccccc1C(=O)NCc1ccc(-c2nn(C3CCC(O)CC3)c3ncnc(N)c23)cc1,Active
N#Cc1cnc2c(Cl)cc(NC(c3ccccn3)c3ccccn3)cc2c1Nc1ccc(F)c(Cl)c1,Active
Cn1cc(-c2cc(C(=O)/N=c3\[nH]c4ccccc4n3[C@H]3CCC[C@@H](O)C3)ccn2)cn1,Active
COC[C@@H]1CCCN1C/C=C/C(=O)Nc1ccc2ncnc(Nc3cccc(Br)c3)c2c1,Active
Nc1ncnc2c1c(C(=O)Nc1nc3cc(Cl)ccc3o1)cn2[C@@H]1CCN(C(=O)/C=C/CN2CCCCC2)C1,Active
Cc1c(C#N)c(NCCO)nc2nc(NCCO)nc(N)c12,Inactive
Nc1ccc2oc3nccc(NCc4ccc(Cl)cc4)c3c2c1,Inactive
CCN1CCCOC(COc2cc3ncnc(Nc4ccc(Cl)c(Cl)c4)c3cc2OC)C1,Active
Cn1cc(-c2ccnc(Nc3ccc4c(cnn4CCN4CCOCC4)c3)n2)c2ccccc21,Inactive
O=[N+]([O-])c1cccc2c(Nc3cccc(Br)c3)ncnc12,Inactive
COc1cc(N2CCN(C)CC2)ccc1Nc1ncc(Cl)c(Oc2ccc(N)cc2)n1,Inactive
CC(C)=CC(=O)c1cccc(Nc2nc(Nc3cccc(OC(F)(F)F)c3)ncc2F)c1,Inactive
CN(C)C/C=C/C(=O)N1CCC(Nc2cncc(-c3cnc(Nc4cccc(Cl)c4)nc3)n2)CC1,Inactive
C=CC(=O)Nc1cc2c(Nc3ccc(Br)c(F)c3)ncnc2cc1OCCNC(=O)CN(C)C,Active
C=CC(=O)Nc1cc2c(Nc3ccc(Br)cc3F)ncnc2cc1OCCNC(=O)CN(C)C,Active
C=CC(=O)Nc1cc(-c2c(-c3ccccc3)oc3ncnc(NC4CCCC4)c23)ccc1N(C)CCN(C)C,Active
O=C(Nc1cccc(Nc2ncnc3cc(OCCCN4CCN(CCO)CC4)ccc23)c1)Nc1ccc(Cl)c(C(F)(F)F)c1,Active
C=CC(=O)Nc1cc2c(Nc3ccc(NC(=O)C=C)c(C(F)(F)F)c3)ncnc2cc1O[C@H]1CCOC1,Inactive
C=CC(=O)Nc1cccc(-n2c(NC(=O)c3cccc(C(F)(F)F)c3)nc3cc(C)ccc32)c1,Inactive
O=C(Nc1ccc(Nc2ncnc3cc4oc(=O)n(CCOC(=O)CBr)c4cc23)cc1)NC1CCCCC1,Inactive
COc1ccc(/C=C/C(=O)Nc2ccc3ncnc(Nc4cccc(Br)c4)c3c2)cc1,Inactive
C=CC(=O)N1CC[C@H](Oc2cc3c(N[C@H](C)c4ccccc4)ncnc3cc2OC)C1,Active
O=[N+]([O-])c1ccc2c(Nc3cccc(Cl)c3)ncnc2c1,Active
C/C=C(\C)C(O[C@@H]1O[C@H](CO)[C@@H](O)[C@H](O)[C@H]1O)C(C)/C=C(C)/C=C/CC(C)/C=C/c1oc(OC)c(C)c(=O)c1C,Active
NP(=O)(OCCCCOc1ccc2ncnc(Nc3ccc(F)c(Cl)c3)c2c1)N(CCCl)CCCl,Active
COC(=O)c1ccc(CNC(=O)CCc2c(SSc3[nH]c4ccccc4c3CCC(=O)NCc3ccc(C(=O)OC)cc3)[nH]c3ccccc23)cc1,Inactive
Nc1nc(Nc2cccc(Br)c2)c2ccn(Cc3ccccc3)c2n1,Inactive
COc1cc(Nc2ncnc3ccsc23)ccc1-c1nc2ccccc2s1,Inactive
C=CC(=O)Nc1cccc(Nc2nc(Nc3ccc(OC)nc3)ncc2C#N)c1,Active
CCCS(=O)(=O)CCNCc1ccc(-c2ccc3ncnc(Nc4ccc(OCc5cccc(F)c5)c(Cl)c4)c3c2)o1,Active
CC(=O)N1CCC(c2cc3c(N[C@H](C)c4cc(N)cc(C(F)(F)F)c4)nc(C)nc3n(C)c2=O)CC1,Inactive
CN(C)c1ccc2ncnc(Nc3cccc(Br)c3)c2c1,Active
COc1cc(/C=C(\C#N)C(N)=O)cc(CSC2=NCCS2)c1O,Inactive
Cc1cccc(CN(Cc2ccc(O)cc2)C(=O)Nc2ccccc2)c1O,Inactive
COc1cc(C2CCN(CCS(C)(=O)=O)CC2)ccc1Nc1nccc(-c2c(-c3ccc(OC)c(C(=O)Nc4c(F)cccc4F)c3)nc3ccccn23)n1,Inactive
CNc1nc(C)c(C(=O)/C=C/c2ccc(O)cc2)s1,Active
CC#CC(=O)N1CCc2c(sc3ncnc(N[C@H](CO)c4ccccc4)c23)C1,Inactive
CCCCCCCCCCCCOC(=O)COc1cc(O)c2c(=O)cc(-c3ccccc3)oc2c1,Inactive
COc1nccc2c([C@H](Nc3cc(Cl)c4ncc(C#N)c(NCC(C)(C)C)c4c3)C3=C(F)N(C4(C(F)F)CC4)NN3)cccc12,Active
CC(C)n1c(Nc2ccccc2)nc2cnc(Nc3ccc(C(=O)NN4CCN(C)CC4)cc3F)nc21,Active
C=CC(=O)N1CCC[C@@H](n2nc(-c3ccc(Oc4ccn5ncnc5c4)cc3)c3c(N)ncnc32)C1,Inactive
C=CC(=O)N1CC(Oc2cc3c(Nc4ccc(Cl)cc4Cl)ncnc3cc2OC)C1,Active
C=CC(=O)Nc1cccc(NC(=O)Nc2ccnc(Nc3ccc(C4CCN(C)CC4)cc3)n2)c1,Active
COc1cc2c(Nc3ccc(Cl)c(Cl)c3)ncnc2cc1OCc1nsc(CN(C)C)n1,Active
C=CC(=O)Nc1cc(Nc2nccc(-c3cc(F)c4nc(OC)n(C(C)C)c4c3)n2)c(OC)cc1OCCN(C)C,Active
N#Cc1cnc2c(Cl)cc(N[C@H](C3=CN(CCO)NN3)c3cc(Br)cnc3Cl)cc2c1Nc1ccc(F)c(Cl)c1,Active
C=CC(=O)N1CCC[C@@H](n2nc(C(=O)Nc3nc4ccc(C#N)cc4o3)c3c(N)ncnc32)C1,Active
CC(=O)N1N=C(c2ccc(C)c(C)c2)CC1c1ccc(Br)cc1,Inactive
Cc1ccc(C(=O)NC2CC2)cc1-c1ccc2c(=O)n(CC3CC3)nnc2c1,Inactive
O=C(Nc1ccc2ncnc(Nc3cccc(Cl)c3)c2c1)C1COc2ccccc2O1,Inactive
COc1cc2c(Nc3ccc(Cl)c(Cl)c3)ncnc2cc1OC1C[C@@H]2CN(C)C[C@@H]2C1,Active
COc1cc2c(Nc3ccc(C)c(Br)c3)ncnc2cc1OCCOCCNC(=O)Cn1cnc([N+](=O)[O-])n1,Active
COc1cc2c(c(OC)c1)C(=O)N(c1cccc(C(=O)N3CCCCC3)c1)CC2,Inactive
Cc1ccn2ncnc(Nc3ccc(OCc4cccc(F)c4)c(Cl)c3)c12,Active
Clc1cccc(Nc2ncnc3cc4c(cc23)OCCO4)c1,Active
CN(C)c1ccc(CNc2ncnc3cc(N)ncc23)cc1,Inactive
COc1cc(N2CCN(C)CC2)ccc1Nc1ncc(Cl)c(Oc2cccc(NC(=O)CCO)c2)n1,Inactive
C=CC(=O)N1CCC(Oc2cc3c(Nc4ccc(Cl)c(Cl)c4F)ncnc3cc2O[C@H]2CCOC2)CC1,Active
CC(=O)N1N=C(c2ccc(C(F)(F)F)cc2)CC1c1ccc(C(=O)OC(C)Cn2c([N+](=O)[O-])cnc2C)cc1,Inactive
C=CC(=O)Nc1cc(Nc2ncc3ccc(-c4cnn(C)c4)n3n2)c(OC)cc1N1CCC(N(C)C)CC1,Active
Cn1ncc2cc(Nc3ncnn4ccc(CN5CCC(N)CC5)c34)ccc21,Active
C#Cc1cccc(Nc2nc(C)nc3oc(C)cc23)c1,Active
Cc1c(-c2cc(C(=O)/N=c3\[nH]c4ccccc4n3CC(C)(C)O)ccn2)cnn1C,Inactive
C=CC(=O)N1CCC[C@H](n2nc(-c3ccc(Oc4ccc5c(c4)ncn5C)c(C)c3)c3c(C)ncnc32)CC1,Inactive
S=C=Nc1ccc2ncnc(Nc3cccc(Br)c3)c2c1,Active
C=CC(=O)Nc1cc2c(Nc3ccc(F)c(Cl)c3)ncnc2cc1OCc1cn(Cc2ccc(F)cc2)nn1,Active
COc1cc(CCCN2CCCCC2)ccc1Nc1nccc(-c2c(-c3ccc(OC)c(C(=O)Nc4c(F)cccc4F)c3)nc3ccccn23)n1,Inactive
COc1cc2ncnc(Nc3cccc(NC(=O)Nc4ccc(F)c(Cl)c4)c3)c2cc1OCCCN1CCOCC1,Inactive
COc1cc(N2CCN(CC(=O)N(C)C)C2=O)ccc1Nc1ncc(Cl)c(Nc2ccccc2S(=O)(=O)C(C)C)n1,Active
C=CC(=O)N1CC(Oc2nn(C(C)(C)C)c3ncnc(N)c23)C1,Active
C#Cc1cccc(Nc2ncnc3cc4c(cc23)N(C(=O)/C=C/CN2CCN(C)CC2)CCCO4)c1,Inactive
O=C(/C=C/c1ccccc1[N+](=O)[O-])Nc1ccc2ncnc(Nc3cccc(Br)c3)c2c1,Inactive
COc1ccc(C2=NN(C(N)=S)C(c3cccc4ccccc34)C2)cc1,Active
CCn1nc(-c2ccc(OC)c(O)c2)c2c(N)ncnc21,Inactive
C=CC(=O)Nc1ccc2nccc(Oc3ccc(C(=O)Nc4cc(CC)ccn4)cc3)c2c1,Active
COc1cccc(-c2cnc3cc(OC)c(OC)cc3c2)c1,Inactive
Cn1ncc2c1OCCCCCN1/C(=N/C(=O)c3cc(F)nc-2c3)Nc2ccccc21,Active
CC(C)(O)COc1cnccc1-c1[nH]c2c(c1Nc1cccc(F)c1)C(=O)NCC2,Active
COc1cc2c(Nc3ccc(Br)c(Cl)c3Cl)ncnc2cc1O[C@@H]1C[C@H]2OC[C@H](OC)[C@H]2O1,Active
Oc1c(Cl)cc(Cl)c(Cl)c1Cc1c(O)c(Cl)cc(Cl)c1Cl,Active
Clc1ccc2nc(Cc3nnc(-c4ccccc4Cl)o3)[nH]c2c1,Inactive
Cc1cc(-c2n[nH]c3ccc(C(=O)NC(C)c4c(Cl)cncc4Cl)cc23)ccn1,Inactive
C=CC(=O)Nc1cccc(Nc2nc3c(c(Nc4cnn(C)c4)n2)C(=O)NC3)c1,Inactive
CC(C)=CC[C@@H](OC(=O)/C=C\C(=O)c1ccc(C)c(C)c1)C1=CC(=O)c2c(O)ccc(O)c2C1=O,Active
COc1ccc(C2=NN(c3nc(-c4ccc(Cl)cc4)cs3)C(c3ccc(C)cc3)C2)cc1,Inactive
O=C(Nc1ccccc1C(=O)N/N=C/c1ccc(O)cc1O)c1ccco1,Active
O=C(Nc1ccc2nccc(Nc3cccc(Cl)c3)c2c1)C1CCC2(CC1)OOC1(O2)C2CC3CC(C2)CC1C3,Inactive
C=CC(=O)Nc1cc2c(Nc3ccc(Br)cc3F)ncnc2cc1OCCNC(=O)OC,Active
O=C(CN1CCN(CCO)CC1)Nc1cc2c(Nc3ccc(F)c(Cl)c3)ncnc2s1,Inactive
O=C(Nc1cccc(C(O)c2ccccc2)c1)c1cc2ccccc2[nH]1,Inactive
S=C(Nc1ccc(Cl)c(Cl)c1)Nc1ccc2ncnc(Nc3cccc(Br)c3)c2c1,Active
CC(C)(C)CNc1c(C#N)cnc2c(C#N)cc(N[C@H](C3=CN(C4(C(F)(F)F)CC4)NN3)c3cccc4c(=O)[nH]ccc34)cc12,Active
COc1cc(-c2nc3ccccc3s2)ccc1OCC(=O)NNC(=O)CN[C@@H](Cc1c[nH]c2ccccc12)C(=O)O,Active
CCNc1cc(Nc2cccc(Cl)c2)ncn1,Inactive
Nc1cc2ncnc(NCc3ccccc3[N+](=O)[O-])c2cn1,Inactive
COc1cc2ncnc(Nc3ccc(F)c(Cl)c3)c2cc1OCCCCCCCCNCc1ccc(-c2cccc(-c3ccccc3)c2C)nc1OC,Active
Nc1nc(Nc2ccc(Cl)cc2)c2c(n1)-c1ccccc1C2,Inactive
C=CC(=O)Nc1cc(-c2c[nH]c3ncnc(Nc4ccc(OCc5ccccn5)c(Cl)c4)c23)ccc1OCCN(C)C,Active
C=CC(=O)N1[C@@H]2CC[C@H]1C[C@H](n1nc(-c3ccc(Oc4ccc5c(c4)ncn5C)c(C)c3)c3c(C)ncnc31)C2,Inactive
CC(C)(CNc1c(C#N)cnc2c(Cl)cc(N[C@H](C3=CN(C4(C(F)F)CC4)NN3)c3ccc(F)c4ncccc34)cc12)C(F)(F)F,Active
CCOc1ccc(C(=O)Nc2nccc(-c3cccnc3)n2)cc1NC(=O)/C=C/CN(C)C,Inactive
CC(C)Cc1ccc(C(C)C(=O)O)cc1,Inactive
C=CC(=O)Nc1cc(Nc2n[nH]c3cc(-c4ccc(N(C)C)cc4)ccc23)c(OC)cc1N(C)CCN(C)C,Active
CC[S@+]([O-])c1ccc(-c2coc3ccc(-c4ccc(C)o4)cc23)cc1,Inactive
COc1cc2c(Nc3ccc(Cl)c(Cl)c3)ncnc2cc1OCc1cccnc1,Active
C=CC(=O)Nc1cc(Nc2nccc(NC(=O)c3ccccc3)n2)c(OC)cc1N1CCC(C(N)=O)CC1,Active
Cc1nc(F)ccc1[C@H](Nc1cc(C#N)c2ncc(C#N)c(NCC34CC(C3)C4)c2c1)C1=CN(C2(C(F)(F)F)CC2)NN1,Active
N#C/C(=C\c1ccc([N+](=O)[O-])cc1)C(=O)O,Inactive
C=CC(=O)N1CCC(Oc2cc3c(Nc4cccc(CO)c4)ncnc3cc2OC)CC1,Inactive
COC(=O)C1=C(N)N(c2cccnc2)C2=C(C(=O)CCC2)C1c1cc2cc(C)ccc2n2nnnc12,Inactive
C[C@](N)(Cc1ccc(O)c(O)c1)C(=O)O,Inactive
CN1CCN(c2ccc(Nc3ncc4cc(CNc5ccccc5)n(C5CCCC5)c4n3)cc2)CC1,Active
CN(C)CCN/N=N/c1ccc2ncnc(Nc3cccc(Cl)c3)c2c1,Active
N#C/C(=C\c1ccc(O)c(O)c1)C(=O)c1cccs1,Inactive
COc1ccc(-c2coc3cc(OCC(=O)N/C=C\c4ccc(O)cc4)ccc3c2=O)cc1,Active
CN(C)C/C=C/C(=O)Nc1ccc2ncc(C#N)c(Nc3ccc(F)c(Cl)c3)c2c1,Inactive
CCN1CCN(CC)C(COc2cc3ncnc(Nc4ccc(Cl)c(Cl)c4)c3cc2OC)C1,Active
Cc1ccccc1Cc1cc2c(Nc3cccc(Br)c3)ncnc2[nH]1,Inactive
CCOc1cc2ncc(C#N)c(Nc3ccc(F)c(Cl)c3)c2cc1NC(=O)CCCCC1CCSS1,Active
COc1cc2ncnc(Nc3cccc(Cl)c3F)c2cc1OCC1CCN(C)CC1,Active
COc1cc2ncnc(Nc3cccc(NC(=O)c4ccccc4)c3)c2cc1OC,Inactive
COc1cc2cc(O)cnc2cc1OC,Inactive
CCOc1cc2ncnc(Nc3ccc(NS(=O)(=O)c4ccccc4)cc3)c2cc1NC(=O)/C=C/CN1CCCC1,Active
Cc1c(CCC(=O)O)c[nH]c1/C=C1\C(=O)Nc2ccc(C(=O)O)cc21,Inactive
CC(C)(C)CNc1c(C#N)cnc2c(Cl)cc(N[C@H](C3=CN(C(CF)CF)NN3)c3cccc4ncccc34)cc12,Active
CC(C)(C)C(=O)Nc1nc(Nc2ccc(Cl)cc2)c2c(n1)[nH]c1cccc(Cl)c12,Inactive
C=CC(=O)Nc1cc2c(Nc3ccc(Br)cc3F)ncnc2cc1OCCNC(=O)NCC,Active
O=C(Nc1ccccc1)c1cc2cc(O)c(O)cc2cn1,Inactive
C=CC(=O)Nc1cccc(Nc2nc(Nc3ccc(OCCN4CCOCC4)cc3)ncc2Cl)c1,Active
COc1ccc(C(=O)n2nc(-c3ccncc3)nc2N)cc1,Inactive
COc1ccc(C2=NN(C3=NC(=O)CS3)C(c3ccc(OC)cc3)C2)cc1,Inactive
CCOc1cc(N2CCN(CCS(C)(=O)=O)CC2)ccc1Nc1nccc(-c2c(-c3ccc(OCC)c(C(=O)Nc4c(F)cccc4F)c3)nc3ccccn23)n1,Inactive
C=CC(=O)Nc1cc(Nc2nccc(-c3cn(C)c4ccccc34)n2)c(OC)cc1N(C)CCN(C)CC(=O)OC,Active
Nc1nc(Nc2cccc(F)c2)c2c(n1)[nH]c1cccc(Cl)c12,Inactive
COc1ccc(NC(=O)C2=C(C)NC(=S)NC2c2ccc(OCc3ccccc3)c(OC)c2)c(OC)c1,Active
COc1cc2ncnc(N3CCc4ccccc43)c2cc1OC.Cl,Inactive
O=C1Nc2ccccc2/C1=C/c1cc(Br)cs1,Inactive
COCCOc1cc2ncnc(Nc3cc(OC)c(OC)c(OC)c3)c2cc1OCCOC,Inactive
CC(C)(C)c1cc(O)cc(-c2ccc(CO)cc2)c1,Inactive
Cc1ccc([C@H](Nc2cc(Cl)c3ncc(C#N)c(Nc4ccc(F)c(Cl)c4)c3c2)C2=CN(C(C)C)NN2)cn1,Active
CCN1CCC(N2C=C(C(Nc3cc(Cl)c4ncc(C#N)c(Nc5ccc(F)c(Cl)c5)c4c3)c3ncccn3)NN2)CC1,Active
CC(C)c1cnc(N2CC[C@H]2C)c2cnc(Nc3ccnc(N4CC[C@@H](O)[C@@](C)(F)C4)n3)cc12,Inactive
O=C(/C=C/c1ccccc1)Nc1ccccc1Br,Inactive
O=C1CSC(N/N=C/c2cc(Br)ccc2O)=N1,Active
COc1cc2ncnc(Nc3ccc(OCc4ccccn4)c(C)c3)c2cc1OC,Active
CC1(C)CC[C@]2(C(=O)O)CC[C@]3(C)C(=CC[C@@H]4[C@@]5(C)CC[C@H](O)C(C)(C)[C@@H]5CC[C@]43C)[C@@H]2C1,Inactive
CCCCN1CCOC(COc2cc3ncnc(Nc4ccc(Cl)c(Cl)c4)c3cc2OC)C1,Active
O=C1c2ccccc2CN1C(c1nc(=O)c2ccccc2[nH]1)c1cc(F)ccc1O,Inactive
COc1cc(/C=C(\C#N)C(N)=O)cc(CSCc2ccccc2)c1O,Inactive
Cc1nc(F)ccc1[C@H](Nc1cc(C#N)c2ncc(C#N)c(NCC(C)(C)C)c2c1)C1=CN(C2(C)CC2)NN1,Active
Cc1ncc(C#N)c(Nc2ccc(OCc3ccccn3)c(Cl)c2)c1/C=C/c1ccc(CNCCS(C)(=O)=O)o1,Inactive
Cc1cc([C@@H](C)Nc2ccccc2C(=O)O)c2nc(N3CCOCC3)cc(=O)n2c1,Inactive
CNC(=O)c1ncc(C#Cc2cc(C(=O)Nc3ccc(CN4CCN(CCO)CC4)c(C(F)(F)F)c3)ccc2C)n1C,Inactive
C=CC(=O)Nc1cc(Nc2nccc(-c3cc(F)c4nn(C)cc4c3)n2)c(OC)cc1N(C)CCN(C)C,Active
CCCC(=O)Nc1ccc2c(c1)/C(=C1/Nc3ccccc3/C1=N\O)C(=O)N2,Inactive
Cc1ccc(C2=NN(c3nc(-c4ccc(Cl)cc4)cs3)C(c3ccc(Br)cc3)C2)cc1C,Active
CCC1=C2C(Nc3ccc4c(cnn4Cc4ccccc4)c3)=NC=NC2N=C1NC(=O)OCC1CCCCN1,Active
C=CC(=O)Nc1cccc(-c2cccc3cnc(Nc4ccc(NC5CCN(C)CC5)cc4F)nc23)c1,Active
C=C(Cl)C(=O)Nc1cccc(Oc2nc(Nc3ccc(N4CCN(C(C)=O)CC4)cc3)ncc2Cl)c1,Active
CCOC(=O)Nc1ccc(Nc2ncnc3cc(OC)c(OC)cc23)cc1Cl.Cl,Inactive
C=CC(=O)N1CC[C@@H](n2cc(-c3ncnc4cc(OC)c(OC)cc34)c(-c3cccc(OC)c3)n2)C1,Inactive
CN(C)c1ccc(/C=C2\C(=O)Nc3cc(F)ccc32)cc1,Inactive
C=CC(=O)Nc1cccc(Oc2nc(Nc3ccc(N4CCN(C)CC4)cc3)c(C(N)=O)nc2C(C)C)c1,Active
Cc1cccc(Nc2ncnc3cnc(NCCc4c[nH]cn4)nc23)c1,Active
C=CC(=O)Nc1cccc(Nc2nc(Nc3ccc(OCCOC)cc3)ncc2C#N)c1,Active
CCCCNc1ncc2cc(-c3c(Cl)cccc3Cl)c(=O)n(C)c2n1,Inactive
COc1cc2ncnc(N(C)c3ccc(Cl)cc3)c2cc1OC.Cl,Inactive
C=CC(=O)N1CC(Nc2cncc(-c3cnc(Oc4cccc(C(F)(F)F)c4)nc3)n2)C1,Inactive
COc1cccc2c(C(=O)Nc3ccccc3)c(SSc3c(C(=O)Nc4ccccc4)c4cccc(OC)c4n3C)n(C)c12,Inactive
CS(=O)(=O)CCNCc1nc(-c2ccc3ncnc(Nc4ccc(OCc5ccccc5)cc4)c3c2)cs1,Active
CC(=O)NC(Cc1c(SSc2[nH]c3ccccc3c2CC(NC(C)=O)C(=O)NCc2ccccc2)[nH]c2ccccc12)C(=O)NCc1ccccc1,Inactive
O=C(Nc1cccc(-c2cncc3ccccc23)c1)c1ccccc1NCc1ccncc1,Inactive
Cc1nc(Cl)ccc1[C@H](Nc1cc(Cl)c2ncc(C#N)c(Nc3ccc(F)c(Cl)c3)c2c1)C1=CN(CCO)NN1,Active
CN(CCO)c1nc(Nc2ccccc2)nc2cnc(Nc3ccc(N4CCC(N(C)C)CC4)cn3)cc12,Active
FC(F)(F)c1cccc(NC(=S)Nc2ccc3ncnc(Nc4cccc(Br)c4)c3c2)c1,Active
Cc1ccc(-c2c(CN3CCCCC3)nc3scc(C(=O)O)n23)cc1,Active
COc1ccc(/C=C(\C#N)C(=O)O)cc1,Inactive
O=C(CSC(=S)N1CCCCC1)Nc1cccc(NC(=O)c2ccccn2)c1,Active
O=C(Nc1ccc2ncnc(Nc3cccc(Cl)c3)c2c1)c1cccc2c1OCCO2,Inactive
COc1cc(N2CCC(N3CCN(C)CC3)CC2)ccc1Nc1nccc(-c2c(-c3cccc(C(=O)Nc4c(F)cccc4F)c3)nc3ccccn23)n1,Active
CCC(=O)N[C@H]1CC[C@@H](n2c(=O)c(-c3ccccc3Cl)c(C)c3cnc(Nc4ccc(N5CCN(C)CC5)c(C)c4)nc32)CC1,Active
N#C/C(=C\c1ccc(O)c(O)c1)C(=O)NCCCc1ccccc1,Inactive
CC(=O)c1ccc(Nc2c(C#N)cncc2-c2ccc(NC(=O)c3ccc(CN4CCN(C)CC4)cc3)cc2)cc1,Inactive
COc1cc2ncnc(-c3c[nH]c4cc(F)c(C)cc34)c2cc1OC,Active
Clc1ccc(-c2nnc(Cc3nc4ccccc4[nH]3)o2)c(Cl)c1,Inactive
CCOC(=O)Nc1ccc(Nc2ncnc3cc(OCCN(CC)CC)c(OC)cc23)cc1Cl,Inactive
COc1ccccc1-c1cc(C(=O)/N=c2\[nH]c3ccccc3n2[C@H]2CCC[C@H](O)C2)ccn1,Active
C[C@@H](Nc1ncnc2[nH]c(-c3ccc(C(=O)NO)cc3)cc12)c1ccc(F)cc1,Active
C[C@H](c1ccccc1)n1ncc2cc(Nc3ncnn4ccc(COC[C@@H]5CNCCO5)c34)ccc21,Active
Cc1cccc(Nc2ncnc3c2sc2ccc(N)cc23)c1,Active
COc1cccc(Nc2nc3cnc(Nc4ccc(N5CCN(C)CC5)cc4)nc3n2C(C)C)c1,Active
FC(F)(F)c1cccc(Nc2ncnc3[nH]c(Cc4ccc(Cl)cc4Cl)cc23)c1,Inactive
C=CC(=O)Nc1ccc(-n2c(=O)cnc3cnc(Nc4ccc(OC)cc4)nc32)cc1,Inactive
CN(Cc1ccccc1)c1ncnc2[nH]c(-c3ccc(CO)cc3)nc12,Active
CN1CCN(CCCNc2cc3ncnc(Nc4cccc(Br)c4)c3cn2)CC1,Active
C=CCOc1ccc2ncnc(Nc3ccc(OCc4ccccc4)cc3)c2c1,Active
N#CC(C#N)=Cc1ccc[nH]1,Inactive
COc1ccc(-n2cc(NC(=O)c3ccc(NS(=O)(=O)c4ccc(Cl)cc4)cc3)cn2)cc1,Inactive
C=CC(=O)Nc1cccc(Oc2nc(Nc3ccc(N4CCOCC4)cc3OC)ncc2C(F)(F)F)c1,Active
O=C(c1ccccc1)c1ccc(NC(=O)c2cc3ccccc3[nH]2)cc1,Inactive
C=CC(=O)Nc1cccc(-c2cccc3cnc(Nc4ccc(N5CCN(CCO)CC5)cc4F)nc23)c1,Active
Cc1cccc(Nc2ncnc3cnc(NCCN4CCOCC4)nc23)c1,Active
CC(=O)O[C@H]1CO[C@H]2[C@@H]1OC[C@@H]2Oc1ccc(Nc2ncnc3ccsc23)cc1Cl,Active
CN(C)[C@H]1CCCN(c2ccc(C(=O)N[C@@H]3[C@H]4Oc5ccc(Oc6ccnc7c6CCC(=O)N7)cc5[C@@H]34)cc2C(F)(F)F)C1,Active
C=CC(=O)Nc1cc2c(Nc3cc(OC)c(Cl)cc3Cl)ncnc2cc1OCCNC(C)=O,Active
COc1cc2c(Nc3ccc(Cl)c(Cl)c3)ncnc2cc1OCC1CN(Cc2ccccn2)CCO1,Active
CC(C)(C)CNc1ncnc2ccc(NC(c3ccc(F)cc3)c3cn(C4CC4)nn3)cc12,Active
COc1cc([C@H]2CC[C@@H](N3CCN(CCS(C)(=O)=O)CC3)CC2)ccc1Nc1nccc(-c2c(-c3cccc(C(=O)Nc4c(F)cccc4F)c3)nc3ccccn23)n1,Active
N#Cc1c(N)ncnc1Nc1ccc(OCc2ccccc2)c(Cl)c1,Active
Cn1cc(-c2cc(C(=O)/N=c3\[nH]c4ccccc4n3C3CCC[S+]([O-])C3)ccn2)cn1,Active
COc1cc2c(Nc3ccccc3F)ncnc2cc1O[C@@H]1CO[C@@H]2[C@H]1OC[C@H]2F,Active
O=C(Nc1nccs1)C(c1cc[nH]n1)N1Cc2ccccc2C1=O,Inactive
C#CC(=O)N1CC(c2cnn3c(C(N)=O)c(-c4ccc(Oc5ccc(OC)cc5)cc4)[nH]c23)C1,Active
CC(C)(C)CNc1c(C#N)cnc2c(Cl)cc(N[C@H](C3=CN(C4(C(F)F)CC4)NN3)c3cccc4ncccc34)cc12,Active
CC(C)(C)N1CCC(N2C=C([C@@H](Nc3cc(Cl)c4ncc(C#N)c(Nc5ccc(F)c(Cl)c5)c4c3)c3cccc4c3CCN(C3COC3)C4)NN2)CC1,Active
CC(C)c1cnc(N2CC[C@@H]2C)c2cnc(Nc3ccnc(N4CC[C@@H](O)[C@@](C)(F)C4)n3)cc12,Inactive
COc1cccc(Nc2ncnc3[nH]c(C)c(C)c23)c1,Inactive
CC(C)(C)N1C=C([C@@H](Nc2cc(Cl)c3ncc(C#N)c(Nc4ccc(F)c(Cl)c4)c3c2)c2cocn2)NN1,Active
C=CC(=O)Nc1cccc(Oc2nc(Nc3ccc(N4CCN(C)CC4)cc3OC)ncc2Cl)c1,Inactive
O=C(O[C@H]1CN[C@H](C#Cc2cc3ncnc(Nc4ccc(Oc5ccnc6ccc(F)cc56)c(Cl)c4)c3s2)C1)N1CCOCC1,Active
O=C(CCCCOc1ccc2ncnc(Nc3ccc(F)c(Cl)c3)c2c1)NO,Active
COc1cc2c(Nc3ccc(Cl)c(Cl)c3)ncnc2cc1OCc1cc(C)on1,Active
CCOc1ccc(NC(=O)/C=C/c2ccccc2)cc1,Inactive
CN(C)c1nc(N/N=C/c2cc(Br)c(O)c(Br)c2O)nc(Nc2ccc(F)cc2)n1,Inactive
C=CC(=O)Nc1cc(Nc2nccc(NC(=O)c3ccc(C(F)(F)F)cc3)n2)c(OC)cc1N(C)CCN(C)C,Active
Nc1ccc2c(Nc3cccc(C(F)(F)F)c3)ncnc2c1,Active
O=C(Cc1cc(NCc2cc(O)ccc2O)ccc1O)NOCc1ccccc1,Inactive
CCOc1cc(N2CCC(CCS(C)(=O)=O)CC2)c(C)cc1Nc1nccc(-c2c(-c3ccc(OC(C)C)c(C(=O)Nc4c(F)cccc4F)c3)nc3ccccn23)n1,Inactive
COc1cc2c(Nc3ccc(N4CCN(C)C(F)C4)cc3)ncnc2cc1O[C@H]1CO[C@H]2[C@@H]1OC[C@@H]2F,Active
COc1c(C)cccc1-c1cc(C(=O)/N=c2\[nH]c3ccccc3n2[C@H]2CC[C@@H](O)CC2)ccn1,Active
CCCc1cc(C2CCN(CCS(C)(=O)=O)CC2)ccc1Nc1nccc(-c2c(-c3ccc(OC)c(C(=O)Nc4c(F)cccc4F)c3)nc3ccccn23)n1,Inactive
C=CC(=O)Nc1ccc(C)c(Nc2nccc(-c3cccnc3)n2)c1,Active
Cc1ncsc1-c1ccc(CNC(=O)[C@@H]2C[C@@H](O)CN2C(=O)[C@@H](NC(=O)COCCOCCOCCN2CCN(Cc3ccc(-c4cc5c(NCc6ccccc6Cl)ncnc5[nH]4)cc3)CC2)C(C)(C)C)cc1,Inactive
CC(=O)NCCNCc1ccc(-c2cc3nccc(Nc4ccc5[nH]ccc5c4)c3s2)cc1,Active
C=CC(=O)Nc1cccc(-c2cc3c(-c4[nH]c(-c5ccccc5)nc4-c4ccc(F)cc4)ccnc3[nH]2)c1,Active
Cn1cc(-c2ccnc(Nc3cc(OCCOCCn4ccnc4[N+](=O)[O-])ccc3F)n2)c2ccccc21,Inactive
C=CC(=O)N[C@@H]1CN(c2nc(Nc3cn(C)nc3OC)c3ncn(C(C)(C)C)c3n2)C[C@H]1F,Active
COc1ccc(C2=NN(C3=NC(=O)CS3)C(c3ccc(Cl)cc3)C2)cc1,Inactive
Cc1ncsc1-c1ccc(CNC(=O)[C@@H]2C[C@@H](O)CN2C(=O)[C@@H](NC(=O)CCCCCCCCCCn2cc(COc3cc4ncnc(Nc5ccc(F)c(Cl)c5)c4cc3NC(=O)/C=C/CN3CCCCC3)nn2)C(C)(C)C)cc1,Inactive
CCC(=O)N1CC[C@H](Nc2ncnc3c2CN(c2cnc(OC)c(C(F)(F)F)c2)CC3)C1,Inactive
CCN(CC)[C@@](C)(C#Cc1ncnc2cc(OC)c(OC)cc12)CCc1ccccc1,Inactive
C=CC(=O)Nc1cc2c(Nc3ccc(F)c(Cl)c3)ncnc2cc1OCc1cn(-c2ccccc2)nn1,Active
Brc1ccc(C2=NN(c3ccccc3)C(c3ccc4ccccc4c3)C2)cc1,Active
COc1cc2ncnc3c2cc1OCCCCCCOc1ccc(Cl)cc1N3,Inactive
Oc1nnc(-c2c[nH]c(-c3ccccc3)c2-c2ccccc2)c2cn(-c3ccc(Cl)cc3)nc12,Inactive
COc1cc(/C=C2\CCC/C(=C\c3ccccc3F)C2=O)cc(OC)c1,Inactive
C=CC(=O)Nc1cc2c(Nc3cccc(Br)c3)ncnc2cn1,Active
C=C=CC(=O)Nc1ccc2ncnc(Nc3cccc(Br)c3)c2c1,Active
C=CC(=O)Nc1cc(Nc2ncc(F)c(-c3cnc4c(ccn4C)c3)n2)c(OC)cc1N(C)CCN(C)N,Active
Cc1ccc2c(C(=O)Nc3ccccc3)c(SSc3c(C(=O)Nc4ccccc4)c4ccc(C)cc4n3C)n(C)c2c1,Inactive
COCCOc1cc2c(Nc3ccc(F)c(Cl)c3)ncnc2cc1OCCCCCCC(=O)NO,Active
Cn1c(=O)c(-c2c(Cl)cccc2Cl)cc2cnc(NCCCN3CCOCC3)nc21,Inactive
C=CC(=O)Nc1cccc(-c2cccc3cnc(Nc4ccc(N5CCN(CC(F)F)CC5)cc4)nc23)c1,Active
Clc1cccc(Nc2ncnc3ccc(NCc4ccc(Br)cc4)cc23)c1,Inactive
COc1cccc(Nc2ncc(C(F)(F)F)c(N[C@@H]3CCC[C@H](C(=O)C=C(C)C)C3)n2)c1,Active
COc1ccc(OC)c(Cc2cc3c(N(C)c4cccc(Br)c4)nc(N)nc3[nH]2)c1,Inactive
C=CC(=O)Nc1cccc(NC(=O)Nc2ccnc(Nc3ccc(N4CCC(N5CCOCC5)CC4)cc3OC)n2)c1,Inactive
CO/N=C/c1c(N)ncnc1Nc1ccc2c(cnn2Cc2ccc(F)cc2)c1,Active
O=S1(=O)N=S(c2ccc(Br)cc2)c2ccc(C(F)(F)F)cc21,Inactive
COc1cc(N2CCN(C)CC2)ccc1Nc1ncc(F)c(-c2cc(F)c3nc(C)cn3c2)n1,Active
[O-][N+]1(CCCNc2cc3ncnc(Nc4cccc(Br)c4)c3cn2)CCOCC1,Active
C=CC(=O)Nc1cc2c(Nc3ccc(Br)cc3F)ncnc2cc1OCCNc1nccs1,Active
CC(C)=CC(=O)Nc1cc(Nc2nccc(-c3cn(C)c4ccccc34)n2)c2c(cnn2CCN(C)C)c1,Inactive
C=CC(=O)N1CC(Sc2cc3c(Nc4ccc(F)c(Cl)c4)ncnc3cc2OC)C1,Active
COCCN1C=C([C@@H](Nc2cc(Cl)c3ncc(C#N)c(Nc4ccc(F)c(Cl)c4)c3c2)c2cscn2)NN1,Active
COc1cc2c(Nc3ccc(Cl)c(Cl)c3Cl)ncnc2cc1OCC1CN(C)CCO1,Active
CN(C)Cc1cc(C(=O)N[C@@H]2[C@H]3Oc4ccc(Oc5ccnc6c5CCC(=O)N6)cc4[C@@H]23)cc(C(F)(F)F)c1,Active
C[C@@H]1CCC(N2CC[C@]3(CN(C(=O)c4cc5ccc(F)cc5[nH]4)c4ccccc43)C2)CN1,Inactive
C=CC(=O)Nc1cc(Nc2nccc(NC(=O)c3cccc(OC)c3)n2)c(OC)cc1N1CCN(C)CC1,Active
COc1cc2ncnc(Nc3ccc(F)c(Cl)c3)c2cc1OCCNCc1ccc(-c2cccc(-c3ccccc3)c2C)nc1OC,Inactive
COc1cc2c(Nc3ccc(-c4nc5ccccc5s4)c(F)c3)ncnc2cc1OCCCN1CCN(C)CC1,Active
O=C(O[C@H]1CO[C@H]2[C@@H]1OC[C@@H]2Oc1ccc(Nc2ncnc3ccsc23)cc1Cl)c1ccccc1,Active
CCOc1cc2ncc(C#N)c(Nc3ccc(F)c(Cl)c3)c2cc1NC(=O)/C=C/CNCc1cn(CCF)nn1,Active
COc1cc(N2CCC(NC(C)=O)CC2)ccc1Nc1ncc(Cl)c(Nc2ccccc2NS(C)(=O)=O)n1,Active
COc1ccccc1CNc1ncc(C(=O)NC2CCN(C)CC2)c(NC2CCCC2)n1,Inactive
N#C/C(=C\c1ccc(O)c(O)c1)C(=O)NCCCCCCCCNC(=O)/C(C#N)=C/c1ccc(O)c(O)c1,Inactive
CC(=O)N[C@@H]1CCN(c2cc3c(NC(C)c4ccc(-c5ccccc5CN(C)C)s4)nc(C)nc3cn2)C1,Inactive
CSc1ccc(C=C(C#N)C#N)cc1,Inactive
C=CC(=O)N1CC(Oc2cc3c(Nc4ccc(Cl)cc4Cl)ncnc3cn2)C1,Inactive
CN(C)C(=O)N[C@@H]1CCCN(c2cnc(C(N)=O)c(Nc3ccc(C4CCN(C5CCCCC5)CC4)cc3)n2)C1,Inactive
CCC(C)C(Cc1coc2nc(N)nc(N)c12)c1ccccc1OC,Inactive
COc1ccc(CCN2CCC(Nc3nc4ccccc4n3Cc3ccc(F)cc3)CC2)cc1,Inactive
COc1cc2ncnc(Nc3cccc(Cl)c3F)c2cc1CN(C)C1(C(N)=O)CCN(C)CC1,Active
CNc1ncc2ncnc(Nc3cccc(Br)c3)c2n1,Active
COc1cc2c(Oc3ccc(NS(=O)(=O)c4ccc(-c5cnn(C)c5)cc4)cc3F)ccnc2cc1OCCCN1CCN(C)CC1,Inactive
Nc1ccc2ncnc(Nc3ccc4ncccc4c3)c2c1,Active
C=CC(=O)Nc1cccc(-n2c(=O)cc(C)c3cnc(Nc4nc5c(s4)CN(C)CC5)nc32)c1,Active
Fc1cccc(COc2ccc(Nc3ncnc4cc(-c5cccs5)sc34)cc2Cl)c1,Active
COc1cc(N2CCC(N3CCCC3)CC2)ccc1Nc1nccc(-c2c(-c3cccc(C(=O)Nc4c(F)cccc4F)c3)nc3ccccn23)n1,Active
CC(C)(C)C(=O)Nc1nc(Nc2ccc(F)c(Br)c2)c2cc(CCc3ccccn3)[nH]c2n1,Inactive
CCCCOc1cc2ncnc(Nc3cccc(Br)c3)c2cc1OCCCC,Active
CC(NC(=O)c1ccc2[nH]nc(-c3ccncc3)c2c1)c1cccc(Cl)c1,Inactive
CN1C=C(C(Nc2cc(Cl)c3ncc(C#N)c(Nc4ccc(F)c(Cl)c4)c3c2)C2=CN(C3CCN(C(C)(C)C)CC3)NN2)NN1,Active
COc1cc2c(cc1OC)Sc1ncnc(Nc3cccc(Cl)c3F)c1NC2,Inactive
CC#CC(=O)Nc1cccc(-c2c(-c3ccccc3)oc3ncnc(N[C@H](CO)c4ccccc4)c23)c1,Inactive
CO[C@H]1[C@@H](N(C)C(=O)c2cnccn2)C[C@@H]2O[C@@]1(C)n1c3ccccc3c3c4c(c5c6ccccc6n2c5c31)C(=O)NC4,Inactive
CCN1CCC(c2nc(COc3cc4ncnc(Nc5ccc(Cl)c(Cl)c5)c4cc3OC)no2)CC1,Active
CN1CCN(c2ccc(Nc3ncc4nc(Sc5ccccc5)n([C@H]5CC[C@H](O)CC5)c4n3)cc2)CC1,Active
CCN(CC)CCCNC(=O)Nc1cc2c(Nc3ccc(F)c(Cl)c3)ncnc2cc1O[C@H]1CCOC1,Inactive
NNc1c(Br)cccc1Nc1ncnc2ccncc12,Active
CN1CCC(c2c(O)cc(O)c3c2O/C(=C\c2ccccc2Cl)C3=O)CC1,Inactive
COc1cc2ncnc(C#C[C@](C)(O)Cc3ccccc3)c2cc1OC,Active
N#C/C(=C\c1ccc(O)c(O)c1)C(=O)NCCCN1CCN(CCCNC(=O)/C(C#N)=C/c2ccc(O)c(O)c2)CC1,Inactive
COc1cc2c(Nc3ccc(Cl)c(Cl)c3)ncnc2cc1OCc1noc(C)c1-c1ccccc1,Active
COc1cccc(Nc2ncc(C(F)(F)F)c(Nc3cccc(C(=O)C=C(C)C)c3)n2)c1,Inactive
COc1cc2c(Nc3cc(Br)cc(C(F)(F)F)c3)ncnc2cc1O[C@@H]1CO[C@@H]2[C@H]1OC[C@H]2F,Active
C=CC(=O)N1CCCCCCCn2cc(c3ccccc32)-c2ccnc(n2)Nc2cc1ccc2F,Active
C=CC(=O)N1CCC[C@@H](n2nc(C#CC3CCCC3)c3c(N)ncnc32)C1,Active
O=C(Nc1ccc([N+](=O)[O-])cc1Cl)c1cc(Cl)ccc1O,Inactive
NC(=S)N/N=C(/C=C/c1ccc(-c2ccccc2)cc1)c1ccccc1,Inactive
C=CC(=O)Nc1cc(Nc2ncc(Cl)c(-c3cnn(C)c3C)n2)c(OC)cc1N(C)CCN(C)C,Active
COc1cc(C2CCN(C3CCN(C(C)=O)CC3)CC2)ccc1Nc1ncc(Cl)c(Nc2ccccc2NS(C)(=O)=O)n1,Active
C=CNC(=O)NCCOc1cc2ncnc(Nc3ccc(Br)cc3F)c2cc1NC(=O)C=C,Active
COc1cc(N2CCN(C)CC2)ccc1Nc1ncc(Cl)c(Oc2cccc(NC(C)=O)c2)n1,Inactive
CC[C@@H](Nc1c(C#N)cnc2c(Cl)cc(N[C@H](C3=CN(C4COC4)NN3)c3cccnc3)cc12)c1ccccc1,Active
COCCNC/C=C/C(=O)Nc1cc2c(Nc3ccc(F)c(Cl)c3)ncnc2s1,Active
Cc1cccc(Nc2ncnn3ccc(CN4CCC(N)CC4)c23)c1,Active
COc1cc2c(Nc3ccc(Cl)c(Cl)c3C)ncnc2cc1OCC1CN(C)CCO1,Active
COc1cc2c(cc1OC)Oc1ncnc(Nc3cc(Cl)ccc3F)c1NC2,Inactive
COC(=O)CNC(=O)c1ccc(Nc2ncnc3cc(OCCCN4CCN(C)CC4)c(OC)cc23)cc1,Active
Cn1c(SSc2c(C(=O)Nc3ccccc3)c3cc(C#N)ccc3n2C)c(C(=O)Nc2ccccc2)c2cc(C#N)ccc21,Inactive
C[C@@H](Nc1ncnc2[nH]c(-c3ccc(C(=O)NCCNCCC(=O)NO)cc3)cc12)c1ccccc1,Active
CCS(=O)(=O)n1cc2c3ccc(cc31)OCCCCCOc1cc(ccc1N1CCOCC1)Nc1ncc(Cl)c-2n1,Active
Brc1ccc(C2=NN(c3nc(-c4ccccc4)cs3)C(c3ccc(Br)cc3)C2)cc1,Inactive
COc1cc(NC(=O)Nc2ccncc2)cc(-c2cccnc2)c1OC,Active
CN(C)C(=O)N[C@@H]1CCCN(c2cnc(C(N)=O)c(Nc3ccc(C4CCN(C5CCOCC5)CC4)cc3)n2)C1,Inactive
Fc1cccc(COc2ccc(Nc3ncnc4cc(C#C[C@H]5CCCN5)sc34)cc2Cl)c1,Active
Cc1nc(F)ccc1C(Nc1cc(Cl)c2ncc(C#N)c(NCC(C)(C)C)c2c1)C1=CN(C)NN1,Active
Nc1nc(Nc2ccc(F)c(Br)c2)c2cc(CCc3ccccn3)[nH]c2n1,Inactive
CCCCN(Cc1cccc(Cl)c1O)C(=S)Nc1ccccc1,Inactive
CN(C)C/C=C/C(=O)Nc1cc2c(Nc3ccc(F)c(Cl)c3)ncnc2s1,Active
CCOc1cc2ncnc(Nc3ccc(F)c(Cl)c3)c2cc1OC(=O)CSc1nnnn1C,Active
Cc1nn(-c2ccc(Cl)cc2)c(Cl)c1C1C(C#N)=C(N)N(c2cccnc2)C2=C1C(=O)CC(C)(C)C2,Inactive
C=CC(=O)Nc1cccc(N2C(=O)C(Cc3ccccc3)N(C)C(=O)c3cnc(Nc4ccc(N5CCN(C)CC5)cc4OC)nc32)c1,Active
C=CCCN(C)CCN(C)c1cc(OC)c(Nc2nccc(Nc3cn(C)c4ccccc34)n2)cc1NC(=O)C=C,Active
COC(=O)c1ccc2c(c1)NC(=O)/C2=C(\Nc1ccc(N(C)C(=O)CN2CCN(C)CC2)cc1)c1ccccc1,Inactive
CC(C)(C)CNc1c(C#N)cnc2c(Cl)cc(N[C@@H](C3=CN(CC(=O)O)NN3)c3ccc(F)nc3)cc12,Active
Cc1cc(Nc2ncnc3cccc(OC4CCN(C)CC4F)c23)ccc1Oc1ccn2ccnc2c1,Inactive
C=CC(=O)Nc1cc(Nc2ncc(C(=O)OC(C)C)c(-c3c[nH]c4ncccc34)n2)c(OC)cc1N(C)CCN(C)C,Active
O=C1CCc2c(Oc3ccc4c(c3)[C@H]3[C@H](NC(=O)c5cccc(C(F)(F)F)n5)[C@H]3O4)ccnc2N1,Active
COc1cc2c(Nc3ccc(Cl)c(Cl)c3)ncnc2cc1OCc1noc(C2CCCN2C)n1,Active
Cn1c(-c2csc(N/N=C\c3cccs3)n2)nc2ccccc21,Active
Cc1cncc(Cn2ncc3cc(Nc4ncnn5ccc(CN6CCC(N)CC6)c45)ccc32)c1,Active
O=C(NN1C(=O)c2c(c3c4cccc(O)c4n(C4OC(CO)C(O)C(O)C4O)c3c3[nH]c4c(O)cccc4c23)C1=O)c1ccccc1,Inactive
Cc1c(C)n(-c2ccccc2)c2ncnc(N)c12,Inactive
C=CC(=O)N1CCc2c(sc3ncnc(Nc4ccc(CC)cc4)c23)C1,Inactive
COc1ccccc1C(=O)NCc1ccc(-c2nn([C@@H]3C=C[C@H](O)C3)c3ncnc(N)c23)cc1,Inactive
CNc1cc2ncnc(Nc3cccc(C)c3)c2cn1,Active
COc1cc2c(Nc3ccc(Cl)c(Cl)c3)ncnc2cc1OCc1csc(C2CCCN2)n1,Active
CC(C)c1ncc(N2C[C@H](O)[C@H]2C)c2cnc(Nc3ccnc(N4CC[C@@H](O)[C@@](C)(F)C4)n3)cc12,Inactive
COc1ccc(-c2nn(C)c3ncnc(N)c23)cc1O,Inactive
O=C1c2cc(-c3ccc4[nH]ccc4c3)ccc2Nc2ccc(F)cc2N1Cc1nccs1,Inactive
CONC(=O)c1cc(/N=C/c2cc(O)ccc2O)ccc1O,Inactive
CCO[C@H]1C=C[C@H](n2nc(-c3ccc(CNC(=O)c4ccccc4OC)cc3)c3c(N)ncnc32)C1,Inactive
CC(C)n1nc(-c2cc3cc(O)ccc3[nH]2)c2c(N)ncnc21,Inactive
Cl.NCCc1cn(Cc2ccc(-c3cccc(C(F)(F)F)c3)cc2)c2ccc(OCCc3ccc(O)cc3)cc12,Inactive
COc1ccc(-c2cnc3cc(OC)c(OC)cc3c2)cc1C,Inactive
CCC(C)[C@@H]1[C@@](C)(C(=O)/C=C/N(c2ccccc2)c2ccc3ccccc3c2)[C@H]2[C@H](C)C[C@@](C)(O)C[C@]2(O)C(=O)[C@@]1(C)O,Inactive
Fc1cccc(COc2ccc(Nc3ncnc4sc(Br)cc34)cc2Cl)c1,Active
C#Cc1cccc(Nc2nc(Cl)nc3cc(OC)c(OC)cc23)c1,Inactive
O=C(O)c1ccc(Nc2nncc3ccccc23)cc1,Active
Cc1ncc([N+](=O)[O-])n1C/C(=N/NC(=O)c1ccc(N)cc1)c1ccc(Br)cc1,Active
CN1CCc2c([nH]c3ccccc23)C1c1ccc(NC(=O)c2cccc(Cl)c2)cc1,Inactive
C#CC(=O)NCCn1cc(-c2ncnc3cc(OC)c(OC)cc23)c(-c2cccc(OC)c2)n1,Inactive
C=CC(=O)N1CCC(Oc2cc3c(Nc4ccc(Cl)c(Cl)c4F)ncnc3cc2O[C@@H](C)CC(C)C)CC1,Active
Cc1scnc1[C@H](Nc1cc(Cl)c2ncc(C#N)c(NCC(C)(C)C)c2c1)C1=CN(C2(C(F)F)CC2)NN1,Active
C=CC(=O)N1CCC[C@H](Nc2nc(Nc3ccc(N4CCOCC4)cc3)c3c(c2F)CNC3=O)C1,Inactive
N#C/C(=C\c1ccc(F)cc1)C(=O)O,Inactive
CC(Nc1c(C#N)cnc2ccc(-c3cncc(-c4n[nH]c(=O)o4)c3)cc12)c1ccccc1,Active
N#Cc1cc2c(N)nc(NCCO)nc2nc1NCCO,Inactive
Cc1nc(N(C)c2ccc3c(c2)OCC3)c2cc(C)oc2n1,Active
COc1cc(/C=C2\CCC/C(=C\c3ccccc3OC)C2=O)cc(OC)c1,Inactive
CCOC(=O)CCCn1c(=O)oc2cc3ncnc(Nc4cc(C)cc(C)c4)c3cc21,Inactive
COC[C@H]1Oc2cc3ncnc(Nc4cccc(I)c4)c3cc2O[C@@H]1COC,Active
Oc1ccc(NC(=S)Nc2ccc3ncnc(Nc4cccc(Br)c4)c3c2)cc1,Active
C=CC(=O)Nc1cccc(Nc2nc(Nc3ccc(N4CCN(C(=O)CO)CC4)cc3OC(F)F)ncc2C(F)(F)F)c1,Active
C=CC(=O)Nc1cc(Nc2ncc(Cl)c(-c3cnn4ccccc34)n2)c(OC)cc1N1CCN(C)CC1,Inactive
C=CC(=O)Nc1ccccc1Nc1nc(Nc2ccc(OCC(=O)N3CCOCC3)cc2)ncc1Cl,Active
Clc1cccc(Nc2[nH]nc3ncnc(NCc4ccccc4)c23)c1,Inactive
COc1cc(Nc2c(C#N)cnc3cc4c(cc23)ncn4CCN2CCOCC2)cc(OC)c1OC,Inactive
CC(C)(C)CNc1c(C#N)cnc2c(C#N)cc(N[C@H](C3=CN(C4(c5ccncc5)CC4)NN3)c3cccc4ncsc34)cc12,Active
COc1ccc2[nH]c(=O)cc(-n3nc(-c4ccccc4)cc3-c3ccccc3)c2c1,Active
Nc1ncnc2c1c(-c1ccc(Cl)c(O)c1)nn2[C@@H]1CCOC1,Inactive
CC#CC(=O)N[C@H]1CCCN(c2c(F)cc(C(N)=O)c3[nH]c(C)c(C)c23)C1,Inactive
O=C(Nc1cccc(-c2nc3sccn3c2-c2ccnc(Nc3ccccc3)n2)c1)c1ccccc1,Active
Oc1c(-c2cccc(Cl)c2)cnc2ccccc12,Inactive
CCCCCCCCCOC(=O)COc1cc(O)c2c(=O)cc(-c3ccccc3)oc2c1,Inactive
COc1cc(N2CCN(C)CC2)ccc1Nc1ncc(Cl)c(Oc2ccccc2NC(=O)COCc2ccccc2)n1,Inactive
c1ccc(-c2nc3sc(-c4ccccc4)cn3n2)cc1,Inactive
CCN(CC)CCOc1c(C(=O)OC)c2c3c(oc2c2ccccc12)C(=O)c1ccccc1C3=O,Inactive
CCC(=O)Nc1cc2c(Nc3ccc(NCc4ccccc4)cc3)ncnc2cc1OC,Active
CCOC(=O)Nc1ccc(Nc2ncnc3cc(OCCN(CC)CC)c(OC)cc23)cc1Cl.Cl,Inactive
COc1cc(C2CCNCC2)ccc1Nc1ncc(Br)c(Nc2ccccc2NS(N)(=O)=O)n1,Inactive
COc1cc(Cl)c(/C=C2\CN(C(C)C)C/C(=C\c3nc(C)c(C)nc3C)C2=O)cc1OC,Inactive
CN(C)C/C=C/C(=O)Nc1cc2c(Nc3ccc4c(cnn4Cc4ccccc4)c3)ncnc2cn1,Active
COc1cc2c(Nc3ccc(Cl)c(Cl)c3)ncnc2cc1OCc1csc(N2CCOCC2)n1,Active
CN1CCC(n2cc(-c3cnc(N)c(-c4nc5ccccc5[nH]4)n3)cn2)CC1,Active
O=C(Oc1ccccc1)c1cc(NCc2cc(O)ccc2O)ccc1O,Inactive
COc1ccc2cc(C(C)C(=O)O)ccc2c1,Inactive
Cc1cc(Nc2ncnc3cccc(OC45CCN(CC4)CC5)c23)ccc1Oc1ccn2ccnc2c1,Inactive
CCN(CC)c1ccc(-c2csc(COc3cc4ncnc(Nc5ccc(Cl)c(Cl)c5)c4cc3OC)n2)cc1,Active
Cc1cc(/C=N/NC(=O)Nc2ccc(-c3nc(N4CCOCC4)c4sccc4n3)cc2)cc(C)c1O,Inactive
CC(C)(C)C(=O)N1Cc2c(NC(=O)c3cc(F)cc(F)c3)n[nH]c2C1(C)C,Inactive
Brc1cccc(Nc2nnnc3ccccc23)c1,Inactive
O=C1Nc2ccccc2/C1=C/c1n[nH]cc1Cl,Inactive
C=CC(=O)Nc1cccc(Nc2nc(Nc3ccc(N4CCN(C(=O)OC)CC4)cc3OC)ncc2C(F)(F)F)c1,Active
CC(=O)N1N=C(c2ccc(F)cc2)CC1c1ccc(C(=O)OC(C)Cn2c([N+](=O)[O-])cnc2C)cc1,Inactive
CCc1nc(F)ccc1[C@H](Nc1cc(C#N)c2ncc(C#N)c(NCC(C)(C)C)c2c1)C1=CN(C2(C(F)(F)F)CC2)NN1,Active
Cc1cc(C(=O)N[C@@H]2[C@H]3Oc4ccc(Oc5ccnc6c5CCC(=O)N6)cc4[C@@H]23)ccc1CN1CCN(C)CC1,Active
C#Cc1nn([C@@H]2CCCN(C(=O)C=C)C2)c2ncnc(N)c12,Inactive
Cc1cc(NC2=NC(=O)CS2)no1,Active
Nc1ccc2c(Nc3ccccc3)ncnc2c1,Active
COc1cc2c(Oc3ccc(-c4nc5ccccc5s4)cc3)ncnc2cc1OCCCN1CCN(C)CC1,Inactive
Cc1ccc(-c2n[nH]c3ncnc(N)c23)cc1O,Inactive
C=CC(=O)Nc1cc2c(Nc3ccc(Br)cc3F)ncnc2cc1OCCNC(=O)C1CCCN1C(=O)CC,Active
NC(=S)N/N=C(/C=C/c1ccccc1)c1ccc(Cl)cc1,Active
CCN1CCN(Cc2ccc(C(=O)N[C@@H]3[C@H]4Oc5ccc(Oc6ccnc7c6CCC(=O)N7)cc5[C@@H]34)cc2OC)CC1,Active
CC(C)(C)NS(=O)(=O)c1cncc(-c2ccn3nc(N)nc3c2)c1,Inactive
CNc1ccc2c(Nc3cccc(Br)c3)ncnc2n1,Active
COc1ccc(C(Nc2ccc([N+](=O)[O-])cc2)n2c(=O)ccc3cc(O)ccc32)cc1,Inactive
C=C(Cl)C(=O)Nc1cccc(Nc2nc(Nc3ccc(N4CCN(C(C)=O)CC4)c(Cl)c3)ncc2Cl)c1,Active
C=CS(=O)(=O)NCCn1cc(-c2ncnc3cc(OC)c(OC)cc23)c(-c2cccc(OC)c2)n1,Inactive
C=CC(=O)Nc1cc(Nc2nccc(-c3cn(C)c4ccccc34)n2)c(OC)cc1N(C)CCCl,Active
C=CC(=O)Nc1cccc(Nc2nc(Nc3cccc(CO)c3)ncc2F)c1,Active
COc1cc2ncnc(Nc3cccc(C#CCO)c3)c2cc1OC,Inactive
CN(CC(O)CO)c1cc2c(Nc3cccc(Br)c3)ncnc2cn1,Active
COc1ccc(-c2c3c4cc(OCCN(C)C)c(OC)cc4oc(=O)c3n3ccc4cc(O)c(OC)cc4c23)cc1O.O=C(O)C(F)(F)F,Active
COCC(=O)Nc1ccc2ncnc(Nc3cc(Cl)c(Cl)cc3F)c2c1,Inactive
COc1cc2cc(-c3cc(F)c(OC)c(F)c3)cnc2cc1OC,Inactive
CN1CCN(c2cc3c(Nc4cccc(Br)c4)ncnc3cn2)CC1,Active
Cn1c(SSc2c(CCCC(=O)O)c3ccccc3n2C)c(CCCC(=O)O)c2ccccc21,Inactive
C=CC(=O)Nc1ccc(OC)c(Nc2cc(-c3[nH]c(SC)nc3-c3ccc(F)cc3)ccn2)c1,Active
COc1cc2ncnc(Nc3cccc(Br)c3)c2cc1OC.Cl,Active
CCCCCCCCc1ccc(O)cc1,Inactive
CN(C)CCn1ncc2cc3c(Nc4cccc(Br)c4)ncnc3cc21,Active
COc1cc2ncc(C#N)c(Nc3ccc(NCc4cccnc4)c(Cl)c3)c2cc1NC(=O)/C=C/CN(C)C,Active
C=CC(=O)N(c1ccc(Cl)cc1F)c1ncnc2cc(OC)c(OCCCN3CCOCC3)cc12,Active
CC(C)Oc1ccccc1C(=O)NCc1ccc(-c2nn(C3CCCC3)c3ncnc(N)c23)cc1,Inactive
C=CC(=O)N1CCC[C@H]1c1nc(-c2ccc(Oc3cccc(OC)c3)cc2)c2cnccn12,Inactive
N#CC(C#N)=C(N)/C(C#N)=C/c1cc(O)c(O)c(Br)c1,Active
CN(C)c1cccc(Nc2ncnc3cc(N)ncc23)c1,Inactive
C=CC(=O)Nc1cccc(Nc2nc(Nc3ccc(CN4CCOCC4)cc3)ncc2F)c1,Active
C=CC(=O)Nc1cc(Nc2nccc(-c3ccc4cnn(C(C)C)c4c3)n2)c(OC)cc1N(C)CCN(C)C,Active
Nc1ccc2ncnc(Nc3cccc4[nH]ccc34)c2c1,Inactive
CCOC(=O)Nc1ccc(Nc2ncnc3cc(OCCN4CCOCC4)c(OC)cc23)cc1C.Cl,Inactive
NNC(=O)c1csc2nc(CN3CCOCC3)c(-c3ccc(Br)cc3)n12,Active
CCN(CC)CCn1ncc2cc(Nc3nccc(-c4cn(S(=O)(=O)CC)c5ccccc45)n3)cc(Cl)c21,Active
CN(C)C(=O)N[C@@H]1CCCN(c2cnc(C(N)=O)c(Nc3cnn(C4CCN(C(=O)C5CC5)CC4)c3)n2)C1,Inactive
COc1cc2c(Oc3ccc(-c4cnc(Nc5ccc(F)cc5)n(C)c4=O)cc3F)ccnc2cc1OCCCN1CCOCC1,Inactive
COc1cc2c(Nc3ccc(NC(=O)Nc4cccc(Cl)c4)cc3)ncnc2cc1OCc1ccccc1,Inactive
Fc1ccc(Nc2ncnn3cccc23)cc1Cl,Inactive
CCOc1cc2ncnc(Nc3ccc(F)c(Cl)c3)c2cc1NC(=O)/C=C/CN(C)C1CC1,Active
Cc1cccc(CN(C)c2ncnc3[nH]c(-c4cccc(C(=O)O)c4)cc23)c1,Active
CC#CC(=O)N1CCC[C@H]1c1nc(-c2ccc(C(=O)Nc3nccs3)c(OC)c2)c2c(N)nccn12,Inactive
CN(C)c1ccc(/C=C/c2cc(C(=O)O)c3cc(Br)ccc3n2)cc1,Inactive
Cc1ccc(C2=NN(C3=NC(=O)CS3)C(c3ccc(Br)cc3)C2)cc1,Active
C=CC(=O)N1CCC[C@@H](Oc2nc(Nc3cccc(OC)c3)ncc2F)C1,Active
N#Cc1cnc2c(Cl)cc(N[C@H](C3=CN(C4COC4)NN3)c3cccnc3)cc2c1NC1CCOCC1,Active
Nc1cc2ncnc(NCc3ccccc3N)c2cn1,Active
C=CC(=O)Nc1cc2c(Nc3ccc(F)c(Cl)c3)ncnc2cc1OCc1cn(CCCC(=O)NO)nn1,Active
CC(C)(C)CNc1c(C#N)cnc2c(Br)cc(N[C@H](C3=CN(C4CC4)NN3)c3cccc4c3C(=O)NC4)cc12,Active
Fc1ccc2ncnc(Nc3cccc(Br)c3)c2n1,Active
Oc1cccc(O)c1O,Inactive
COc1cc2ncc(C#N)c(Nc3cccc(F)c3)c2cc1OC,Active
Nc1ccc2sc3c(Nc4cccc(C(F)(F)F)c4)ncnc3c2c1,Active
CC(C)(C)N1CCC(N2C=C([C@@H](Nc3cc(Cl)c4ncc(C#N)c(Nc5ccc(F)c(Cl)c5)c4c3)c3ccc(F)nc3)NN2)CC1,Active
COCCCOc1cc2ncnc(Nc3ccc(F)c(Cl)c3)c2cc1NC(=O)/C=C/CN(C)C,Active
COc1cc2c(Nc3ccc(Br)c(Cl)c3)ncnc2cc1O[C@H]1CO[C@@H]2[C@@H](OC)[C@@H](OC)O[C@@H]21,Active
CCOC(=O)c1c(-n2ccnc2)nc2ccc(Br)cc2c1N1CCN(c2ccccc2NS(=O)(=O)c2ccc(F)c(F)c2)CC1,Active
C=CC(=O)Nc1cc(Nc2nccc(-c3cn(C)c4cc(-c5cnn(C)c5)ccc34)n2)c(OC)cc1N(C)CCN(C)C,Active
CCC(=O)Nc1cc2c(Oc3ccc(NC(=O)c4c(-c5c(Cl)cccc5Cl)noc4C)cc3F)cccc2cc1OC,Inactive
COc1cc(N(C)CCN(C)C)c(NC(=O)c2cccnc2)cc1Nc1nccc(-c2cn(C)c3ccccc23)n1,Active
NC(=O)c1c(-c2ccc(Oc3ccc(Cl)cc3)cc2)nn([C@@H]2CCCN(C(=O)/C=C/CO)C2)c1N,Inactive
Cc1cccc(NC(=O)Nc2ccc(-c3csc4ncnc(N)c34)cc2)c1,Inactive
C[C@@H](Nc1ncnc2[nH]c(-c3ccc(OCCCCCCC(=O)NO)cc3)cc12)c1ccc(F)cc1,Active
Nc1ncnc2c1ncn2CC(=O)c1cccnc1,Inactive
CN(CCOc1ccc(C[C@H](Nc2ccccc2C(=O)c2ccccc2)C(=O)O)cc1)c1ccccn1,Inactive
Cc1cccc(Nc2ncnc3ccc(NC(=O)N(C)CCCl)cc23)c1,Inactive
COc1cc2c(Nc3ccc(NC(=O)Nc4ccc(Cl)cc4)c(Cl)c3)ncnc2cc1OCCCN1CCN(C)CC1,Active
CCCN1CCCOC(COc2cc3ncnc(Nc4ccc(Cl)c(Cl)c4)c3cc2OC)C1,Active
Cn1cc(-c2cc(C(=O)/N=c3\[nH]c4ccccc4n3CC(C)(C)O)ccn2)cn1,Inactive
c1ccc(CNc2ncnc3c2sc2ccccc23)cc1,Active
C=C(Cl)C(=O)Nc1cc(Nc2nc(C)cc(-c3cn(C)c4ccccc34)n2)c(OC)cc1N(C)CCN(C)C,Active
COC(=O)CN(C)[C@H]1C[C@@H]2O[C@](C)([C@H]1OC)n1c3ccccc3c3c4c(c5c6ccccc6n2c5c31)C(=O)NC4,Inactive
CN(C)/N=N/c1ccc2ncnc(N(C)c3ccccc3)c2c1,Inactive
Cc1ncsc1[C@H](Nc1cc(Cl)c2ncc(C#N)c(N[C@H](C)c3ccccc3)c2c1)C1=CNNN1,Active
Nc1cccc(CNc2ncnc3cc(N)ncc23)c1,Inactive
C=C=CC(=O)Nc1cc(Nc2nccc(-c3cn(C)c4ccccc34)n2)c(OC)cc1OCCN1CCOCC1,Active
COc1ccccc1-c1cc2c(N[C@H](C)c3ccccn3)ncnc2s1,Active
Nc1ncnc(Nc2ccc3c(cnn3Cc3cccc(F)c3)c2)c1/C=N/O,Active
C=CC(=O)Nc1cccc(Nc2ncc(C)c(Nc3ccc(Oc4ccccc4)cc3)n2)c1,Active
CC[C@@H](Nc1ncnc2ccc(NC(c3ccc(F)cc3)c3cn(C4CC4)nn3)cc12)c1ccccc1,Active
CSc1ccc(/C=C2\C(=O)Nc3ccccc32)s1,Inactive
C=CC(=O)Nc1cc2c(Nc3ccc(Br)cc3F)ncnc2cc1OCCNC(=O)C(=O)O,Active
C=CC(=O)Nc1cc(Nc2nccc(-c3cn(C)c4cc(C(=O)OC)ccc34)n2)c(OC)cc1N(C)CCN(C)C,Active
COc1cc2c(cc1OC)Oc1ncnc(Nc3cccc(Cl)c3F)c1NC2,Inactive
CCN1CCC(N2C=C([C@@H](Nc3cc(Cl)c4ncc(C#N)c(Nc5ccc(F)c(Cl)c5)c4c3)c3cscc3Cl)NN2)CC1,Active
C=CC(=O)N1CC[C@H](Nc2cncc(-c3cnc(Nc4cccc(Cl)c4)nc3)c2)C1,Inactive
CSCCCNc1ccc2ncnc(Nc3cccc(Cl)c3)c2c1,Inactive
O=C1NC(=O)c2c1c1c3cccc(O)c3[nH]c1c1[nH]c3c(O)cccc3c21,Inactive
C=CC(=O)Nc1cc2c(Nc3ccc(Br)cc3F)ncnc2cc1OCCNC(C)=O,Active
CN(C)C(=O)c1ccccc1Nc1nc(Nc2ccc3nc(CN4CCCC4)[nH]c3c2)ncc1Cl,Inactive
O=C1CSC(N2N=C(c3ccccc3)CC2c2ccccc2)=N1,Inactive
COc1cccc(CNc2ncnc3cc(N)ncc23)c1,Inactive
Cc1ncc([N+](=O)[O-])n1C/C(=N/NC(=O)c1ccc(Cl)cc1)c1ccc(Br)cc1,Inactive
N#C/C(=C\c1ccc(O)c(O)c1)C(=O)Nc1ccccc1Cl,Inactive
CO[C@H]1[C@@H](N(C)C(=O)c2ccc(Cl)cc2)C[C@@H]2O[C@@]1(C)n1c3ccccc3c3c4c(c5c6ccccc6n2c5c31)C(=O)NC4,Inactive
CNCC(O)COc1cc2c(Nc3ccc(F)c(Cl)c3)ncnc2cc1OC,Active
C#Cc1cccc(Nc2ncnc3c2NCc2cc(OC)c(OC)cc2O3)c1,Inactive
C[N+](C)(C/C=C/C(=O)Nc1ccc2ncnc(Nc3cccc(Br)c3)c2c1)Cc1ccccc1[N+](=O)[O-].[Br-],Active
COc1cc2ncnc(Nc3cccc(Br)c3)c2cc1NC(=O)/C(F)=C\CN(C)C,Active
Cc1ncsc1-c1ccc([C@H](C)NC(=O)[C@@H]2C[C@@H](O)CN2C(=O)[C@@H](NC(=O)COCCCOCCCN2CCC3(CC2)CCN(c2nccc(Nc4cc5c(cn4)nc(C)n5C(C)C)n2)CC3)C(C)(C)C)cc1,Inactive
Nc1ncnc2c1c(-c1ccc3[nH]ccc3c1)nn2C1CCCC1,Active
COc1cc(N2CCN(CCS(C)(=O)=O)CC2)c(C)cc1Nc1nccc(-c2c(-c3ccc(OC)c(C(=O)Nc4c(F)cccc4F)c3)nc3ccccn23)n1,Inactive
COC(=O)CCc1c(SSc2c(CCC(=O)OC)c3ccccc3n2C)n(C)c2ccccc12,Inactive
C=CC(=O)Nc1cc2c(Nc3ccc(Br)cc3F)ncnc2cc1OCCNC(=O)c1ccc[nH]1,Active
COc1cc2ncnc(Nc3ccc(F)c(Cl)c3)c2cc1NC(=O)/C=C/n1cc(F)c(=O)[nH]c1=O,Inactive
O=C(NO)c1ccccc1Nc1nc(Nc2ccc(N3CCOCC3)cc2)ncc1Cl,Active
CC(C)n1nc(-c2ccn3ccnc3c2)c2c(N)ncnc21,Inactive
C=CC(=O)Nc1cc2c(Nc3ccc(F)c(Cl)c3)ncnc2cc1OCCCN1CCOCC1.Cl.Cl,Active
Nc1ncnc2c1c(-c1cccc(OC[C@@H]3CCCO3)c1)cn2[C@H]1C[C@@H](CN2CCC2)C1,Inactive
Cn1ccc2c([C@H](Nc3cc(Cl)c4ncc(C#N)c(NCC(C)(C)C)c4c3)C3=CN(C4(C)CC4)NN3)cccc2c1=O,Active
Cc1cc(Nc2ncnc3cc(F)cc(O[C@H]4CCN(C)CC4(F)F)c23)ccc1Oc1ccn2ncnc2c1,Inactive
O=C(COc1ccc(Nc2ncc(Cl)c(Nc3ccccc3C(=O)NO)n2)cc1)NO,Active
CC(C)=CC[C@@H](OC(=O)/C=C\C(=O)c1ccc(F)cc1)C1=CC(=O)c2c(O)ccc(O)c2C1=O,Active
C=CC(=O)N1CCC(C2CCNc3c(C(N)=O)c(-c4cc(OC)c(C(C)C)c(OC)c4)nn32)CC1,Inactive
COc1cc2ncnc(Nc3ccc(O[C@H]4CO[C@H]5[C@@H]4OC[C@@H]5O)c(Cl)c3)c2cc1OC,Active
COc1cc2c(Nc3ccc(Cl)c(Cl)c3)ncnc2cc1OCc1noc(C2CCCCN2)n1,Active
C[C@@H](CF)N1C=C([C@@H](Nc2cc(C#N)c3ncc(C#N)c(NCC(C)(C)C)c3c2)c2cccc3c(=O)n(C)ccc23)NN1,Active
CCOc1cc(C2CCN(CCS(C)(=O)=O)CC2)ccc1Nc1nccc(-c2c(-c3ccc(OC)c(C(=O)Nc4c(F)cccc4F)c3)nc3ccccn23)n1,Inactive
N#Cc1cnc2cc(O)c(O)cc2c1Nc1cccc(Br)c1,Active
COCCOc1cc2ncnc(Nc3cc(C=O)cc(C=O)c3)c2cc1OCCOC,Inactive
COc1cc(N2CCN3CCOC[C@@H]3C2)ccc1Nc1nccc(-c2c(-c3ccc(OC)c(C(=O)Nc4c(F)cccc4F)c3)nc3ccccn23)n1,Inactive
CC(C)N1C=C([C@@H](Nc2cc(Cl)c3ncc(C#N)c(NC(CCO)c4ccccc4)c3c2)c2cccnc2)NN1,Active
CCC(=O)Nc1cc2c(Nc3ccc(Cc4ccncc4)cc3)ncnc2cc1OC,Active
COCC#CC(=O)Nc1cc2c(Nc3cccc(Br)c3)c(C#N)cnc2cc1OC,Inactive
C=CC(=O)Nc1cccc(-c2c(-c3ccccc3)oc3ncnc(NC4CCC4)c23)c1,Active
COc1ccc(-c2cc(COc3cc4ncnc(Nc5ccc(Cl)c(Cl)c5)c4cc3OC)on2)cc1,Active
COc1cc2c(Nc3ccc(Br)cc3F)ncnc2cc1OCC1CCN(C(=O)Cn2cncc2[N+](=O)[O-])CC1,Active
CN(C)C/C=C/C(=O)N1CCC[C@@H](n2nc(-c3cccc(C(F)(F)F)c3)c3c(N)ncnc32)C1,Inactive
O=C(CCCCCCn1cc(-c2ccc3ncnc(Nc4ccc(Br)cc4F)c3c2)nn1)NO,Active
Cl.NCCc1cn(CCCCCc2ccccc2)c2ccc(OCCc3ccc(O)cc3)cc12,Inactive
C[C@@H](Nc1ncnc2[nH]c(-c3ccc(NCc4ccc(C(=O)NO)cc4)cc3)cc12)c1ccccc1,Active
CC(C)CC(=O)Nc1n[nH]c2c1CN(C(=O)C1CCN(C)CC1)C2(C)C,Inactive
FC(F)(F)c1cccc(Nc2ncnc3ccc4c(c23)OCCN4)c1,Active
COc1cc(O[C@H]2CCN(C)CC2(F)F)c2c(Nc3ccc(Oc4ccn5ncnc5c4)c(C)c3)ncnc2c1,Inactive
C[C@@H](Nc1ncnc2[nH]c(-c3ccc(CN4CCN(CCCCC(=O)NO)CC4)cc3)cc12)c1ccccc1,Active
C=CC(=O)Nc1cc(Nc2ncc(Cl)c(-c3cnn4ccccc34)n2)c(OC)cc1N1CCN(C(=O)CN(C)C)CC1,Inactive
C=CC(=O)Nc1cc(Nc2ncc(Cl)c(-c3cnn(C)c3C)n2)c(OC)cc1N1CCC(N(C)C)CC1,Active
CCOc1cc(/C=C(\C#N)C(N)=O)cc(CSc2ccc(O)cc2)c1O,Inactive
CC(=O)N1N=C(c2ccc(Cl)cc2)CC1c1ccc(C(=O)OCCn2c([N+](=O)[O-])cnc2C)cc1,Inactive
CC(=O)N1CCN(C(=O)c2cc(CSc3cnc(NC(=O)c4ccc(CNC(C)C(C)(C)C)cc4)s3)cc(C)c2C)CC1,Inactive
Cc1ccccc1-c1cn(-c2ccccc2)c2ncnc(N)c12,Inactive
O=C(Nc1cc2c(Nc3ccc(F)c(Cl)c3)ncnc2cc1OCCCN1CCOCC1)c1cc([N+](=O)[O-])ccc1Cl,Active
COc1ccccc1-c1cc2c(NCc3ccccn3)ncnc2s1,Active
C=CC(=O)Nc1cc2c(Nc3ccc(F)c(Cl)c3)ncnc2cc1OCC1CC2(CCN(C)CC2)C1,Active
COc1cc2c(Nc3ccc(Br)c(Cl)c3)ncnc2cc1O[C@H]1CO[C@H]2[C@@H]1OC[C@@H]2SC,Active
CC(=O)N1N=C(c2ccc(Cl)c(Cl)c2)CC1c1ccc(F)cc1,Inactive
CCN(CC)CCC#CC(=O)Nc1ccc2ncnc(Nc3ccc(F)c(Cl)c3)c2c1,Active
C/C(=N\Nc1ncc(Cl)c(Nc2cccc(NC(=O)/C=C/CN(C)C)c2)n1)c1ccc(F)cc1F,Inactive
Nc1ncnc2nn3ccccc3c12,Inactive
COc1cc(N2CCC(C3CCN(CCS(C)(=O)=O)CC3)CC2)ccc1Nc1nccc(-c2c(-c3cccc(C(=O)Nc4c(F)cccc4F)c3)nc3ccccn23)n1,Active
COC[C@H]1CCN1C/C=C/C(=O)Nc1cc2c(Nc3ccc(F)c(Cl)c3)ncnc2cc1OCC1CC1,Active
COc1ccc2ncnc(Nc3ccccc3)c2c1,Active
C[C@H](NC(=O)c1ccc(S(=O)(=O)Oc2ccc(/C=C/[N+](=O)[O-])cc2)cc1)C(=O)N[C@@H](C)C(=O)NCCN.Cl,Inactive
CCC(=O)N1CC[C@H](N2C(=O)N(c3ccccc3F)Cc3cnc(Nc4ccc(N5CCN(C)CC5)c(C)c4)nc32)C1,Active
O=C(O)c1cc(/N=C/c2ccccc2O)ccc1O,Inactive
O=C(Nc1ccc(-c2cc3c(Nc4ccc(Oc5cccc(C(F)(F)F)c5)c(Cl)c4)ncnc3s2)cc1)NC1CC1,Active
CC(C)(C)C(=O)Nc1nc(Nc2ccccc2)c2c(n1)[nH]c1cccc(Cl)c12,Inactive
O=C(/C=C/CN1CC2(COC2)C1)Nc1cc2c(Nc3ccc(F)c(Cl)c3)ncnc2s1,Active
C=CC(=O)Nc1cc(Nc2nc(-c3cnc4c(ccn4C)c3)c3cc[nH]c3n2)c(OC)cc1N(C)CCN(C)C,Active
CC(C)C(CO)Nc1nc(Nc2ccc(N3CCNCC3)cc2)c2ncn(C(C)C)c2n1,Active
CN(C)Cc1ccc(Nc2nc3ncnc(Nc4ccc(F)c(Cl)c4)c3s2)cc1,Active
CC#CC(=O)Nc1cc2c(Nc3cccc(Br)c3)c(C#N)cnc2cc1OC,Inactive
C=CC(=O)Nc1cccc(Cc2nc(Nc3cc(OC)c(OC)c(OC)c3)ncc2F)c1,Inactive
CCOC(=O)c1cn2ncnc(Nc3ccc4c(cnn4Cc4ccccc4)c3)c2c1C(C)C,Active
COc1cc(N2CCC(N(C)C)CC2)c(-c2cnn(C)c2)cc1Nc1ncc(Cl)c(Nc2ccccc2P(C)(C)=O)n1,Active
COc1cc2c(Nc3ccc(Cl)c(C)c3)ncnc2cc1OCC1CN(C)CCO1,Active
CC(C)(C)CNc1c(C#N)cnc2c(Br)cc(N[C@H](C3=CN(C4(C(F)(F)F)CC4)NN3)c3cccc4ncsc34)cc12,Active
COc1cc2ncc(C(=O)NC3CC(C)(C)N([O])C(C)(C)C3)c(Nc3cccc(Cl)c3)c2cc1OC,Active
C[C@@H](Nc1ncnc2[nH]c(-c3ccc(CNCC(=O)NO)cc3)cc12)c1ccccc1,Inactive
C=CC(=O)Nc1cc2c(Nc3ccc(Br)cc3F)ncnc2cc1OCCNC(=O)CN(CC)CC,Active
O=C1CSCC(=O)N1c1nnc2c3ccccc3nc(Sc3ccc(Br)cc3)n12,Inactive
CC(C)(O)Cn1/c(=N/C(=O)c2ccnc(-c3cccn4cnnc34)c2)[nH]c2ccccc21,Inactive
CCN(CC)CCCNC(=O)/C=C/C(=O)Nc1cc2c(Nc3cccc(Br)c3)ncnc2cn1,Active
COc1cc2c(Nc3ccc(NC(=O)c4ccc(Cl)cc4)cc3)ncnc2cc1OCCN1CCCCC1,Inactive
Fc1cccc(COc2ccc(Nc3ccncn3)cc2Cl)c1,Active
O=C(Nc1cccc(C(F)(F)F)c1)Nc1ncnc2nn3ccccc3c12,Inactive
CC(C)Oc1ccc([C@H](Nc2cc(Cl)c3ncc(C#N)c(Nc4ccc(F)c(Cl)c4)c3c2)C2=CN(C3CCN(C(C)(C)C)CC3)NN2)cn1,Active
CCOc1cc2ncnc(NCc3ccc(F)cc3)c2cc1OCC.Cl,Active
N#Cc1cnc2c(Cl)cc(N[C@@H](C3=CCOCC3)C3=CNNN3)cc2c1Nc1ccc(Cl)c(Cl)c1F,Active
Nc1ncnc2c1c(-c1ccc(Cl)c(O)c1)nn2[C@H]1CCOC1,Inactive
COc1cc2c(Oc3ccc(NC(=O)c4[nH]c(=O)n(-c5ccccc5Cl)c4C)cc3F)ccnc2cc1OCCCN1CCN(C)CC1,Inactive
COc1cc2ncnc(Oc3ccc(NC(=O)CCCc4ccc(C)cc4)cc3F)c2cc1NC(=O)CCC(C)C,Inactive
COc1ccccc1-c1cc(C(=O)/N=c2\[nH]c3ccccc3n2[C@H]2CC[C@H](O)[C@H](O)C2)ccn1,Active
Cl.NC1CCc2c(c3cc(OCCc4ccc(O)cc4)ccc3n2CCCc2ccccc2)C1,Inactive
C=CC(=O)Nc1cccc(Nc2nc(Nc3ccc(Cl)c(O[C@@H]4CCOC4)c3)ncc2F)c1,Active
COc1cc2c(Nc3ccc(Cl)c(Cl)c3F)ncnc2cc1OC[C@@H]1CN2CCC[C@H]2C(=O)N1C,Active
CCOc1cc2ncc(C#N)c(Nc3ccc(OCc4nccn4C)c(Cl)c3)c2cc1NC(=O)/C=C/CN(C)C,Active
c1ccc(-c2c(SSc3[nH]c4ccccc4c3-c3ccccc3)[nH]c3ccccc23)cc1,Inactive
Nc1ncnc2c1c(-c1cccc(O)c1)cn2C1CCNC1,Inactive
NCc1cccc(-c2nc(-c3ccc(F)cc3)c(-c3ccnc4[nH]c(-c5ccccc5)cc34)[nH]2)c1,Active
CC(=O)N1N=C(c2ccc(I)cc2)CC1c1ccc(C(=O)OCCn2c([N+](=O)[O-])cnc2C)cc1,Inactive
COc1cc2c(Nc3ccc(C)cc3F)ncnc2cc1OCC1CCN(C)CC1,Active
C=CC(=O)Nc1cccc(-c2c(-c3ccccc3)oc3ncnc(NC)c23)c1,Active
CC(C)NC/C=C/C(=O)Nc1ccc2ncnc3c2c1CCN3c1ccc(OCc2ccccn2)c(Cl)c1,Active
C=CC(=O)N1CC[C@H](n2cc(-c3ccncc3)c(-c3cccc(COc4ccc5c(c4)CN(C)C5=O)c3)n2)C1,Inactive
COc1cc(N2CCN(CCS(C)(=O)=O)[C@@H](C(C)C)C2)ccc1Nc1nccc(-c2c(-c3ccc(OC)c(C(=O)Nc4c(F)cccc4F)c3)nc3ccccn23)n1,Inactive
O=C1CCc2c(Oc3ccc4c(c3)[C@H]3[C@H](NC(=O)Cc5cccc(C(F)(F)F)c5)[C@H]3O4)ccnc2N1,Inactive
COc1cc2c(cc1OC)Oc1ncnc(Oc3cccc(Cl)c3F)c1NC2,Inactive
C=CC(=O)Nc1cc(Nc2ncc(C(=O)OC(C)C)c(-n3ccc4ccccc43)n2)c(OC)cc1N(C)CCN(C)C,Active
CCOc1cc2ncc(C#N)c(Nc3ccc(OCc4ccccc4)c(Cl)c3)c2cc1NC(=O)/C=C/CN1CCOCC1,Active
C=CC(=O)Nc1cc(Nc2nccc(Nc3ccn(C)n3)n2)c(OC)cc1N(C)CCN(C)C(=O)OC,Inactive
O=C1CSC(N2N=C(c3ccc(Cl)cc3)CC2c2ccc(Br)cc2)=N1,Inactive
CC(C)(C)CNc1c(C#N)cnc2c(Cl)cc(N[C@H](C3=CN(C4(C)CC4)NN3)c3cccc4ncccc34)cc12,Active
CCOc1cc2ncc(C#N)c(Nc3ccc(OCc4ccccc4)c(Cl)c3)c2cc1NC(=O)/C=C/c1cccc2cccnc12,Active
CN(C)c1ccc(/C=C2\C(=O)N(C)c3ccccc32)cc1,Inactive
COc1ccc(-c2nnc(Cc3nc4ccccc4[nH]3)o2)cc1,Active
CCOC(=O)C1CCC(n2nc(-c3ccc(CNC(=O)c4ccccc4OC)cc3)c3c(N)ncnc32)CC1,Active
C=CC(=O)Nc1cc2c(Nc3ccc(Br)cc3F)ncnc2cc1OCCNC(=O)C(C)N(C)C,Active
Cc1c[nH]c(/C=C2\C(=O)Nc3cccc(C)c32)c1CCC(=O)O,Inactive
Cn1cc(-c2cc(C(=O)/N=c3\[nH]c4ccccc4n3[C@H]3C[C@H](O)C[C@H](O)C3)ccn2)cn1,Active
C#Cc1cccc(Nc2ncnc3cc4c(cc23)OCCOCCOCCO4)c1,Active
C=C(Cl)C(=O)Nc1cccc(Nc2nc(Nc3ccc(N4CCN(C(C)=O)CC4)cc3)ncc2Cl)c1,Active
CN1C(=O)C(C(=O)NN)N(C)c2ccccc21,Inactive
O=C1NN(c2ccc(F)cc2)C(=O)/C1=C\c1cccc(OCc2ccccc2F)c1,Inactive
CC(C)(CO)C(=O)NCCn1ccc2ncnc(Nc3ccc(Oc4cccc5sncc45)c(Cl)c3)c21,Active
C#Cc1cccc(Nc2ncnc3cc(OCCOC)c4c(c23)OCCO4)c1,Active
O=C(/C=C/c1ccc(OCCOc2ccc3ncnc(Nc4ccc(F)c(Cl)c4)c3c2)cc1)NO,Inactive
C[C@@H](CN)n1nc(-c2ccc(Cl)c(O)c2)c2c(N)ncnc21,Inactive
CC(C)(C)CNc1c(C#N)cnc2c(C#N)cc(N[C@H](C3=CN(C4(C(F)(F)F)CC4)NN3)c3ccc(F)c4cnccc34)cc12,Active
COc1cc2ncnc(Oc3ccc(NC(=O)Nc4cccc(Br)c4)cc3)c2cc1OC,Inactive
Cc1[nH]c2ncnc(Nc3ccccc3)c2c1C,Inactive
C/C(=C1\C(=O)Nc2ccccc21)c1ccc(N2CCCCC2)cc1,Inactive
CCOc1ccc(-c2nc3ccccn3c2-c2ccnc(Nc3cc(C)c(N4CCN(CCS(C)(=O)=O)CC4)cc3OC)n2)cc1C(=O)Nc1c(F)cccc1F,Inactive
COc1cc(N(C)CCN(C)C)c(NC(=O)/C=C\C(C)C)cc1Nc1nc(C)cc(-c2cn(C)c3ccc(F)cc23)n1,Inactive
C=CC(=O)N1CCC[C@@H](Nc2nc(Nc3cccc(OCCN4CCOCC4)c3)ncc2F)C1,Active
COc1cc(N2CCC(N3CCN(CCF)CC3)CC2)c(C)cc1Nc1nccc(-c2c(-c3cccc(C(=O)Nc4c(F)cccc4F)c3)nc3ccccn23)n1,Active
COc1cc2ncn(-c3cc(OCc4ccccc4S(C)(=O)=O)c(C#N)s3)c2cc1OC,Inactive
C=CC(=O)Nc1ccc(OC)c(Nc2ncc(Cl)c(Nc3ccccc3C(=O)C(=O)N(C)C)n2)c1,Active
Cc1nc(Cl)ccc1[C@H](Nc1cc(Cl)c2ncc(C#N)c(Nc3cnc(F)c(F)c3)c2c1)C1=CNNN1,Active
Cc1ccc(C2=NN(C3=NC(=O)CS3)C(c3ccccc3)C2)cc1,Inactive
O=C(NC1CCCC1)c1ccc(N(CCCl)CCCl)cc1,Inactive
Fc1ccc(Nc2ncnc3[nH]c(CCc4ccccc4)cc23)cc1Br,Inactive
CC(C)(C)CNc1ncnc2c(Br)cc(N[C@H](c3cn(C4(C(F)(F)F)CC4)nn3)c3cccc4ncsc34)cc12,Active
CCn1cnc2c(Nc3cccc(Cl)c3)nc(NCCN)nc21,Inactive
C=CC(=O)Nc1cc2ncnc(Nc3cccc(Br)c3)c2cn1,Active
COc1cc2c(Nc3ccc(Cl)c(Cl)c3)ncnc2cc1OCCN1C(=O)c2ccccc2C1=O,Active
COc1cc(N2CCN(C)CC2)ccc1Nc1ncc(Cl)c(Oc2cccc(NC(=O)/C(=C/c3ccc(F)cc3)C(F)(F)F)c2)n1,Inactive
CCCn1/c(=N/C(=O)c2ccnc(-c3cnn(C)c3)c2)[nH]c2ccccc21,Inactive
CC#CC(=O)N[C@H]1CC[C@@H](n2nc(-c3ccc(Oc4ccccc4)cc3)c3c(N)ncnc32)CC1,Active
C=CC(=O)Nc1cccc(-c2c(-c3ccccc3)oc3ncnc(NCCC(=O)O)c23)c1,Active
C=Cc1ccc(-c2cc3c(N[C@H](C)c4ccccc4)ncnc3o2)cc1,Active
C=CC(=O)Nc1cc(Nc2nccc(-c3cn(C)c4ccccc34)n2)c(OC)cc1N(C)CCNC,Inactive
CC(C)n1nc(-c2ccc3[nH]ncc3c2)c2c(N)ncnc21,Inactive
CSCCNCc1ccc(-c2ccc3ncnc(Nc4ccc(OCc5cccc(F)c5)c(Cl)c4)c3c2)o1,Active
Clc1ccc(Nc2nnc(Cc3ccncc3)c3ccccc23)cc1,Inactive
COc1cccc(-n2cc(NC(=O)c3cccc(NS(=O)(=O)c4ccc(Cl)cc4)c3)cn2)c1,Inactive
C=CC(=O)N1CC(Nc2nc(-c3cnn(C)c3)c3c(c2F)CNC3=O)CCC1C,Inactive
Nc1cc2ncnc(Nc3cccc(Br)c3)c2cc1[N+](=O)[O-],Active
Nc1ncnc2c1c(-c1ccccc1)cn2-c1ccc(CNCCO)cc1,Inactive
Brc1cccc(Nc2ncnc3ccncc23)c1NCCc1c[nH]cn1,Active
O=C(O)CNN1C(=O)c2c(c3c4cccc(O)c4n(C4OC(CO)C(O)C(O)C4O)c3c3[nH]c4c(O)cccc4c23)C1=O,Inactive
Cc1ncsc1-c1ccc([C@H](C)NC(=O)[C@H]2C[C@H](O)CN2C(=O)[C@@H](NC(=O)COCCOCCOCCOCCOCCOCC#Cc2cccc3c2C(=O)N([C@@H](C(=O)Nc2nccs2)c2cc(F)ccc2O)C3)C(C)(C)C)cc1,Inactive
C=CC(=O)N1C[C@H](CO)[C@@H](COc2nc(Nc3cnn(C)c3)nc3[nH]cc(Cl)c23)C1,Inactive
Fc1ccc(Nc2nncc3ccccc23)cc1,Active
c1ccc(-c2cccc(Nc3ncnc4cc5c(cc34)OCCO5)c2)cc1,Active
CN1CCC(c2ccc3c(c2)[nH]/c(=N\C(=O)c2ccnc(-c4cnn(C)c4)c2)n3CC(C)(C)O)CC1=O,Inactive
CCOc1cc2ncnc(Nc3cccc(-c4csc(C)n4)c3)c2cc1OCC,Inactive
COc1cc2ncnc(Nc3cccc(Cl)c3F)c2cc1CN1CCN(C)CC1C(N)=O,Active
COCCOc1cc2ncnc(Nc3ccc(F)c(Cl)c3)c2cc1NC(=O)CCCC(=O)NO,Active
CNc1ncc2c(-c3ccc(N4CCN(C)CC4)cc3)nn(CC3CCCC3)c2n1,Inactive
CN1CCN(C[C@@H](NC(=O)C[C@H]2CNC(=O)c3cc(-c4cccc(Cl)c4)cn32)C2CCCCC2)CC1,Inactive
Cc1cc(C)nc(NS(=O)(=O)c2ccc(Nc3nncc4ccccc34)cc2)n1,Active
O=C(NS(=O)(=O)c1ccc(Br)cc1)c1cccnc1,Inactive
Oc1ccc(C2CC(c3ccc(Br)cc3)=NN2c2nc(-c3ccccc3)cs2)cc1,Inactive
C[C@H](Nc1[nH]cnc2c3ccccc3nc1-2)c1ccccc1,Active
O=C(Nc1ccc(Nc2ncnc3[nH]ccc23)cc1)c1ccccc1,Inactive
C=CC(=O)N(C)Cc1ccc(Oc2nc(Nc3ccc(OC)nc3)ncc2F)cc1,Inactive
Cc1ccc(-c2nn(C(C)(C)CNC(=O)c3ccncc3)c3ncnc(N)c23)cc1,Inactive
N#Cc1cccc(C(=O)NCc2ccc(-c3nn(C4CCCC4)c4ncnc(N)c34)cc2)c1,Inactive
CCOc1cc2ncc(C#N)c(Nc3ccc(OCc4ccccc4)c(Cl)c3)c2cc1NC(=O)/C=C/CN1CCC(O)CC1,Active
O=C(/C=C/CN1CCCCC1)Nc1ccc2ncnc3c2c1CCN3c1ccc(OCc2ccccn2)c(Cl)c1,Active
Cc1ccc(C(=O)/C(C#N)=C/c2ccc(O)c(O)c2)cc1,Inactive
CCNC(CS(C)(=O)=O)c1ccc(-c2ccc3ncnc(Nc4ccc(OCc5cccc(F)c5)c(Cl)c4)c3c2)o1,Active
C=CC(=O)Nc1cc(Nc2n[nH]c3cc(-c4cncc5ccccc45)ccc23)c(OC)cc1N(C)CCN(C)C,Active
COc1cc2ncnc(NC3CC3c3ccccc3)c2cc1OC,Active
Cc1ncsc1-c1ccc(CNC(=O)[C@@H]2C[C@@H](O)CN2C(=O)[C@H](C(C)C)N2Cc3ccccc3C2=O)c(OCCOCCN2CCN(Cc3ccc(-c4cc5c(NCc6ccccc6Cl)ncnc5[nH]4)cc3)CC2)c1,Inactive
CC(C)S(=O)(=O)c1ccccc1Nc1nc(Nc2cccc(NC(=O)CN)c2)ncc1Cl,Inactive
OCCCCNc1cncc(-c2cncc(Nc3cccc(Cl)c3)n2)c1,Inactive
CNC(=O)c1ccc(Sc2ccc(NC(=O)Nc3ccc(Cl)c(C(F)(F)F)c3)cc2)nc1,Inactive
Cn1nc(-c2ccc3ncccc3c2)c2c(N)ncnc21,Inactive
CS(=O)(=O)Cc1cccc(Nc2nccc(Oc3ccc4c(C(=O)Nc5cccnc5)cccc4c3)n2)c1,Inactive
COc1cc2ncnc(Oc3ccc(NC(=O)Nc4ccc(Br)cc4)cc3)c2cc1OC,Inactive
COc1cc2ncnc(Nc3cccc(Br)c3)c2c(OC)c1OC,Active
CC(=O)N1N=C(c2ccc([N+](=O)[O-])cc2)CC1c1ccc(C(=O)OCCn2c([N+](=O)[O-])cnc2C)cc1,Active
COc1cc2c(Oc3ccc(-c4nc5ccccc5s4)cc3)ncnc2cc1OCCCN1CCCC1,Inactive
CC(C)n1nc(-c2cccc(O)c2F)c2c(N)ncnc21,Inactive
CCOc1ccc(-c2nc3ccccn3c2-c2ccnc(Nc3cc(CC)c(N4CCC(CCS(C)(=O)=O)CC4)cc3OC)n2)cc1C(=O)Nc1c(F)cccc1F,Inactive
CCCCCCCNC(=O)COc1cc(O)c2c(=O)cc(-c3ccccc3)oc2c1,Inactive
Fc1ccc(-c2nn3ccccc3c2-c2ccncc2)cc1,Inactive
OC1CCN(CCCOc2n[nH]c3ncnc(Nc4ccc(OCc5ccccn5)c(Cl)c4)c23)CC1,Active
C=CC(=O)Nc1cccc(Nc2nc3c(c(Nc4ccccc4)n2)C(=O)NC3)c1,Inactive
C=CC(=O)Nc1cccc(Nc2nc(Nc3ccc(OC)c(OC)c3OC)ncc2Br)c1,Active
COc1ccc(NC(=O)Nc2cccc(Oc3ncnc4cc(OC)c(OC)cc34)c2)cc1,Inactive
CCC(=O)N1CC[C@H](N2C(=O)N(c3cc(OC)ccc3F)Cc3cnc(Nc4ccc(N5CCN(C(C)=O)CC5)c(C)c4)nc32)C1,Active
O=C(Nn1c(-c2ccc(Br)cc2)cs/c1=N\c1ccc([N+](=O)[O-])cc1)c1ccc(Cl)cc1,Inactive
CCN1CCN(c2nc(COc3cc4ncnc(Nc5ccc(Cl)c(Cl)c5)c4cc3OC)cs2)CC1,Active
O=C1c2cc(-c3ccc(N4CCNCC4)cc3)ccc2Nc2ccc(F)cc2N1Cc1cccc2cc[nH]c12,Active
CCCN1CCN(c2ccc(Nc3nccc(-c4c(-c5cccc(C(=O)Nc6c(F)cccc6F)c5)nc5ccccn45)n3)c(OC)c2)CC1,Active
C=CC(=O)N1CCC(Nc2cncc(-c3cnc(Oc4cccc(Cl)c4)nc3)n2)CC1,Active
CCOc1cc2ncnc(Nc3ccc(F)c(Cl)c3)c2cc1NC(=O)/C=C/CN1CC[C@H]1COC,Active
C=CC(=O)Nc1cccc(-n2c(=O)c(-c3ccccc3)nc3cnc(Nc4ccc(OC)cc4)nc32)c1,Active
CN1CCCN(c2ccc(Nc3ncc(Br)c(Nc4ccccc4NS(=O)(=O)C4CC4)n3)cc2)CC1,Active
C#Cc1cccc(Nc2ncnc3cc(OCCCN4C[C@H](O)[C@@H](O)[C@H](O)[C@H]4CO)c(OC)cc23)c1,Active
Cn1c(-c2csc(NN=C3CCCC3)n2)nc2ccccc21,Active
Nc1cc2ncnc(NCc3cccc(Br)c3)c2cn1,Inactive
CN(C)CCN(C)c1nc(Nc2ccc(F)cc2)nc2cnc(Nc3ccc(N4CCC(N(C)C)CC4)cn3)cc12,Active
COc1cc2cnnc(N[C@H](C)c3ccccc3)c2cc1OC,Inactive
CCN(C)[C@H]1C[C@@H]2O[C@](C)([C@H]1OC)n1c3ccccc3c3c4c(c5c6ccccc6n2c5c31)C(=O)NC4,Active
C=CC(=O)N1CC[C@H](n2nc(C#Cc3cc(OC)cc(OC)c3)c3c(N)ncnc32)C1,Inactive
N#C/C(=C/c1cc(O)ccc1O)C(=O)O,Inactive
CCOc1nc2cccc(C(=O)O)c2n1Cc1ccc(-c2ccccc2-c2nnn[nH]2)cc1,Inactive
COc1cc(-c2nnc(CN(C)C)o2)ccc1Nc1nccc(-c2c(-c3cccc(C(=O)Nc4c(F)cccc4F)c3)nc3ccccn23)n1,Active
C=CC(=O)Nc1cc2c(Nc3ccc(Br)cc3F)ncnc2cc1OCCNC(=O)CCOC,Active
Nc1nc(Nc2cccc(Br)c2)c2ccn(Cc3ccc4ccccc4c3)c2n1,Inactive
COc1ccc(Nc2ncc3cc(-c4c(Cl)cccc4Cl)c(=O)n(C)c3n2)cc1,Active
Cc1cccc(Cl)c1NC(=O)c1cnc(NC(=O)C2CC2)s1,Inactive
COc1cc2ncnc(Nc3ccc(OCc4cccc(F)c4)c(Cl)c3)c2cc1NC(=O)/C=C/CN1C[C@@H]2OCCO[C@@H]2C1,Active
COc1cc(-c2nc(CN3CCN(C)CC3)cs2)ccc1Nc1ncc(Cl)c(Nc2ccccc2S(=O)(=O)C(C)C)n1,Inactive
Nc1nc(N)c2c(Nc3cccc(Cl)c3)[nH]nc2n1,Inactive
CN1CCN(c2ccc(Nc3ncc4nc(Nc5ccccc5)n(C)c4n3)cc2)CC1,Active
O=C(/C=C/c1cccnc1Cl)Nc1ccc2ncnc(Nc3cccc(Cl)c3)c2c1,Inactive
C=C(C)C(=O)c1cccc(Nc2nc(Nc3ccc(OCCOC)c(F)c3)ncc2F)c1,Active
Cc1nc(F)ccc1[C@H](Nc1cc(Cl)c2ncc(C#N)c(NCC(C)(C)C)c2c1)C1=CN(CC2(C(F)F)CC2)NN1,Active
COc1cc(N2CCC(N3CCN(C)CC3)CC2)ccc1Nc1ncc(Cl)c(Nc2ccccc2NS(N)(=O)=O)n1,Active
Cn1ncc2cc3c(Nc4cccc(Br)c4)ncnc3cc21,Active
COc1cc2ncnc(Nc3ccc(OCc4cccc(F)c4)c(Cl)c3)c2cc1OC,Active
Brc1cccc(Nc2ncnc3cc(NCCc4c[nH]cn4)ncc23)c1,Active
Cc1ccc(-n2nc(C)c(C3C(C#N)=C(N)N(c4cccnc4)C4=C3C(=O)CCC4)c2Cl)cc1,Inactive
NC1CCN(Cc2ccn3ncnc(Nc4ccc5c(cnn5Cc5ccncc5)c4)c23)CC1,Active
COCCNC(=O)Nc1cc2c(Nc3ccc(F)c(Cl)c3)ncnc2cc1O[C@H]1CCOC1,Inactive
O=C(Nc1ccccn1)Nc1cccc2c1[C@H]1CCCN1C2=O,Inactive
CC(C)(C)CNc1c(C#N)cnc2c(C#N)cc(N[C@H](C3=CN(C4(C(F)(F)F)CC4)NN3)c3cccc4[nH]ncc34)cc12,Active
C=CC(=O)Nc1ccccc1Nc1nc(Nc2ccc3c(c2)OCCOCCOCCO3)nc2[nH]cnc12,Inactive
C=CC(=O)N1C[C@H](Nc2ncnc3[nH]ccc23)CC[C@@H]1C,Inactive
COc1ccc(C=C(C#N)C#N)cc1O,Inactive
COc1ccc(-c2nc3ccccn3c2-c2ccnc(Nc3ccc(N4CCC(N5CCCCC5)CC4)c(C)c3OC)n2)cc1C(=O)Nc1c(F)cccc1F,Inactive
CCCC(Cc1coc2nc(N)nc(N)c12)c1ccccc1OC,Inactive
COc1cc2ncnc(Nc3cccc(NC(=O)Nc4cccc(C)c4)c3)c2cc1OCCCN1CCOCC1,Inactive
C=CC(=O)Nc1cccc(-c2cccc3cnc(Nc4ccc(N5CCN(CCO)CC5)c(F)c4F)nc23)c1,Active
COc1cc(N(C)CCN(C)C)c(NC(=O)c2ccnc(Cl)c2)cc1Nc1nccc(-c2cn(CCCO)c3ccccc23)n1,Active
CC(C)(C)C(=O)Nc1nc(Nc2cccc(F)c2)c2c(n1)[nH]c1cccc(Cl)c12,Inactive
C=CC(=O)Nc1cc(Nc2nccc(-c3cnc4c(c3)c(Cl)cn4C)n2)c(OC)cc1N(C)CCN(C)C,Active
N#CC(C#N)=C(C#N)c1ccc(O)c(O)c1,Inactive
Cc1nc(F)ccc1[C@H](Nc1cc(C#N)c2ncc(C#N)c(NCC(C)(C)C)c2c1)C1=CN(CC(C)(F)F)NN1,Active
CCCC#CC(=O)Nc1cc2c(Nc3ccc(F)c(Cl)c3)ncnc2cn1,Active
O=C1Nc2ccccc2/C1=C\c1ccco1,Inactive
N#CC(C#N)=C1CCCc2c(O)cccc21,Inactive
COc1cc2ncnc(Nc3cccc(Cl)c3F)c2cc1OC(=O)N1CC[C@H](N(C)C)C1,Active
COc1cc(OC)cc(-c2ccc3c(c2)NC(=O)/C3=C\c2[nH]c(C)c(CCC(=O)O)c2C)c1,Inactive
Fc1ccc2c(c1)CNc1c(NCc3ccccc3)ncnc1O2,Inactive
C=C=CC(=O)Nc1cc(Nc2nccc(-c3cn(C)c4cc(F)ccc34)n2)c(OC)cc1N(C)CCN(C)C,Active
CN1CCN(Cc2ccc(Nc3nc(Oc4ccc5ccc(=O)[nH]c5c4)c4sccc4n3)cc2)CC1,Inactive
C=CC(=O)Nc1cc(Nc2nccc(Nc3cn(C)c4ccccc34)n2)c(OC)cc1N(C)CCN(C)C(=O)C#CC,Inactive
CN1CCC(NC(=O)c2cnc(NCc3cc(Cl)ccc3Cl)nc2NC2CCCC2)CC1,Inactive
N#Cc1cnc2ccc(NC(=O)C#CCN3CCSCC3)cc2c1Nc1cccc(Br)c1,Inactive
COc1cc2c(Nc3ccc(Cl)c(Cl)c3)ncnc2cc1OCc1nc(C2CCCN2)no1,Active
Cc1ccc(CSc2nc3[nH]c(C)cc(=O)n3n2)cc1,Active
C#Cc1cccc(Nc2ncnc3cc4c(cc23)N(C(=O)/C=C/CN2CCCCC2C)CCCO4)c1,Inactive
COc1cc2c(Nc3ccc(NC(=O)Nc4ccc(Cl)cc4)c(Cl)c3)ncnc2cc1OCCN1CCCCC1,Inactive
CN1CCN(C2CCN(c3ccc(Nc4ncc(Br)c(Nc5ccccc5P(C)(C)=O)n4)cc3Cl)CC2)CC1,Active
NP(=O)(OCCCOc1ccc2ncnc(Nc3ccc(F)c(Cl)c3)c2c1)N(CCCl)CCCl,Active
COc1cc(/C=C2\CCC/C(=C\c3ccccc3Cl)C2=O)cc(OC)c1,Inactive
C=CC(=O)Nc1cc2ncnc(Nc3ccc(F)c(Br)c3)c2[nH]1,Active
COc1cc(/C=C/[N+](=O)[O-])ccc1OS(=O)(=O)c1ccc(C(=O)O)cc1,Inactive
COc1ccccc1C(=Cc1coc2nc(=N)[nH]c(N)c12)CC(C)C,Inactive
COc1ccc2ncnc(Nc3ccc(Oc4ccn5ncnc5c4)c(C)c3)c2c1OC[C@H]1CC(F)(F)CCN1C,Inactive
C=C(F)C(=O)Nc1cc2c(Nc3ccc(Oc4cc5nncn5cn4)c(C)c3)ncnc2cc1OCC,Active
COc1ccc(N(CCCl)CCN/N=N/c2ccc3ncnc(Nc4cccc(Cl)c4)c3c2)cc1,Inactive
CC(C)(O)c1ccccc1CC[C@@H](SCC1(CC(=O)O)CC1)c1cccc(/C=C/c2ccc3ccc(Cl)cc3n2)c1,Inactive
Cc1ccc(S(=O)(=O)O)cc1.NS(=O)(=O)CCNCc1ccc(-c2ccc3ncnc(Nc4ccc(OCc5cccc(F)c5)c(Cl)c4)c3c2)o1,Active
CNC(=O)C1CN(c2ncc(C(C)C)c3cc(Nc4ccnc(N5CC[C@@H](O)[C@@](C)(F)C5)n4)ncc23)C1,Inactive
N=C(Nc1ccccc1)SCCCN1C(=O)C2=C(C1=O)n1ccc3cccc(c31)C1Cc3ccccc3N21,Inactive
CN(C)CCCC(=O)Nc1ccc2ncnc(Nc3cccc(Br)c3)c2c1,Active
CN1C(=O)c2cc(Nc3ccccc3)c(Nc3ccccc3)cc2C1=O,Inactive
CC(C)n1nc(-c2ccc3occc(=O)c3c2)c2c(N)ncnc21,Inactive
O=C(Cc1c[nH]c2ccccc12)NNC(=S)Nc1ncccc1Br,Inactive
C=CC(=O)Nc1ccc2c(Nc3cccc(C)c3)ncnc2c1,Active
C=CC(=O)Nc1cc(Nc2ncnc(-c3c(C4=CCOCC4)n(C)c4ccccc34)n2)c(OC)cc1N(C)CCN(C)C,Active
CC(C)(C)CNc1c(C#N)cnc2c(Cl)cc(N[C@H](C3=CN(C4(C(F)(F)F)CC4)NN3)c3cccn4cncc34)cc12,Active
C=CC(=O)Nc1cccc(-n2c(=O)cnc3cnc(Nc4ccc(N5CCN(C)CC5)cc4)nc32)c1,Active
CC(C)n1nc(-c2ccc3nc(N)ccc3c2)c2c(N)ncnc21,Inactive
O=C(Nc1cccc(Nc2nccc(-c3cccnc3)n2)c1)c1cccnc1,Inactive
Cc1cc(C)c(C(=O)/C(C#N)=C/c2ccc(O)c(O)c2)c(C)c1,Inactive
COCCn1c(=O)oc2cc3ncnc(Nc4ccc(OC)c(OC)c4)c3cc21,Inactive
COc1cc2c(Nc3ccc(Br)c(Cl)c3Cl)ncnc2cc1OC[C@@H]1CO[C@H]2[C@@H]1OC[C@@H]2OC,Active
c1ccc(OCc2nnc(Cc3nc4ccccc4[nH]3)o2)cc1,Inactive
O=C(O)CCc1c(/C=C2\C(=O)Nc3cc(-c4ccccc4)ccc32)[nH]c2c1CCCC2,Inactive
OB(O)c1ccc2ncnc(Nc3ccc(F)c(Cl)c3)c2c1,Active
O=CN/C=C/c1cc(O)ccc1O,Inactive
CC1(N2C=C([C@@H](Nc3cc(C#N)c4ncc(C#N)c(NCC(C)(C)C(F)(F)F)c4c3)c3ccc(F)c4ncccc34)NN2)CC1,Active
C[C@H](c1ccccc1)N(C)c1ncnc2[nH]c(-c3ccc(CO)cc3)cc12,Active
C=CC(=O)N1CCCC(N(C)c2nc(-c3cnn(C)c3)c3c(c2F)CNC3=O)C1,Inactive
COCCOCCN1C=C([C@@H](Nc2cc(Cl)c3ncc(C#N)c(Nc4ccc(F)c(Cl)c4)c3c2)c2cccnc2)NN1,Active
FC(F)C(F)(F)Oc1cccc(Nc2nccc(-c3ccc(Cl)cc3)n2)c1,Inactive
CC(C)(C)CNc1c(C#N)cnc2c(C#N)cc(N[C@H](C3=CN(C4(C(F)(F)F)CC4)NN3)c3cccc4cnc(C#N)cc34)cc12,Active
COc1ccc(C2CC(c3ccc(C)c(C)c3)=NN2C(C)=O)cc1,Inactive
C=CC(=O)Nc1ccc(-n2c(=O)c(C)nc3cnc(Nc4ccc(OC)cc4)nc32)cc1,Inactive
C=C=CC(=O)Nc1cc(Nc2nccc(-c3cn(C)c4ccccc34)n2)c(OC)cc1N1CCOCC1,Active
COc1ccc(-c2cc(=O)cc(-c3ccc(OC)cc3)o2)cc1,Active
CC[C@@H](Nc1c(C#N)cnc2c(Cl)cc(N[C@H](C3=CN(C4[C@H]5CNC[C@@H]45)NN3)c3cccnc3)cc12)c1ccccc1,Active
COc1cc2c(Nc3cccc(Cl)c3)ncnc2cc1O[C@@H]1CO[C@@H]2[C@H]1OC[C@H]2F,Active
Cc1cc(C(=O)N2CCOCC2)[nH]c1/C=C1\C(=O)Nc2ncnc(Nc3ccc(F)c(Cl)c3)c21,Active
O=C1CCC(N2C(=O)c3ccc(OCCN4CCN(Cc5ccc(C6Cc7c(NCc8ccccc8Cl)ncnc7N6)cc5)CC4)cc3C2=O)C(=O)N1,Inactive
O=c1c(-c2cccc(Cl)c2)coc2cc(O)cc(O)c12,Inactive
COc1cc2cn[nH]c2cc1-c1ccc(F)c2c(N)c(C(N)=O)cnc12,Inactive
Cc1cc(Nc2nccc(-c3cn(C)c4ccccc34)n2)ccc1OCCOCCn1ccnc1[N+](=O)[O-],Inactive
Cc1ncccc1[C@H](Nc1cc(Cl)c2ncc(C#N)c(N[C@H](CO)c3ccccc3)c2c1)C1=CNNN1,Active
COc1cc2c(Oc3ccc(CC(=O)N/N=C/c4ccc(C(F)(F)F)cc4)cc3F)ccnc2cc1OCCCN1CCCC1,Inactive
COc1ccccc1-c1cc2c(N[C@@H](CO)c3ccccc3)ncnc2s1,Active
C=CC(=O)Nc1cc2c(Nc3ccc(F)c(Cl)c3)ncnc2cc1OCc1cn(Cc2ccc(OC)cc2)nn1,Active
CC(=O)O[C@H]1CC[C@]2(C)[C@H]3CC=C4[C@@H]5CC(C)(C)CC[C@]5(C(=O)OCCCC[N+](=O)[O-])CC[C@@]4(C)[C@]3(C)CC[C@H]2C1(C)CO,Active
CCOc1ccc(-c2nc3ccccn3c2-c2ccnc(Nc3cc(CC)c(N4CCC(N5CCN(S(C)(=O)=O)CC5)CC4)cc3OC)n2)cc1C(=O)Nc1c(F)cccc1F,Inactive
COc1cc2cc(-c3ccc([N+](=O)[O-])cc3)cnc2cc1OC,Inactive
CCC(=O)Nc1cc2c(Oc3ccc(NC(=O)c4sc(-c5ccccc5)nc4C)cc3F)cccc2cc1OC,Inactive
CC(=O)Nc1ccc2ncnc(Nc3cccc(Br)c3)c2c1,Active
C=CC(=O)N1CC(Oc2cc3c(Nc4cccc(CO)c4)ncnc3cc2OC)C1,Inactive
O=C(O)CN1Cc2cc3c(Nc4cccc(Br)c4)ncnc3cc21,Active
C=CC(=O)Nc1cccc(Nc2nc(Nc3ccc(OCC(=O)NCC(=O)OC)cc3)ncc2Cl)c1,Active
OCC(Nc1ncnc2sc(Br)cc12)c1ccccc1,Active
CN(C)CC(=O)Oc1ccc2[nH]c(C(=O)c3cc4ccccc4[nH]3)cc2c1,Inactive
O=C(/C=C/c1ccc(-c2ccc3ncnc(Nc4ccc(OCc5cccc(F)c5)c(Cl)c4)c3c2)cc1)NO,Active
C=CC(=O)Nc1cccc(Nc2nc(Nc3ccc(OCCOC)cc3)ncc2F)c1,Active
COC(CCNC(=O)Nc1cc2c(Nc3ccc(F)c(Cl)c3)ncnc2cc1O[C@H]1CCOC1)OC,Active
Cc1cccc(Nc2ncnc3cc4c(cc23)N(CCCN2CCOCC2)C(=O)CO4)c1,Active
Brc1ccc(CNc2ccc3ncnc(Nc4cccc(Br)c4)c3c2)cc1,Inactive
C=CC(=O)Nc1cc(Nc2ncc(C(=O)OC)c(-c3cn(N(C)C)c4ccccc34)n2)c(OC)cc1F,Active
CNc1ccc2ncnc(Nc3cccc(Br)c3)c2n1,Active
CNC(=O)c1ccccc1Nc1nc(Nc2ccc3c(C(=O)OC)c(C)[nH]c3c2)ncc1Cl,Inactive
COc1c(Nc2c(-c3ccncc3OCC(C)(C)OC)[nH]c3c2C(=O)NCC3)ccc(F)c1F,Active
O=C1CCC(N2C(=O)c3cccc(NCCOCCOCCOCCOCC#Cc4cccc5c4C(=O)N([C@@H](C(=O)Nc4nccs4)c4cc(F)ccc4O)C5)c3C2=O)C(=O)N1,Inactive
COc1cc(C(=O)NN2CCN(C)CC2)ccc1Nc1ncc2nc(Nc3ccccc3)n(C(C)C)c2n1,Active
COc1cc2ncnc(Nc3ccc(F)c(Cl)c3)c2cc1OCCCCNCc1c(OC)cc(OCc2cccc(-c3ccccc3)c2C)cc1OC,Active
C=CC(=O)Nc1cc(Nc2nc(Nc3cccc(OC)c3)ncc2C(F)(F)F)ccc1Cl,Active
O=C(Nc1ccc(Nc2ncnc3sc4c(c23)CCCC4)cc1)Nc1cccc(Br)c1,Inactive
Cn1cc(-c2ccnc(Nc3ccc(OCCCCn4ccnc4[N+](=O)[O-])cc3)n2)c2ccccc21,Inactive
Br.CC[C@@H](Nc1ncnc2[nH]c(-c3ccc(O)cc3)cc12)c1ccccc1,Active
FC(F)(F)c1cccc(Nc2ncnc3[nH]c4c(c23)CCCC4)c1,Active
C=CC(=O)Nc1cc(Nc2nccc(-c3c[nH]c4ccccc34)n2)c(OC)cc1N(C)CCN(C)C,Inactive
Fc1cccc(COc2ccc(Nc3cc(Oc4cccc(NCc5ccccc5)c4)ncn3)cc2Cl)c1,Inactive
CC(C)NC(CS(C)(=O)=O)c1ccc(-c2ccc3ncnc(Nc4ccc(OCc5cccc(F)c5)c(Cl)c4)c3c2)o1,Active
CCOC(=O)/C=C/C(=O)Nc1ccc2ncnc(Nc3cccc(Br)c3)c2c1,Active
COc1cc2c(Nc3ccc(F)c(Cl)c3F)ncnc2cc1OCC1CN(C)CCO1,Active
CC(C)(C)CNc1c(C#N)cnc2c(Cl)cc(N[C@H](C3=CN(C4(C)CC4)NN3)c3cccc4cnccc34)cc12,Active
COc1cc(N2CCOCC2)c(-c2cnn(C)c2)cc1Nc1ncc(Cl)c(Nc2ccccc2NS(C)(=O)=O)n1,Active
O=C(Nc1ccccc1)N(Cc1ccc(F)cc1)Cc1cccc(Cl)c1O,Inactive
CCC(CC)C(=O)Nc1cc2c(Nc3ccc(F)c(Cl)c3)ncnc2s1,Inactive
CN(C)C/C=C/C(=O)N1CCOc2c1ccc1ncnc(Nc3ccc(OCc4cccc(C(F)(F)F)c4)cc3)c21,Active
COc1cc2c(Nc3ccc(Cl)c(Cl)c3)ncnc2cc1OCc1nc([C@@H]2CCCN2)no1,Active
C=CC(=O)Nc1cc2c(Nc3ccc(Cl)cc3Cl)ncnc2cc1OCCNC(C)=O,Active
COc1cc2cc(-c3ccc(OC)c([N+](=O)[O-])c3)cnc2cc1OC,Inactive
C#Cc1cccc(Nc2ncnc3cc4c(cc23)N(C(=O)/C=C/CN2CCOCC2)CCCO4)c1,Inactive
Cc1cc(C)c(/C=C2\C(=O)Nc3ncnc(Nc4ccc(F)c(Cl)c4)c32)[nH]1,Inactive
O=C1NC(=O)/C(=C/c2ccc3nccnc3c2)S1,Inactive
C=CC(=O)N1CC[C@H](Nc2cncc(-c3cnc(Oc4cccc(Cl)c4)nc3)c2)C1,Inactive
CC(C)c1cnc(N2CC(O)C2)c2cnc(Nc3ccnc(N4CC[C@@H](O)[C@@](C)(F)C4)n3)cc12,Inactive
COCCN1CCN(c2ccc(Nc3nccc(-c4c(-c5cccc(C(=O)Nc6c(F)cccc6F)c5)nc5ccccn45)n3)c(OC)c2)CC1,Inactive
CN1CCN(c2ccc(Nc3nccc(Nc4ccc5[nH]ccc5c4)n3)cc2)CC1,Active
CS(=O)(=O)N1CCC[C@@H]1C#Cc1cc2ncnc(Nc3ccc(OCc4cccc(F)c4)c(Cl)c3)c2s1,Active
COCCOc1cc2ncnc(NC3=CC(=O)C(OCc4ccccc4)=CC3=O)c2cc1OC,Inactive
C=CC(=O)Nc1cc(Nc2ncc(Cl)c(-c3cnc4c(ccn4C)c3)n2)c(OC)cc1N(C)CCN(CC)CC,Active
CN1CCN(C2CCN(c3ccc(Nc4ncc(Cl)c(Nc5ccccc5P(C)(C)=O)n4)cc3Cl)CC2)CC1,Active
C=CC(=O)Nc1cc2c(Nc3ccc(Br)cc3F)ncnc2cc1OCCNC(=O)C=CCN(C)C,Active
O=C(CCCCCC(=O)Nc1ccc(O)c(C(=O)Nc2ccc(F)c(Cl)c2)c1)NO,Inactive
Cc1ccc(C(=O)Nc2ccon2)cc1Nc1ncnc(NC2CCCC2)c1C#N,Inactive
O=C(/N=c1\[nH]c2ccccc2n1[C@H]1CC[C@@H](O)CC1)c1ccnc(-c2cnn3cccnc23)c1,Inactive
COc1ccc2c(c1)c(C(=O)Nc1ccccc1)c(SSc1c(C(=O)Nc3ccccc3)c3cc(OC)ccc3n1C)n2C,Inactive
CCOC(=O)/C=C/c1ccc(CNc2nc(Nc3cc(OC)cc(OC)c3)c(C(N)=O)c3nccn23)cc1,Inactive
Cc1ncnc(Nc2ccc(OCc3cccc(F)c3)c(Cl)c2)c1/C=N/OCCCN1CCOCC1,Active
COc1ccc(Nc2ncnc3cc(OC(C)C)c4c(c23)OCCO4)cc1[N+](=O)[O-],Inactive
CC(C)CCCC(C)CCOC(=O)c1cc(NCc2cc(O)ccc2O)ccc1O,Inactive
C=C(C)C(=O)c1ccc(Nc2nc(Nc3ccccc3)ncc2F)cc1,Active
Nc1nc(Nc2cccc(Br)c2)c2ccn(Cc3ccc(Cl)cc3)c2n1,Inactive
CCC(C)n1nc(-c2ccc(C)c(O)c2)c2c(N)ncnc21,Inactive
CC(=O)Nc1cc2ncnc(Nc3cccc(Br)c3)c2cn1,Active
Cc1nc2cc3c(Nc4cccc(Br)c4)ncnc3cc2[nH]1,Active
C=CC(=O)N1CCC[C@H](n2nc(-c3ccc(Oc4ccccc4)cc3)c3c(N)ncnc32)C1,Active
C=CC(=O)N1CCC[C@@H](n2nc(C(=O)Nc3nc4cc(CCOC)ccc4o3)c3c(N)ncnc32)C1,Active
Cc1cccc(Nc2ncnc3ccc(NC(=O)N(CCCl)N=O)cc23)c1,Inactive
C=CC(=O)Nc1cc2c(Oc3ccc(NC(=O)c4c(-c5c(Cl)cccc5Cl)noc4C)cc3F)cccc2cc1OC,Inactive
N#CC(C#N)=Cc1ccc(C#N)cc1,Inactive
CC(C)(C)NC(=O)Nc1nc2nc(N)ncc2cc1-c1c(Cl)cccc1Cl,Active
CCC(=O)Nc1cccc(N2C(=O)N(C)Cc3cnc(Nc4ccc(N5CCN(C)CC5)cc4OC)nc32)c1,Inactive
Cc1ncc([N+](=O)[O-])n1CCOC(=O)/C=C/c1ccc(Cl)cc1,Inactive
O=C(/C=C/CNC1CC1)Nc1cc2c(Nc3ccc(F)c(Cl)c3)ncnc2cc1OC(F)F,Active
Cc1c[nH]c(/C=C2\C(=O)Nc3ccccc32)c1C,Inactive
CC(C)(C)Oc1cc(/C=C(\C#N)C(=N)S)cc(C(C)(C)C)c1O,Inactive
COc1cc(C2CCN(C3CCN(CCF)CC3)CC2)ccc1Nc1nccc(-c2c(-c3cccc(C(=O)Nc4c(F)cccc4F)c3)nc3ccccn23)n1,Active
Cn1ccc2c([C@H](Nc3cc(Cl)c4ncc(C#N)c(NCC(C)(C)C(F)(F)F)c4c3)C3=CN(C4(C)CC4)NN3)cccc2c1=O,Active
COc1ccc2ncnc(Nc3ccc(Oc4ccn5ncnc5c4)c(C)c3)c2c1OC1CN(C)CCC1(F)F,Inactive
CCOC(=O)N1CCN([C@H]2CC[C@H](n3nc(-c4ccc5nc(Cc6ccccc6OC)[nH]c5c4)c4c(N)ncnc43)CC2)CC1,Active
C=CC(=O)Nc1cccc(Nc2nc(Nc3ccc(OCCOCCNC(=O)OC(C)(C)C)c(F)c3)ncc2F)c1,Active
Cn1cc(-c2ccn3c(-c4ccc(-c5cccc(Cl)c5)s4)cnc3c2)cn1,Inactive
COc1cc2c(Nc3ccc(Oc4ccncc4)cc3)ncnc2cc1OCC1CCN(C)CC1,Inactive
COc1cc(/C=C2\CCC/C(=C\c3ccc(OC)c(O)c3)C2=O)cc(OC)c1,Inactive
C=CC(=O)Nc1cccc(NC(=O)Nc2ccnc(Nc3ccc(N(CC)CC)cc3OC)n2)c1,Inactive
COc1cc2ncnc(Nc3ccc(F)c(Cl)c3)c2cc1OCCNCc1c(OC)cc(OCc2cccc(-c3ccccc3)c2C)cc1OC,Inactive
COc1cc(N2CCN(C)CC2)ccc1Nc1nc(Oc2ccc3ccc(=O)[nH]c3c2)c2sccc2n1,Inactive
COc1cc2cnnc(N[C@H](C)c3cccc(C(F)(F)F)c3)c2cc1OC,Inactive
CCCc1cc(N2CCNCC2)nc2sc(C(N)=O)c(N)c12,Inactive
COc1cc(N2CCCNC2=O)ccc1Nc1ncc(Cl)c(Nc2ccccc2NC(C)=O)n1,Inactive
CN(C)C(=O)N[C@@H]1CCCN(c2cnc(C(N)=O)c(Nc3ccc(C4CCN(C5CCC5)CC4)cc3)n2)C1,Inactive
Cc1ccc(-n2cc3c(-c4c(C)[nH]c(-c5ccccc5)c4-c4ccccc4)nnc(C)c3n2)cc1,Inactive
COC1CCN(c2nccc(Nc3cc4[nH]cnc4cn3)n2)CC1,Active
Fc1ccc(Nc2ncnc3ccc4c(c23)OCCN4)cc1Cl,Active
N#Cc1cnc2c(Cl)cc(N[C@H](C3=CN(C4CCNCC4)NN3)c3ccsc3)cc2c1Nc1ccc(F)c(Cl)c1,Active
CCc1cc2c(cc1N1CCN(C3COC3)CC1)C(C)(C)c1[nH]c3cc(C#N)ccc3c1C2=O,Inactive
O=C(CBr)OCCn1c(=O)oc2cc3ncnc(Nc4ccc(F)c(Cl)c4)c3cc21,Active
O=C(O)C1CN(Cc2ccc(OCc3ccc(Cl)c(Cl)c3)cc2)C1,Inactive
CCOc1cc(N2CCC(CCS(C)(=O)=O)CC2)c(C)cc1Nc1nccc(-c2c(-c3ccc(OC)c(C(=O)Nc4c(F)cccc4F)c3)nc3cc(F)ccn23)n1,Inactive
O=C(O)CCCNc1c(Br)cccc1Nc1ncnc2ccncc12,Active
COCCOc1cc2ncnc(Nc3cc(Cl)cc(C=O)c3)c2cc1OCCOC,Active
C=CC(=O)Nc1cccc(-c2noc3ncnc(N[C@H](CO)c4ccccc4)c23)c1,Inactive
CS(=O)(=O)CCNc1nc(-c2ccc3ncnc(Nc4ccc(OCc5ccccc5)cc4)c3c2)cs1,Active
CCN(CC)CCNC(=O)c1c(C)[nH]c(/C=C2\C(=O)Nc3ccc(Cl)cc32)c1C,Inactive
O=C(NS(=O)(=O)c1ccc(Cl)cc1)c1cccnc1Cl,Inactive
C[C@H](Nc1[nH]cnc2c3ccccc3nc1-2)c1ccccc1.Cl,Active
COc1cc2cnnc(N[C@H](C)c3cccc(C(F)(F)F)c3C)c2cc1OC,Inactive
O=C(Nc1cc2c(Nc3ccc(F)c(Cl)c3)ncnc2cc1O[C@H]1CCOC1)N1CCC(F)(F)CC1,Inactive
N[C@H](Cc1c([Se][Se]c2[nH]c3ccccc3c2C[C@H](N)C(=O)NCc2ccccc2)[nH]c2ccccc12)C(=O)NCc1ccccc1,Inactive
COc1cc2ncnc(Nc3ccc(F)c(Cl)c3)c2cc1OCCCCCCNCc1c(OC)cc(OCc2cccc(-c3ccccc3)c2C)cc1OC,Active
COc1cc(-c2nc(-c3c[nH]c4ccccc34)c[nH]c2=O)cc(OC)c1OC,Inactive
COc1cc2c(Nc3ccc(Cl)c(Cl)c3)ncnc2cc1OCc1c(C)cc(C)cc1C,Active
CN1CCC[C@@H]1/C=C/C(=O)Nc1ccc2ncnc3c2c1CCN3c1ccc(OCc2ccccn2)c(Cl)c1,Active
Clc1ncc2ncnc(Nc3ccccc3)c2n1,Inactive
CC(C)n1nc(-c2ccc(S(N)(=O)=O)cc2)c2c(N)ncnc21,Inactive
C=CC(=O)Nc1cccc(Nc2nc(Nc3ccc(C4CCN(C(C)=O)CC4)cc3OC)ncc2C(F)(F)F)n1,Active
CC(=O)N1N=C(c2ccc(Cl)c(Cl)c2)CC1c1ccc(C)cc1,Inactive
Cc1cccc(Nc2ncnc3ccc(NC(=O)NCCCl)cc23)c1,Active
CCOC(=O)c1cc(/N=C/c2cc(O)ccc2O)ccc1O,Inactive
N#C/C(=C\c1ccc(O)c(O)c1)C(=O)c1ccccc1Cl,Inactive
Cc1nc(F)ccc1[C@H](Nc1cc(C#N)c2ncc(C#N)c(NCC(C)(C)C)c2c1)C1=C(F)N([C@@H](C)CF)NN1,Active
Cn1cc(-c2cc(C(=O)/N=c3\[nH]c4cc(CN5CCOCC5)ccc4n3[C@H]3CC[C@@H](O)CC3)cc(C#N)n2)cn1,Active
Nc1nc2c(c(Nc3ccc(F)cc3)n1)-c1ccccc1C2,Inactive
COc1ccccc1-c1cc2c(Nc3ccc(OCc4cccc(F)c4)c(Cl)c3)ncnc2s1,Active
Cc1cc(Nc2ncnc3cccc(O[C@H]4CCN[C@H](C(F)F)C4)c23)ccc1Oc1ccn2ccnc2c1,Inactive
COc1c(F)cccc1C(=O)NCc1ccc(-c2nn(C3CCCC3)c3ncnc(N)c23)cc1,Inactive
COc1cc2c(Nc3ccc(Br)c(Cl)c3F)ncnc2cc1OCC1CN(C)CCO1,Active
CCc1cc(Nc2ncc(Br)c(Nc3ccc4c(c3P(C)(C)=O)OCCO4)n2)c(OC)cc1N1CCC(N2CC(N(C)C)C2)CC1,Active
COc1ccc(NC(=S)NNc2nncc3ccccc23)cc1,Active
CN(C)CCn1cnc2cc3ncnc(Nc4cccc(Br)c4)c3cc21,Active
CC[C@@H](Nc1c(C#N)cnc2c(Cl)cc(N[C@H](C3=CN(C(C)(C)C)NN3)c3cccc4c3CNC4)cc12)c1ccccc1,Active
COc1cc2ncnc(Nc3ccc(F)c(Cl)c3)c2cc1OCCN1CC(OC)C1,Active
CN(/N=N/c1ccc2ncnc(Nc3cccc(Cl)c3)c2c1)C(=O)OCCl,Active
C=CC(=O)Nc1cc(Nc2n[nH]c3cc(-c4ccncc4)ccc23)c(OC)cc1N(C)CCN(C)C,Active
C=CC(=O)Nc1cc2c(Nc3ccc(OCc4cccc(F)c4)c(Cl)c3)ncnc2cc1OCCOC,Active
Oc1ccccc1O,Inactive
COc1cc(N(C)CCN(C)C)c(NC(=O)c2ccncn2)cc1Nc1nccc(-c2cn(C)c3ccccc23)n1,Active
CN1CCN(C/C=C/C(=O)N2CCCOc3cc4ncnc(Nc5ccc(OCc6cccc(F)c6)c(Cl)c5)c4cc32)CC1,Inactive
OC[C@@H](Nc1ncnc2oc(-c3ccccc3)c(-c3ccoc3)c12)c1ccccc1,Active
C=CC(=O)Nc1cccc(-c2c(-c3ccc(N(C)CCN(C)C)cc3)oc3ncnc(NCCO)c23)c1,Active
COCCOc1cc2ncnc(Nc3cc(Cl)cc(OS(=O)(=O)F)c3)c2cc1OCCOC,Active
O=C(NCc1ccccc1)c1c(SSc2[nH]c3ccccc3c2C(=O)NCc2ccccc2)[nH]c2ccccc12,Inactive
O=C1CCC(N2C(=O)c3ccc(N4CCN(CCCOCCCCNc5cccc6c5C(=O)N(C(C(=O)Nc5nccs5)c5cc(F)ccc5O)C6)CC4)cc3C2=O)C(=O)N1,Inactive
Cc1ncsc1-c1ccc(CNC(=O)[C@@H]2C[C@@H](O)CN2C(=O)[C@H](C(C)C)N2Cc3ccccc3C2=O)c(OCCOCCOCC#Cc2cccc3c2C(=O)N([C@@H](C(=O)Nc2nccs2)c2cc(F)ccc2O)C3)c1,Inactive
C=CC(=O)Nc1cc2c(Nc3ccc(Br)c(Cl)c3F)ncnc2cc1OCCNC(=O)N1CCOCC1,Active
COc1cc2ncnc(Nc3ccc(F)c(Cl)c3)c2cc1OCCCCCCNC(=O)C1CCCCN1Cc1c(OC)cc(OCc2cccc(-c3ccccc3)c2C)cc1OC,Inactive
C=CC(=O)N1CCCC(n2c(NC(=O)c3cccc(C(F)(F)F)c3)nc3cc(C)ccc32)C1,Inactive
COC1=C([C@@H](Nc2cc(Cl)c3ncc(C#N)c(NCC(C)(C)C)c3c2)c2ccc(F)nc2C)NNN1C,Active
O=C(Nc1cccc(Nc2nccc(-c3cccnc3)n2)c1)C1CCCCC1,Inactive
C=CC(=O)Nc1cccc(-c2c(C)sc3ncnc(N[C@H](CO)c4ccccc4)c23)c1,Active
O=C(N/N=C/c1cccs1)N1CCc2ncnc(Nc3ccc(F)c(Cl)c3)c2C1,Active
S=C(NCc1ccccc1)Nc1ccc2ncnc(Nc3ccc(Br)cc3)c2c1,Active
C=CC(=O)N1CCc2ccc(N3C(=O)CCc4cnc5ccc(-c6cnn(C)c6)cc5c43)cc21,Inactive
CCc1ccc(Nc2ncnc3[nH]c(C)c(C)c23)cc1,Inactive
C=CC(=O)N1CCC(C2CCNc3c(C(N)=O)c(-c4ccc(Oc5ccc(F)cc5F)cc4)nn32)CC1,Active
CN(C)CCCN(C)CC(=O)Nc1cc2c(Nc3ccc(F)c(Cl)c3)ncnc2s1,Inactive
O=C1CCc2c(Oc3ccc4c(c3)[C@H]3[C@H](NC(=O)c5ccc(C(F)(F)F)cc5)[C@H]3O4)ccnc2N1,Active
CN(C)CCCNc1cc2c(Nc3cccc(Br)c3)ncnc2cn1,Active
C=CC(=O)Nc1cc2c(Nc3ccc(F)c(Cl)c3)ncnc2cc1OCc1cn(CCCCC(=O)NO)nn1,Active
COc1cc(N2CCN(C)CC2)ccc1Nc1ncc(Cl)c(Oc2ccccc2NC(=O)CCOCc2ccccc2)n1,Inactive
C=CC(=O)Nc1cccc(Nc2nc(Nc3ccc(O[C@H]4CCOC4)nc3)ncc2F)c1,Active
COc1ccc(OC)c(Nc2cc(Nc3ccc(F)cc3)ncn2)c1,Active
Clc1ccc(SCc2n[nH]c(-c3ccc(Cl)cc3)n2)cc1,Inactive
O=C1CN(Cc2ccn3ncnc(Nc4ccc5c(cnn5Cc5cccc(F)c5)c4)c23)CCN1,Active
C/C(=N\Nc1ncc(Cl)c(Nc2cccc(NC(=O)/C=C/CN(C)C)c2)n1)c1ccccn1,Inactive
COc1ccccc1Nc1ccnc(Nc2ccccc2OC)n1,Inactive
CCOc1cc2ncnc(Nc3ccc(Oc4ccc(C)nc4)c(Cl)c3)c2cc1NC(=O)/C(F)=C\CN(C)C,Active
CCC/C=C/C(=O)Nc1cccc(Oc2nc(Nc3ccc(OC)cc3)nc3ccsc23)c1,Inactive
Clc1ccc(COC(Cn2ccnc2)c2ccc(Cl)cc2Cl)cc1,Inactive
CCOc1cc2ncnc(Nc3cccc(Br)c3)c2cc1OCC.Cl,Active
COc1ccc(-c2cc3c(N[C@@H](C)c4ccccc4)ncnc3o2)cc1,Inactive
COc1cc(N2CCN(CCS(C)(=O)=O)CC2)c(Cl)cc1Nc1nccc(-c2c(-c3ccc(OC)c(C(=O)Nc4c(F)cccc4F)c3)nc3ccccn23)n1,Inactive
O=C(Cc1ccccc1)Nc1cccc(-c2nc3sccn3c2-c2ccnc(Nc3ccc4c(c3)CCNC4)n2)c1,Active
C=CC(=O)Nc1cccc(Nc2nc(Nc3ccc(OC)c(OC)c3OC)ncc2C(F)(F)F)c1,Active
N#CN1CCC[C@@H](n2nc(-c3ccc(Oc4ccc(Cl)cn4)cc3)c(C(N)=O)c2N)C1,Inactive
COc1cc(N2CCC(N3CCCCC3)CC2)ccc1Nc1nccc(-c2c(-c3cccc(C(=O)Nc4ccc(F)cc4Cl)c3)nc3ccccn23)n1,Inactive
CCCOc1cc2ncnc(Nc3cccc(Br)c3)c2cc1OCCC,Active
O=C(/C=C/c1ccccc1)Nc1ccc(F)cc1F,Inactive
COc1ccc(-n2cc(NC(=O)c3ccc(NS(=O)(=O)c4ccccc4)cc3)cn2)cc1,Inactive
Cc1ncsc1-c1ccc(CNC(=O)[C@@H]2C[C@@H](O)CN2C(=O)[C@@H](NC(=O)COCCOCCOCCOc2ccc(-c3cc4c(NCc5ccccc5Cl)ncnc4[nH]3)cc2)C(C)(C)C)cc1,Inactive
C=CC(=O)N[C@H]1CCN(c2nc(Nc3ccc(N4CCN(C)CC4)cc3)c3ncn(CCO)c3n2)C1,Inactive
Cc1ccc(Oc2ccc(Nc3ncnc4cccc(O[C@H](C)C(=O)N(C)C)c34)cc2C)cn1,Inactive
C=CC(=O)Nc1cc(Nc2ncc(F)c(-c3ccc4cc(C(=O)NC)n(C(C)C)c4c3)n2)c(OC)cc1N1CCN(C)CC1,Active
Cc1cc(C)c(O)c(CN(Cc2ccc(F)cc2)C(=S)Nc2ccccc2)c1,Inactive
Cc1nc(F)ccc1[C@H](Nc1cc(Cl)c2ncc(C#N)c(NCC34CC(C3)C4)c2c1)C1=CN(C2(C(F)F)CC2)NN1,Active
C=CC(=O)Nc1cc(Nc2ncc(Br)c(Nc3ccc4ccn(C)c4c3)n2)c(OC)cc1N1CCN(C)CC1,Active
Cc1nn(C)cc1C(=O)Nc1ccn(Cc2c(F)cccc2Cl)n1,Inactive
CCOc1cc2ncnc(C#Cc3nccn3-c3ccccc3)c2cc1OCC,Active
O=C(/C=C/CN1CCSCC1)Nc1ccc2ncnc(Nc3cccc(Br)c3)c2c1,Active
c1ccc(-c2ccc3c(Nc4ccc5scnc5c4)ccnc3c2)cc1,Inactive
Oc1ccccc1CNc1ccc2ncnc(Nc3cccc(Br)c3)c2c1,Inactive
CC(C)(CNc1c(C#N)cnc2c(Cl)cc(N[C@H](C3=CN(C4(C(F)F)CC4)NN3)c3cccc4c(=O)[nH]ccc34)cc12)C(F)(F)F,Active
Cl.Cl.NC1CCc2c(c3cc(OCCc4ccc(O)cc4)ccc3n2CCCCCc2ccccn2)C1,Inactive
COc1ccc(-c2c3c4cc(OC)c(OC)cc4oc(=O)c3n3ccc4cc(O)c(OC)cc4c23)cc1O,Inactive
Nc1cc(-c2nc3sccn3c2-c2ccnc(NCCCNS(=O)(=O)c3ccc(F)cc3)n2)ccc1F,Active
COc1ccc(C2CC(c3ccccc3)=NN2C2=NC(=O)CS2)cc1,Inactive
Nc1ncnc2c1c(-c1ccc(Cl)c(O)c1)nn2CC1CCNCC1,Inactive
C/C=C/C(=O)N1CCC[C@@H](n2nc(C(=O)Nc3nc4ccccc4o3)c3c(N)ncnc32)C1,Active
Fc1cccc(COc2ccc(Nc3ncnc4ccc(NC(=S)NCCCN5CCOCC5)cc34)cc2Cl)c1,Active
Cc1cccc(Nc2ncnc3ccc(NC(=S)NCc4ccccc4)cc23)c1,Active
COc1ccc(Nc2ncnc3cc(OC)c(OC)cc23)cc1OC,Inactive
Oc1cc2ncnc(Nc3cccc(Br)c3)c2cc1O,Active
Cc1ccc(S(=O)(=O)NC(=O)Cc2ccc(Br)cc2)cc1,Inactive
COc1ccccc1C(=O)NCc1ccc(-c2nn(C3CCCC(=O)C3)c3ncnc(N)c23)cc1,Active
COc1ccc(CCOc2ccc3c(c2)c(CCN)cn3CCCCCc2ccc(SC)cc2)cc1.Cl,Inactive
Cc1ccc(Oc2ccc(Nc3ncnc4[nH]nc(OCCN5CCC(O)CC5)c34)cc2F)cn1,Inactive
C=CC(=O)Nc1cccc(-c2c(C)ccc3cnc(Nc4ccc(N5CCN(C)CC5)cc4)nc23)c1,Active
C=CC(=O)Nc1cc2c(Nc3ccc(F)c(Br)c3)ncnc2cn1,Active
N#Cc1cnc2cc(OC[C@@H](O)CO)c(NC(=O)CC3CSSC3)cc2c1Nc1ccc(OCc2cccc(F)c2)c(Cl)c1,Inactive
C=CC(=O)N1CC[C@H](n2nc(-c3cc(OC)cc(OC)c3)c3c(N)ncnc32)C1,Inactive
CC1CCCCN1C/C=C/C(=O)N1CCCOc2cc3ncnc(Nc4ccc(F)c(Cl)c4)c3cc21,Inactive
Cc1ccc(NC(=O)c2ccc(C)c(C(F)(F)F)c2)cc1C#Cc1nn([C@H]2CC[C@H](O)CC2)c2ncnc(N)c12,Active
CCOc1cc2ncc(C#N)c(Nc3ccc(Cn4ccnc4)c(Cl)c3)c2cc1NC(=O)/C=C/CN(C)C,Active
Cc1cc(C(=O)N2CCOCC2)[nH]c1/C=C1\C(=O)Nc2ncnc(Nc3ccc4c(cnn4Cc4ccccc4)c3)c21,Active
CN(C)Cc1nc2ccc(Nc3ncc(Cl)c(Nc4ccccc4NS(C)(=O)=O)n3)cc2[nH]1,Inactive
CC1=C(C(=O)Nc2cccc([N+](=O)[O-])c2)C(c2ccc(O)cc2O)NC(NN)=N1,Inactive
Cc1nc(F)ccc1[C@H](Nc1cc(Cl)c2ncc(C#N)c(NCC(C)(C)C)c2c1)C1=CN(C2(C(C)C)CC2)NN1,Active
CN1CCN(c2ccc(Nc3ncc4nc(Nc5ccccc5)[nH]c4n3)cc2)CC1,Active
O=C1CCC(N2C(=O)c3cccc(NCCOCCOCCOCCOCCOCCOCC#Cc4cccc5c4C(=O)N(C(C(=O)Nc4nccs4)c4cc(F)ccc4O)C5)c3C2=O)C(=O)N1,Inactive
CN(C)CCCNC/C=C/C(=O)Nc1cc2c(Nc3ccc(F)c(Cl)c3)ncnc2s1,Active
COCCCN1CCC([C@H]2CC[C@H](n3nc(-c4ccc5nc(Cc6ccccc6Cl)[nH]c5c4)c4c(N)ncnc43)CC2)CC1,Active
COc1cc2ncnc(Nc3ccc(F)c(Cl)c3)c2cc1OCCCCC(=O)NO,Active
FC(F)(F)c1csc(NC(=S)Nc2ccc3ncnc(Nc4cccc(Cl)c4)c3c2)n1,Active
Oc1ccc(CNc2ccc3ncnc(Nc4cccc(Cl)c4)c3c2)cc1,Inactive
C=CC(=O)Nc1cccc(-c2c(-c3ccccc3)oc3ncnc(N(C)C)c23)c1,Active
Cc1c(Nc2ccc(OCc3cccc(F)c3)c(Cl)c2)ncnc1-c1ccccc1,Inactive
O=C1Nc2ccc(Cl)cc2/C1=C/c1ccc[nH]1,Inactive
O=C1CSC(N2N=C(c3ccc(Br)cc3)CC2c2ccccc2)=N1,Inactive
Cc1c(C#N)c(Nc2ccc(S(N)(=O)=O)cc2)nc2nc(NCCO)nc(N)c12,Inactive
COc1cc2c(cc1O)NC(=O)C2=C(C#N)C#N,Inactive
Cc1ccc(C2=NN(C(N)=S)C(c3ccccc3Cl)C2)cc1C,Inactive
N#Cc1cnc2c(Cl)cc(N[C@H](C3=CN(C4CCN(C5COC5)CC4)NN3)c3cocn3)cc2c1Nc1ccc(Cl)c(Cl)c1F,Active
Fc1c(NC(=S)Nc2ccc3ncnc(Nc4cccc(Br)c4)c3c2)cccc1C(F)(F)F,Active
C=CC(=O)N1CCCC(Oc2nc(Nc3cccc(OC)c3)ncc2F)C1,Inactive
Nc1cccc(Oc2cc(Nc3ccc(OCc4cccc(F)c4)c(Cl)c3)ncn2)c1,Active
O=C(NCc1ccccc1)c1cc2ccc(O)c(O)c2cn1,Inactive
C=CC(=O)NC1=CC=C2N=CN=C(Nc3cccc(C)c3)C21,Active
COc1cc(COc2ccc(C3NCCc4c3[nH]c3ccccc43)cc2OC)ccc1F,Inactive
COc1cc2ncnc(Nc3cccc(Cl)c3F)c2cc1CN(C)C1(C(N)=O)CN(C(C)C)C1,Active
FC(F)C(F)(F)Oc1cccc(Nc2nccc(-c3ccncc3)n2)c1,Inactive
C=CC(=O)Nc1cc2c(Nc3cc(Cl)c(Cl)cc3F)ncnc2cc1OCCNCC(C)=O,Active
Cn1cnc(-c2ccc(OC(F)(F)F)c(NC(=O)Nc3ccncc3)c2)c1,Active
COc1cc2c(N[C@H]3COC[C@@H]3OC)ncnc2cc1O[C@H]1CO[C@H]2[C@@H]1OC[C@@H]2O,Active
O=C1CCC(N2C(=O)c3ccc(N4CCC(CN5CCC(OC/C=C/c6cccc7c6C(=O)N(C(C(=O)Nc6nccs6)c6cc(F)ccc6O)C7)CC5)CC4)cc3C2=O)C(=O)N1,Inactive
C=CC(=O)N1CCC(Oc2cc3c(Nc4ccc(Cl)c(Cl)c4F)ncnc3cc2OC)C1,Active
CCOc1cc(N2CCC(CCS(C)(=O)=O)CC2)c(CC)cc1Nc1nccc(-c2c(-c3ccc(OCC)c(C(=O)Nc4c(F)cccc4F)c3)nc3ccccn23)n1,Inactive
O=C(NCCN1CCOCC1)Nc1cc2c(Nc3ccc(F)c(Cl)c3)ncnc2cc1O[C@H]1CCOC1,Active
CC#CC(=O)N(C)[C@@H](C)c1nc(-c2ccc(C(=O)Nc3cc(C(F)(F)F)ccn3)c(OC)c2)c2c(N)nccn12,Inactive
Cc1ccc(NC(=O)c2ccc(CN3CCN(C)CC3)cc2)cc1C(=O)Nc1ccc(OCc2cccc(F)c2)c(Cl)c1,Active
O=C(Cc1ccc(Cl)cc1)NS(=O)(=O)c1ccccc1,Inactive
O=C(Nc1n[nH]c2cc(C(=O)N[C@H](CN3CCCC3)c3ccccc3)sc12)c1ccc(N2CCOCC2)cc1,Inactive
C=CC(=O)N1CC(Oc2cc3c(Nc4ccc(F)c(Cl)c4F)ncnc3cc2OC)C1,Active
COc1cc2c(Oc3ccc(NC(=O)c4nn(-c5ccccc5C(F)(F)F)c(=O)cc4C)cc3F)ccnc2cc1OCCCN1CCOCC1,Inactive
CCC(=O)Nc1cc2c(Nc3ccc4c(c3)CCN4Cc3ccccn3)ncnc2cc1OC,Active
CN1CCC(Oc2cccc3ncnc(Nc4ccc(OCc5cnccn5)c(Cl)c4)c23)CC1,Active
Fc1cc2c(cc1Cl)Nc1ncnc3ccc(cc13)OCCOCCO2,Inactive
CS(=O)(=O)CCNCc1ccc(-c2ccc3ncnc(Nc4ccc(OCc5cccc(F)c5)cc4)c3c2)o1,Active
CN(C)C(=O)N[C@@H]1CCCN(c2cnc(C(N)=O)c(Nc3ccc(C(=O)N4CCCC4)cc3)n2)C1,Inactive
CCS(=O)(=O)Nc1nc(-c2ccc(F)cc2)c(-c2ccnc(Nc3cc(C)c(N4CCC(N5CCN(C)CC5)CC4)cc3OC)n2)s1,Active
C=CC(=O)Nc1cc(Nc2nccc(-c3ccc4ncsc4c3)n2)c(OC)cc1N(C)CCN(C)C,Active
C=CC(=O)Nc1cc(Nc2nccc(Nc3ccccc3-n3nccn3)n2)c(OC)cc1N1CCN(C)CC1,Active
C#Cc1cc(Nc2ncnc3cc(OC)c(OCCCCCCC(=O)NO)cc23)ccc1F,Active
CN(C)C(=O)N[C@@H]1CCCN(c2cnc(C(N)=O)c(Nc3ccc(C4CCN(C5CCCC5)CC4)cc3)n2)C1,Inactive
Fc1ccc(Nc2ncnc3c2NCc2ccccc2O3)cc1Cl,Inactive
CCOc1cc2ncnc(Nc3ccc(F)c(Cl)c3)c2cc1OC(=O)CSc1nc2ccccc2s1,Active
COc1cc2ncnc(Nc3cccc(B(O)O)c3)c2cc1OC,Inactive
O=c1oc2c(O)c(O)cc3c(=O)oc4c(O)c(O)cc1c4c23,Active
CCC(=O)N1CC[C@H](N2C(=O)N(c3cc(OC)ccc3F)Cc3cnc(Nc4ccc(N5CCN(C)CC5)c(C(F)(F)F)c4)nc32)C1,Inactive
C=CC(=O)N[C@@H]1CCCC[C@H]1n1c(NC(=O)c2cccc(C(F)(F)F)c2)nc2cc(C)ccc21,Inactive
COc1ccc(NC(=O)Nc2ccc(N(C)c3ncnc4cc(OC)c(OC)cc34)cc2)cc1,Inactive
COc1ccc2cc(-c3ccsc3)cnc2c1,Inactive
C=C(C)C(=O)N1CCC[C@@H](n2nc(C(=O)Nc3nc4cc(Cl)ccc4o3)c3c(N)ncnc32)C1,Active
C=CC(=O)Nc1cc(Nc2nccc(-c3ccc4nccn4n3)n2)c(OC)cc1N(C)CCN(C)C,Active
C[C@@H](Nc1ncnc2sc(Br)cc12)c1ccc(F)cc1,Active
Clc1ccc(CNc2ccc3ncnc(Nc4cccc(Cl)c4)c3c2)cc1,Inactive
COc1cc2c(Nc3ccc(F)c(Cl)c3F)ncnc2cc1O[C@@H]1C[C@H]2OC[C@H](OC)[C@H]2O1,Active
Clc1ccc2c(c1)CNc1c(Nc3cccc(Br)c3)ncnc1O2,Inactive
Fc1ccccc1COc1cccc(-c2n[nH]cc2-c2ccncc2)c1,Inactive
CC(C)n1nc(-c2cc(O)cc(Br)c2)c2c(N)ncnc21,Active
C=CC(=O)N[C@H]1CC[C@@H](n2nc(C(=O)Nc3nc4cc(F)ccc4o3)c3c(N)ncnc32)CC1,Active
CN(C)C/C=C/C(=O)Nc1cc2c(Nc3ccc(F)c(Cl)c3)c(C#N)cnc2cc1OC(F)(F)F,Inactive
COC1CCN(c2nccc(Nc3cc4c(cn3)nc(COCCCN3CCN(CCCOCC(=O)N[C@H](C(=O)N5C[C@H](O)C[C@H]5C(=O)N[C@@H](C)c5ccc(-c6scnc6C)cc5)C(C)(C)C)CC3)n4C(C)C)n2)CC1,Inactive
COc1ccccc1CNc1ccc2ncnc(Nc3cccc(Br)c3)c2c1,Inactive
C=CC(=O)Nc1cc(Nc2ncc(Cl)c(-c3cnc4c(ccn4C)c3)n2)c(OC)cc1N(C)CCN(C)CC,Active
CN1CCN([C@@H]2CCCN(c3cnc(C(N)=O)c(Nc4ccc(C5(C)CCN(C6COC6)CC5)cc4)n3)C2)C1=O,Active
Cc1nc(F)ccc1[C@H](Nc1cc(Cl)c2ncc(C#N)c(NCC(C)(C)C)c2c1Br)C1=C(F)N(C2(C(F)F)CC2)NN1,Inactive
CCCCCCCCNC(=O)COc1cc(O)c2c(=O)cc(-c3ccccc3)oc2c1,Inactive
C#CCN1CCN(c2ccc(Nc3ncc4c(C)cc(=O)n(-c5cccc(NC(=O)C=C)c5)c4n3)c(OC)c2)CC1,Active
COC(=O)Cc1c(SSSc2[nH]c3ccccc3c2CC(=O)OC)[nH]c2ccccc12,Inactive
CN1CCC(c2ccc(-c3ccc4c(c3)CCN(C(C(=O)Nc3nccs3)c3cccc(F)c3)C4=O)cc2)CC1,Active
C=CC(=O)N1CCC(Cn2nc(C(=O)Nc3nc4cc(F)ccc4o3)c3c(N)ncnc32)CC1,Active
Nc1ccc2c(c1)CNc1c(Nc3ccc(F)c(Cl)c3)ncnc1O2,Inactive
COc1cc2c(Nc3ccc(Cl)c(Cl)c3)ncnc2cc1OCC1CN(C(C)C)CCCO1,Active
COCCO/N=C/c1c(N)ncnc1Nc1ccc2c(cnn2Cc2cccc(F)c2)c1,Active
CCCCC(=O)ON[C@H](CS(C)(=O)=O)c1ccc(-c2ccc3ncnc(Nc4ccc(OCc5cccc(F)c5)c(Cl)c4)c3c2)o1,Active
CCOc1cc(N2CCN(CCS(C)(=O)=O)CC2)ccc1Nc1nccc(-c2c(-c3ccc(OC)c(C(=O)Nc4c(F)cccc4F)c3)nc3ccccn23)n1,Inactive
Nc1nc(Nc2ccc(S(N)(=O)=O)cc2)nn1C(=S)Nc1c(F)cccc1F,Inactive
Cn1ncc2c([C@H](Nc3cc(C#N)c4ncc(C#N)c(NCC(C)(C)C)c4c3)C3=CN(Cc4c(F)cccc4F)NN3)cccc21,Active
COC(=O)CN1CCC(n2cc(-c3cccc(OC)c3)c3c(N)ncnc32)CC1,Inactive
COc1cc(CCN2CCN(C)CC2)ccc1Nc1nccc(-c2c(-c3ccc(OC(C)C)c(C(=O)Nc4c(F)cccc4F)c3)nc3ccccn23)n1,Inactive
COc1ccccc1NC(=O)/C=C/c1ccccc1,Inactive
O=C1N=C(N2CCC[C@H]2C(=O)Nc2ccc3ncnc(Nc4cccc(Cl)c4)c3c2)S/C1=C/c1ccc(-c2ccccc2)cc1,Inactive
O=C(/C=C/CN(C1CC1)C1CC1)Nc1cc2c(Nc3ccc(F)c(Cl)c3)ncnc2cc1O[C@H]1CCOC1,Inactive
Cc1cc(C(=O)/N=c2\[nH]c3ccccc3n2[C@@H]2C[C@H](O)C[C@H](O)C2)cc(-c2cnn(C)c2)n1,Inactive
Cc1cc(Nc2ncnc3cccc(O[C@H]4C[C@H](C)N(C)CC4(F)F)c23)ccc1Oc1ccn2ncnc2c1,Inactive
N#Cc1cnc2c(Cl)cc(NC(C3=CN(C4CC4)NN3)c3ccc(F)nc3)cc2c1N[C@H](CCF)c1ccccc1,Active
Brc1cccc(Nc2ncnc3cc4c(cc23)OCCSCCO4)c1,Active
Cc1ccc(S(=O)(=O)NC(=O)Cc2cccc(Br)c2)cc1,Inactive
COc1ccc(NC(=S)NC(=O)c2cn(-c3ccccc3)nc2-c2ccc(C)cc2)cc1,Inactive
Cc1c(SSc2c(C)c3ccccc3n2C)n(C)c2ccccc12,Inactive
COc1ccc2c(c1)sc1c(Nc3cccc(Br)c3)ncnc12,Active
COc1cc(Br)c(/C=C2\CN(C(C)C)CC(=C\c3nc(C)c(C)nc3C)/C2=N/O)cc1OC,Inactive
COC1CCN(c2nccc(Nc3cc4c(cn3)nc(COCCOCCN3CCN(CCOc5ccc6c(c5)C(=O)N(C5CCC(=O)NC5=O)C6=O)CC3)n4C(C)C)n2)CC1,Inactive
COc1cc(Nc2nccc(-c3ccc(Cl)cc3)n2)cc(OC)c1OC,Inactive
CCN1CCN([C@@H]2CCCN(c3cnc(C(N)=O)c(Nc4ccc(C5(C)CCN(C6CC6)CC5)cc4)n3)C2)C1=O,Inactive
COc1ccc(-c2n[nH]c3ncnc(N)c23)cc1O,Inactive
CC(C)c1cnc(N2CC(CS(C)(=O)=O)C2)c2cnc(Nc3ccnc(N4CC[C@@H](O)[C@@](C)(F)C4)n3)cc12,Active
COc1cc2ncc(C(=O)O)c(Nc3cccc(Cl)c3)c2cc1OC,Inactive
COc1cc2ncnc3c2cc1OCCCCCCOc1cccc(Cl)c1N3,Inactive
CN1CCc2c([nH]c3ccccc23)C1c1ccc(NC(=O)c2ccccc2)cc1,Inactive
O=C(Nc1cc2c(Nc3ccc(F)c(Cl)c3)ncnc2cc1O[C@H]1CCOC1)N1CC(F)C1,Inactive
O=C(Nc1cc2c(Nc3ccc(F)c(Cl)c3)ncnc2cc1OCCCN1CCOCC1)c1ccccc1,Active
CCCCC(=O)Nc1cc2c(Nc3ccc(F)c(Cl)c3)ncnc2s1,Inactive
O=C(c1cc2ccccc2[nH]1)c1cc2cc(O)ccc2[nH]1,Inactive
C[C@@H](NC(=O)OC(C)(C)C)C(=O)Nc1ccc2ncnc(Nc3cccc(C(F)(F)F)c3)c2c1,Inactive
O=C1NC(=O)c2cc(Nc3ccc(F)cc3)c(Nc3ccc(F)cc3)cc21,Inactive
COc1cc2cc(-c3ccccc3)cnc2cc1OC,Inactive
NC(=O)c1nnc(N2CCC[C@@H](NC(=O)c3ccc4ncccc4c3)C2)nc1Nc1ccc(C(=O)N2CCOCC2)cc1,Inactive
COc1cc2ncc(C#N)c(Nc3ccc(Sc4nccn4C)c(Cl)c3)c2cc1NC(=O)/C=C/CN(C)C,Active
CCCN1CCC(c2ccc(Nc3nccc(-c4c(-c5ccc(OC)c(C(=O)Nc6c(F)cccc6F)c5)nc5ccccn45)n3)c(OC)c2)CC1,Inactive
CCCCCCNC(=O)COc1cc(O)c2c(=O)cc(-c3ccccc3)oc2c1,Inactive
COc1cc2c(Nc3ccc(NC(=O)c4ccc(Cl)cc4)cc3)ncnc2cc1OCc1ccccc1,Inactive
CO[C@H]1[C@@H](N(C)Cc2ccccc2)C[C@@H]2O[C@@]1(C)n1c3ccccc3c3c4c(c5c6ccccc6n2c5c31)C(=O)NC4,Active
COc1cc(N2CCN(C(C)=O)CC2)ccc1Nc1ncc(Cl)c(Nc2cccc(NC(=O)c3cccc(S(=O)(=O)F)c3)c2)n1,Active
COc1cc2ncnc(Nc3ccc(O[C@H]4CO[C@H]5[C@@H]4OC[C@@H]5OCc4ccccc4)cc3)c2cc1OC,Active
C=CC(=O)Nc1cc2c(Nc3ccc(Br)c(Cl)c3F)ncnc2cc1OCCNC(=O)NCC,Active
c1cncc(-c2nnc(Cc3nc4ccccc4[nH]3)o2)c1,Inactive
COc1cc2ncnc(Nc3ccc(O)cc3)c2cc1OC.Cl,Active
O=S(=O)(CCOCc1ccc(-c2ccc3ncnc(Nc4ccc(OCc5cccc(F)c5)c(Cl)c4)c3c2)o1)c1ccccc1,Active
Cn1cccc1-c1nc2cc(NC(=O)CCl)ccc2[nH]1,Inactive
COc1ccc(C(/C=C/c2ccccc2Cl)=N\NC(N)=S)cc1,Inactive
[O-][S+]1CCN(Cc2ccc(-c3cc4c(Nc5ccc(OCc6cccc(F)c6)cc5)ncnc4cn3)o2)CC1,Active
COc1cc2c(Nc3ccc(Cl)c(Cl)c3F)ncnc2cc1OC[C@@H]1C[C@@H]2CN(C(C)C)C[C@@H]2C1,Active
COC(=O)c1ccc(C(=O)c2c(SSc3c(C(=O)c4ccc(C(=O)OC)cc4)c4ccccc4n3C)n(C)c3ccccc23)cc1,Inactive
CN1CCN(CCCCNc2ncc3cc(-c4c(Cl)cccc4Cl)c(=O)n(C)c3n2)CC1,Active
Oc1cccc(Nc2[nH]nc3ncnc(Nc4cccc(Cl)c4)c23)c1,Active
C=CC(=O)N(C)c1nc2c(Cc3ccc(F)c(Cl)c3)ncnc2cc1OCCCN1CCOCC1,Active
Cc1nc2cc3nc(-c4cccs4)cnc3cc2n1C,Inactive
CNC(=O)c1ccccc1Nc1nc(Nc2ccc3c(C(=O)N4CCC(C)CC4)c(C)[nH]c3c2)ncc1Cl,Inactive
CCOc1cc2ncc(C#N)c(Nc3ccc(OCc4cccnc4)c(Cl)c3)c2cc1NC(=O)/C=C/CN(C)C,Active
Cc1ncsc1-c1ccc(CNC(=O)[C@@H]2C[C@@H](O)CN2C(=O)[C@@H](NC(=O)CO[C@H]2C[C@H](Oc3ccc(N4CCN(CCOCc5nc6cnc(Nc7ccnc(-c8cnn(S(=O)(=O)C9CC9)c8)n7)cc6n5C(C)C)CC4)cc3)C2)C(C)(C)C)cc1,Inactive
Cc1nc(F)ccc1[C@H](Nc1cc(Cl)c2ncc(C#N)c(NCC(C)(C)C)c2c1)C1=CN(C2(C#N)CC2)NN1,Active
Cn1cnc2cccc([C@H](Nc3cc(C#N)c4ncc(C#N)c(NCC(C)(C)C)c4c3)C3=CN(C4(C(F)F)CC4)NN3)c21,Active
C=CC(=O)N1C[C@@H](n2cc(-c3ccncc3)c(-c3ccc(F)c(COc4ccc5c(c4)CN(C)C5=O)c3)n2)C[C@H]1C,Inactive
CC(C)(C)CNc1c(C#N)cnc2c(Cl)cc(N[C@H](C3=CN(C4(C(F)(F)F)CC4)NN3)c3ccc(Cl)nc3)cc12,Active
CCOc1ccc(C(=O)Nc2ccc(OCc3ccccn3)c(Cl)c2)cc1NC(=O)/C=C/CN(C)C,Inactive
CC(C)n1nc(N2CCC(O)CC2)c2cnc(Nc3ccnc(-c4cnn(S(=O)(=O)C5CC5)c4)n3)cc21,Active
N#Cc1cnc2cnc(NCc3cccnc3)cc2c1Nc1ccc(F)c(Cl)c1,Inactive
CO[C@H]1[C@@H](N(C)C(=O)C(F)(F)F)C[C@@H]2O[C@@]1(C)n1c3ccccc3c3c4c(c5c6ccccc6n2c5c31)C(=O)NC4,Inactive
Cc1ncsc1-c1ccc(CNC(=O)[C@@H]2C[C@@H](O)CN2C(=O)[C@H](C(C)C)N2Cc3ccccc3C2=O)c(OCCOCCOCCOCCOCC#Cc2cccc3c2C(=O)N([C@@H](C(=O)Nc2nccs2)c2cc(F)ccc2O)C3)c1,Inactive
CN1CCC(c2ccc(-c3ccc4c(=O)n(C(C(=O)Nc5nccs5)c5ccccc5)cnc4c3)cc2)CC1,Active
CN1CCN(Cc2ccc(C(=O)N[C@@H]3[C@H]4Oc5ccc(Oc6ccnc7c6CNC(=O)N7)cc5[C@@H]34)cc2C(F)(F)F)CC1,Active
COc1cccc(-n2cc(NC(=O)c3cccc(NS(=O)(=O)c4ccccc4)c3)cn2)c1,Inactive
CCOc1cc2ncnc(Nc3ccc4c(cnn4Cc4ccccc4)c3)c2cc1NC(=O)/C=C/CN(C)C,Active
COc1ccc(N2Cc3cnc(Nc4ccccc4)nc3N([C@@H]3CC[C@@H](O)C3)C2=O)cc1,Active
COc1cc(OC)c2c(c1)Oc1ncnc(Nc3cccc(Br)c3)c1NC2,Inactive
CCOC(=O)CCCn1c(=O)oc2cc3ncnc(Nc4ccc(OC)cc4)c3cc21,Inactive
COc1cc(C2CCN(C3CCN(C)CC3)CC2)ccc1Nc1ncc(Cl)c(Nc2ccccc2NS(C)(=O)=O)n1,Active
CCOC(=O)C1=C(N)N(c2cccnc2)C2=C(C(=O)CCC2)C1c1c(C)nn(-c2ccc(Cl)cc2)c1Cl,Inactive
CN1CCN(c2ccc(Nc3ncc(Cl)c(Nc4ccccc4P(C)(C)=O)n3)c(Br)c2)CC1,Active
C=CC(=O)Nc1cccc(Oc2nc(Nc3ccc(N4CCN(C(=O)CC(C)(C)C)CC4)cc3OC)ncc2Cl)c1,Active
COc1cc(N2CCN(C)CC2)ccc1Nc1ncc(Cl)c(Oc2cccc(NC(=O)CCN3CCCCC3)c2)n1,Inactive
OCCNC1CCN(Cc2ccn3ncnc(Nc4ccc5c(cnn5Cc5cccc(F)c5)c4)c23)CC1,Active
CC(=O)NC1CCN(c2cc3c(NC(C)c4ccc(-c5ccccc5CN(C)C)s4)nc(C)nc3cn2)C1,Inactive
C=CC(=O)N1CCCCC(Nc2nc(Nc3ccc(OCCOC)cc3)c3c(c2F)CNC3=O)C1,Inactive
C=CC(=O)N1CCCC(Oc2nc(Nc3ccc(OC)cc3)ncc2F)C1,Active
C=CCn1c(N)c(C(=O)N/N=C/c2cccs2)sc1=S,Inactive
CCN1CCC(N2C=C([C@@H](Nc3cc(Cl)c4ncc(C#N)c(Nc5ccc(F)c(Cl)c5)c4c3)c3cncs3)NN2)CC1,Active
CC(C)(C)CNc1c(C#N)cnc2c(Cl)cc(N[C@H](C3=CN(C4(C(F)(F)F)CC4)NN3)c3cccn4nccc34)cc12,Active
C#Cc1cccc(Nc2ncnc3cc(OCCOC)c(OCCOC(=O)CCCCC[N+]4=C(/C=C/C=C/C=C/C=C5/N(CCCC)c6ccc(OC)cc6C5(C)C)C(C)(C)c5cc(C(F)(F)F)ccc54)cc23)c1.[Br-],Active
C=CC(=O)Nc1cc(Nc2ncc(OC)c(-c3cc(F)c4nc(C)n(C(C)C)c4c3)n2)c(OC)cc1N(C)CCN(C)C,Active
CC1=C(C(=O)Nc2cccc([N+](=O)[O-])c2)C(c2ccc(O)cc2O)NC(Nc2ccc(S(=O)(=O)Nc3nc(C)cc(C)n3)cc2)=N1,Inactive
C=CC(=O)Nc1cc(Nc2nccc(-c3c(C(=O)OC)n(C)c4ccccc34)n2)c(OC)cc1N(C)CCN(C)C,Active
C=CC(=O)Nc1cc(Nc2n[nH]c3ccc(-c4cccc5ccccc45)cc23)c(OC)cc1N(C)CCN(C)C,Active
C=CCNC(=O)NCCOc1cc2ncnc(Nc3ccc(Br)cc3F)c2cc1NC(=O)C=C,Active
COc1ccccc1-c1cc2c(NCc3ccncc3)ncnc2s1,Active
C#Cc1cccc(Nc2ncnc3cc(OC)c(NC(=O)CCCCCCC(=O)NO)cc23)c1,Active
Cc1ncsc1-c1ccc([C@H](C)NC(=O)[C@@H]2C[C@@H](O)CN2C(=O)[C@@H](NC(=O)COCCOCCOCCN2CCN(CCOCC#Cc3cccc4c3C(=O)N(C(C(=O)Nc3nccs3)c3cc(F)ccc3O)C4)CC2)C(C)(C)C)cc1,Inactive
COc1cc2ncnc3c2cc1OCCOCCOc1ccccc1N3,Inactive
CCOC(=O)CCCn1c(=O)oc2cc3ncnc(N[C@@H](C)c4ccccc4)c3cc21,Inactive
COCCn1c(=O)oc2cc3ncnc(Nc4ccc(Cl)cc4)c3cc21,Inactive
CN(C)CCCNc1cc2ncnc(Nc3cccc(Br)c3)c2cn1,Active
COc1cc2ncnc(Nc3ccc(F)c(Cl)c3)c2cc1CN(C)[C@@H](C)C(N)=O,Active
OC[C@@H](Nc1ncnc2sc3c(c12)CCC3)c1ccccc1,Inactive
Cc1c(-c2ccc(N3CCOCC3)cc2)cc(C(F)F)c2cn(C(C(=O)Nc3nccs3)c3ncn4c3C[C@@H](F)C4)nc12,Active
Brc1cccc(Nc2ncnc3cc4c(ccn4CCN4CCOCC4)cc23)c1,Active
C=C(Cl)C(=O)Nc1cc(Nc2nc3c(c(-c4cn(C)c5ccccc45)n2)CS(=O)(=O)CC3)c(OC)cc1N(C)CCN(C)C,Active
NS(=O)(=O)CCNCc1ccc(-c2ccc3ncnc(Nc4ccc(OCc5cccc(F)c5)c(Cl)c4)c3c2)o1,Active
CCOc1cc2ncnc(Nc3cccc(-c4cncs4)c3)c2cc1OCC,Active
Cc1cccc(Nc2nc(Nc3cccc(NC(=O)/C=C/CN4CCOCC4)c3)ncc2F)c1,Active
CC(C)(C)CNc1c(C#N)cnc2c(C#N)cc(N[C@H](C3=CN(C4(C(F)(F)F)CC4)NN3)c3cccc4c(C#N)nccc34)cc12,Active
COc1cc2ncnc(N3CCN(C(=O)Nc4ccc(Br)cc4)CC3)c2cc1OC,Inactive
COc1cc(Nc2ncnc3ccc4c(c23)OCCN4C(=O)/C=C/CN(C)C)ccc1OCc1cccc(F)c1,Active
CN(C)CCn1cnc2c(Cl)c3c(Nc4cccc(Br)c4)ncnc3cc21,Active
COc1cc2c(Nc3ccc(Cl)c(Cl)c3)ncnc2cc1OC1CC2CCC(C1)N2C,Active
CCOC(=O)CCCn1c(=O)oc2cc3ncnc(Nc4ccc(OCC)cc4)c3cc21,Inactive
C=CC(=O)Nc1cccc(Oc2nc(Nc3cc(C)[nH]n3)cc(N3CCN(C)CC3)n2)c1,Inactive
CN(C)CC(CNNC(N)=O)C(=O)c1ccc(OCc2ccccc2)cc1.Cl,Inactive
Cc1[nH]c(/C=C2/C(=O)Nc3ccc(S(=O)(=O)N(C)c4cccc(Cl)c4)cc32)c(C)c1C(=O)N1CCN(C)CC1,Inactive
CCOc1cc2ncc(C#N)c(Nc3ccc(OCc4ccccc4)c(Cl)c3)c2cc1NC(=O)/C=C/CN(C)CCO,Active
C=CC(=O)Nc1cccc(-c2cccc3cnc(Nc4ccc(N5CCN(C)CC5)cc4)nc23)c1C#N,Active
C=Cc1ccnc(Oc2cc3c(Nc4cccc(Cl)c4F)ncnc3cc2OC)c1,Active
CN1CCN(Cc2ccc(C(=O)N[C@@H]3[C@H]4Oc5ccc(Oc6ccnc7c6CCC(=O)N7)cc5[C@@H]34)cc2)CC1,Active
C=CC(=O)Nc1cccc(-c2c(-c3ccccc3OC)oc3ncnc(N[C@H](CO)c4ccccc4)c23)c1,Active
CN(C/C=C/C(=O)N1CCc2c(sc3ncnc(Nc4cc(O)c(Cl)c(Cl)c4)c23)C1)C(C)(C)C,Active
C=CC(=O)Nc1cccc(Nc2nc(Nc3ccc4c(c3)N(S(C)(=O)=O)CCO4)ncc2F)c1,Active
C=C(CN(C)C)C(=O)N1CC(Oc2cc3c(Nc4ccc(F)c(Cl)c4F)ncnc3cc2OC)C1,Active
COc1cc2ncnc(Nc3ccc(F)c(Cl)c3)c2cc1OCCCN1CCC2(COC2)C1,Active
Nc1nc(Nc2cccc(Br)c2)c2ccn(Cc3ccc(Cl)c(Cl)c3)c2n1,Inactive
COc1cc2cc(-c3ccc(N(C)C)cc3)cnc2cc1OC,Inactive
O=C(CCCCCn1cc(-c2ccc3ncnc(Nc4ccc(OCc5nccs5)c(Cl)c4)c3c2)nn1)NO,Active
CN(C(=O)N(CCCl)N=O)c1ccc2ncnc(Nc3cccc(Br)c3)c2c1,Active
C=CC(=O)Nc1cccc(N(C(=O)C=C)c2nc(Nc3ccc(OC)nc3)ncc2C#N)c1,Active
Cc1nnc(-c2ccc(-c3cc(NC(=O)c4ccc(CN5CCN(C)CC5)cc4)ccc3C)c(C)c2)o1,Inactive
O=C(Nc1nccs1)C(c1ncn2c1CCC2)N1Cc2c(cc(C#Cc3ccc(CN4CCC(CO)CC4)cc3)cc2C(F)(F)F)C1=O,Active
COc1cc2c(Nc3ccc(Br)cc3F)ncnc2cc1OCCOCCOCCNC(=O)Cn1cnc([N+](=O)[O-])n1,Active
C=CC(=O)N1CCC(Oc2cc3c(Nc4cccc(-c5cnco5)c4)c(C#N)cnc3cc2OC)CC1,Inactive
COc1cccc(F)c1C(=O)NCc1ccc(-c2nn(C3CCCC3)c3ncnc(N)c23)cc1,Inactive
O=S(=O)(CCNCc1ccc(-c2ccc3ncnc(Nc4ccc(OCc5cccc(F)c5)c(Cl)c4)c3c2)o1)c1ccccc1,Active
COc1cc2c(cc1OC)Sc1nc(C)nc(Nc3ccc4c[nH]nc4c3)c1NC2,Inactive
COc1cc2c(Nc3ccc(Br)cc3F)ncnc2cc1OCC1CN(C)CCO1,Active
Cc1cnc(Nc2ccc(N3CCN(C)CC3)cc2)nc1Nc1ccc2[nH]ccc2c1,Active
CCCN1CCN(c2ccc(Nc3nccc(-c4c(-c5ccc(OCC)c(C(=O)Nc6c(F)cccc6F)c5)nc5ccccn45)n3)c(OCC)c2)CC1,Inactive
CC(C)(C)N1CCC(N2C=C([C@@H](Nc3cc(Cl)c4ncc(C#N)c(Nc5ccc(F)c(Cl)c5)c4c3)c3cnc(Cl)cc3Cl)NN2)CC1,Active
COc1cc([C@H]2CC[C@H](N3CCN(CCS(C)(=O)=O)CC3)CC2)ccc1Nc1nccc(-c2c(-c3cccc(C(=O)Nc4c(F)cccc4F)c3)nc3ccccn23)n1,Active
CCn1c2ccccc2c2cc(Nc3ncnc4ccc(N)cc34)ccc21,Inactive
CC(C)n1c(Nc2ccccc2)nc2cnc(Nc3ccc(C(=O)NC4CCN(C)CC4)cc3)nc21,Active
COc1cc(N2CCN(C(C)=O)CC2)ccc1Nc1ncc(Cl)c(Nc2cccc(NC(=O)CCl)c2)n1,Active
Cc1[nH]c2ncnc(Nc3cccc(C(F)(F)F)c3)c2c1C,Inactive
COc1ccc(C2=NN(c3nc(-c4ccccc4)cs3)C(c3ccc(O)cc3)C2)cc1,Inactive
CN1Cc2c(cccc2[C@H](Nc2cc(Cl)c3ncc(C#N)c(NCC(C)(C)C)c3c2)C2=CN(C3(C(F)F)CC3)NN2)C1=O,Active
Cn1ccc2ncnc(Oc3ccc(NC(=O)Nc4cccc(C(F)(F)F)c4)c(F)c3)c21,Inactive
C=CC(=O)Nc1cc(Nc2ncc(NC(=O)CC)c(-c3nn(C)c4ccccc34)n2)c(OC)cc1N(C)CCN(C)C,Active
O=C1Nc2ccc(Br)cc2/C1=C/c1cc2c([nH]1)CCCC2,Inactive
COc1cc2ncnc(N(C)c3ccc(F)c(Cl)c3)c2cc1OC,Inactive
CCC(=O)Nc1ccc(OC)c(Nc2cc(-c3[nH]c(SC)nc3-c3ccc(F)cc3)ccn2)c1,Active
COc1cc2ncnc(Nc3ccc(-c4nc5ccccc5s4)c(F)c3)c2cc1OCCCN1CCN(C)CC1,Inactive
C=CC(=O)Nc1cc2c(Nc3ccc(Br)cc3F)ncnc2cc1OCCNC(=O)CN1CCCC1,Active
O=C(NNC(=O)c1ncc(Cc2ccsc2)s1)Nc1ccccc1,Inactive
Cc1cc(-c2nn(C(C)C)c3ncnc(N)c23)sc1C=O,Inactive
COc1cc2c(Nc3ccc(Oc4ccc(C#N)cc4)cc3)ncnc2cc1OCC1CCN(C)CC1,Inactive
CC(C)N1CCN(c2ccc3c(c2)[nH]/c(=N\C(=O)c2ccnc(-c4cccnc4)c2)n3CC(C)(C)O)CC1,Inactive
CCOc1cc2ncc(C#N)c(Nc3ccc(OCc4ccccc4)c(Cl)c3)c2cc1NC(=O)/C=C/CN1C(C)CCCC1C,Active
CN(Cc1ccccc1)c1ncnc2[nH]c(-c3ccc(F)c(CO)c3)cc12,Active
S=C(Nc1cncc(Cl)c1)Nc1ccc2ncnc(Nc3cccc(Cl)c3)c2c1,Active
CC(C)(C)ONc1c(C#N)cnc2c(C#N)cc(N[C@H](C3=CN(C4CC4)NN3)c3cccc4ncsc34)cc12,Active
CCC(=O)Nc1cccc(-n2c(=O)cnc3cnc(Nc4ccc(OC)cc4)nc32)c1,Inactive
C[C@@H](Nc1ncnc2[nH]c(-c3ccc(NC(=O)CCCC(=O)NO)cc3)cc12)c1ccccc1,Active
C=CC(=O)Nc1cc(Nc2ncc(Cl)c(-c3ccn(C)c3)n2)c(OC)cc1N(C)CCN(C)C,Active
O=C(/C=C/CN1CCC1CO)Nc1cc2c(Nc3ccc(F)c(Cl)c3)ncnc2cc1OCC1CC1,Active
CCCCN(Cc1cccc(Br)c1O)C(=O)Nc1ccccc1,Inactive
COc1ccc(Nc2nc(C)nc3c(Cc4ccccc4)cn(C)c23)cc1.Cl,Active
COc1cc2c(Nc3ccc(Br)c(Cl)c3Cl)ncnc2cc1OCC1CN(C)CCO1,Active
Cc1nc(F)ccc1[C@H](Nc1cc(Cl)c2ncc(C#N)c(NCC(C)(C)C)c2c1)C1=C(C#N)N(C2CC2)NN1,Active
Cn1c(=O)c(-c2c(Cl)cccc2Cl)cc2cnc(Nc3ccc(CC(=O)O)cc3)nc21,Active
CCc1ccc(C(C)NC(=O)c2cccc(C(F)(F)F)c2)cc1-c1ccc2nc(Nc3cnn(C)c3)ncc2c1,Inactive
COC(=O)CCCC1C(S)=Nc2ccccc21,Inactive
COCOc1cc(-c2ccccc2)ccc1-c1ccc(C(=O)OCC(C)CC(C)(C)C)cc1,Inactive
Cc1cc(C(=O)Nc2nc3cccc(C)c3n2[C@@H]2CCCCN(C(=O)/C=C/CN(C)C)C2)ccn1,Active
C=CC(=O)Nc1cccc(Nc2nc(Nc3ccc(CN4CCOCC4)cc3OC)ncc2Cl)c1,Active
CC(C)n1nc(-c2ccc(CC#N)cc2)c2c(N)ncnc21,Inactive
Nc1cc2ncnc(NCc3ccc(C(F)(F)F)cc3)c2cn1,Inactive
COc1cc2ncnc(Nc3ccc(F)c(Cl)c3)c2cc1OC(=O)N1CCN(Cc2ccc(-c3cccc(-c4ccccc4)c3C)nc2OC)CC1,Inactive
O=C(NS(=O)(=O)c1ccccc1)c1cccnc1,Inactive
COc1cc(NS(C)(=O)=O)ccc1-c1cc2c(N[C@H](C)c3ccccc3)ncnc2[nH]1,Active
O=C(/C=C/CN1CCOCC1)Nc1cc2c(Nc3ccc(F)c(Cl)c3)ncnc2s1,Active
C=CC(=O)Nc1cccc(Nc2nc(Nc3ccc(C4CCN(S(C)(=O)=O)CC4)cc3OC)ncc2C(F)(F)F)c1,Inactive
COc1cc2c(Nc3ccc(Cl)c(Cl)c3)ncnc2cc1OCCN1CCCCC1,Active
Cc1ncccc1[C@H](Nc1cc(Cl)c2ncc(C#N)c(Nc3cccc(Cl)c3)c2c1)C1=CNNN1,Active
COc1ccc([C@H](Nc2cc(Cl)c3ncc(C#N)c(NCC(C)(C)C)c3c2)C2=CN(C3(C(F)(F)F)CC3)NN2)cn1,Active
C=CC(=O)Nc1cc2c(Nc3cccc(Br)c3)ncnc2cc1N1CCN(C)CC1,Inactive
Cl.c1ccc(-c2cccc(Nc3ncnc4cc5c(cc34)OCCO5)c2)nc1,Inactive
Cc1[nH]c(/C=C2\C(=O)Nc3ccccc32)c(C)c1CCCN1CCN(C)CC1,Inactive
O=C1CSC(N/N=C/c2cc(Cl)cc(Cl)c2O)=N1,Inactive
C=CC(=O)Nc1ccccc1Nc1nc(Nc2ccc(OCCCN3CCOCC3)cc2)ncc1Cl,Active
COC(=O)Nc1cc(Nc2ncnc3cc(OC)c(OC)cc23)ccc1C,Inactive
C=C=CC(=O)Nc1cc(Nc2nccc(-c3c[nH]c4ccccc34)n2)c(OC)cc1N(C)CCN(C)C,Active
COc1cc(O)c(C(=O)Nc2ccc(F)c(Cl)c2)cc1NC(=O)CCCCCC(=O)NO,Inactive
C=CC(=O)N1CCCC(Nc2nc(Nc3cc(C)ns3)c3c(c2F)CNC3=O)C1,Inactive
COc1cc(C=C(C#N)C#N)cc(O)c1O,Inactive
CCN1C(=O)CS/C1=N/Nc1nncc2ccccc12,Active
COCC(=O)NC/C=C/c1ccc2ncc(C#N)c(Nc3ccc(Oc4cc5nncn5cn4)c(C)c3)c2c1,Inactive
FC(F)(F)c1ccc(/C=N/Nc2nc(-c3ccc(Cl)cc3Cl)cs2)cc1,Inactive
CCCC(=O)Nc1cc2c(Oc3ccc(NC(=O)c4sc(-c5ccccc5)nc4C)cc3F)cccc2cc1OC,Inactive
COc1nc(NCCN2CCOCC2)nc(Nc2ccc(Cl)cc2)n1,Inactive
CC(C)N(C)CC#CC(=O)Nc1ccc2ncnc(Nc3cccc(Br)c3)c2c1,Active
NC(=S)N/N=C(/C=C/c1ccccc1)c1ccc(Br)cc1,Inactive
CCOc1ccc2cc(-c3nn(C(C)C)c4ncnc(N)c34)ccc2c1.Cl,Active
C=CC(=O)N1CC[C@H](n2cc(-c3ccncc3)c(-c3cccc(NC(=O)c4cn(C5CC5)cn4)c3)n2)C1,Inactive
C=CC(=O)Nc1cc(Nc2nccc(-n3cc(C)c4ccccc43)n2)c(OC)cc1N(C)CCN(C)C,Active
C=CC(=O)N(c1ccc(F)c(C)c1)c1ncnc2cc(OC)c(OCCCN3CCOCC3)cc12,Active
Brc1cccc(Nc2ncnc3cc4[nH]cnc4cc23)c1,Active
C=CC(=O)Nc1cc(Nc2ncc(C(F)(F)F)c(-c3cnc4c(ccn4C)c3)n2)c(OC)cc1N(C)CCN(C)C,Active
O=[N+]([O-])c1cccc2c(NCc3ccccc3)ncnc12,Inactive
COc1cc2ncc(C(=O)O)c(Nc3ccc(F)c(Cl)c3)c2cc1OC,Inactive
Nc1nc(N)c2c(n1)[nH]c1cccc(Sc3ccccc3)c12,Inactive
COc1ccc(C(=O)N[C@@H]2CCCN(c3cnc(C(N)=O)c(Nc4ccc(C5CCN(C(C)=O)CC5)cc4)n3)C2)cc1,Inactive
C=CC(=O)Nc1ccc2ncnc(NC3CCCCC3)c2c1,Inactive
C=CC(=O)N1CC[C@H](N2C(=O)N(C)Cc3cnc(Nc4ccc(N5CCN(C)CC5)cc4OC)nc32)C1,Active
N#CC(C#N)=Cc1ccc(O)cc1,Inactive
CNC(=O)[C@@H](C)N(C)Cc1cc2c(Nc3cccc(Cl)c3F)ncnc2cc1OC,Active
Nc1nc(N)c2c(n1)[nH]c1cccc(Sc3cccc4ccccc34)c12,Inactive
COc1cccc(Nc2ncnc3ccncc23)c1N,Active
O=C(NCCN1CCOCC1)Nc1ccc2ncnc(Nc3ccc(OCc4cccc(F)c4)c(Cl)c3)c2c1,Active
O=C(CCC1C(S)=Nc2ccccc21)NCc1ccccc1,Inactive
COc1cc2c(cc1OC)Sc1ncnc(Nc3cccc(Br)c3)c1NC2,Inactive
COc1cc2c(N[C@H](C)c3ccc(F)cc3)nc(C)nc2cn1,Inactive
C=CC(=O)N1CCCC[C@H]1c1nc(-c2ccc(C(=O)Nc3cc(Cl)ccn3)cc2)c(C(N)=O)n1N,Active
N#Cc1c(Oc2ccc(F)c(NC(=O)Cc3cccc(C(F)(F)F)c3)c2)ccc2nc(NC(=O)C3CC3)sc12,Inactive
Cl.c1ccc(Nc2[nH]cnc3c4ccccc4nc2-3)cc1,Inactive
CN(C)C1CCN(c2ccc(Nc3nccc(-c4cn(C)c5ccccc45)n3)cc2NS(C)(=O)=O)CC1,Active
COc1cc2ncnc(Oc3cccc(NC(C)=O)c3)c2cc1OC,Inactive
C=CC(=O)N1CC[C@H](n2cc(-c3cc4cc(C)cc(OC)c4s3)c3c(N)ncnc32)C1,Inactive
C=CC(=O)Nc1cc2c(Nc3ccc(F)c(Cl)c3)ncnc2cc1OCCCN1CCOCC1,Active
CCS(=O)(=O)n1cc(-c2ccnc(Nc3cc(Cl)c4c(cnn4CCN4CCOCC4)c3)n2)c2ccccc21,Active
COc1cccc(-c2cn(-c3ccc(CCN(C)CCO)cc3)c3ncnc(N)c23)c1,Inactive
CC(C)N1C=C([C@@H](Nc2cc(Cl)c3ncc(C#N)c(NC(c4ccccc4)C(C)(C)O)c3c2)c2cccnc2)NN1,Inactive
N=C(N)SCCCn1c(=O)c2c(c1=O)n1c3ccccc3cc1c1cccc3ccn2c31,Inactive
O=C1NC(=O)c2c1c1c3cccc(O)c3[nH]c1c1c2c2cccc(O)c2n1C1OC(CO)C(O)C(O)C1O,Inactive
COc1ccccc1-c1cc2c(N[C@H](C)c3ccccc3)ncnc2o1,Active
CC(C)n1nc(N2CCN(CC3CCN(c4ccc5c(c4)C(=O)N(C4CCC(=O)NC4=O)C5=O)CC3)CC2)c2cnc(Nc3ccnc(-c4cnn(S(=O)(=O)C5CC5)c4)n3)cc21,Active
Cc1nc(F)ccc1[C@H](Nc1cc(C#N)c2ncc(C#N)c(NCC(C)(C)C)c2c1)C1=CN(Cc2c(F)cccc2F)NN1,Active
C=CC(=O)N1CCC[C@@H](Nc2nc(Nc3ccc(OCCCOC4(CC)OCC(C)(C)CO4)cc3)ncc2F)C1,Active
COc1ccccc1C(=O)NCc1ccc(-c2nn(C3CCCO3)c3ncnc(N)c23)cc1,Inactive
Cc1ncsc1-c1ccc(CNC(=O)[C@@H]2C[C@@H](O)CN2C(=O)C(C(C)C)N2Cc3ccccc3C2=O)c(OCCOCCOCCOCCOc2ccc(-c3nccc(Nc4cc5c(cn4)nc(C)n5C(C)C)n3)cc2)c1,Inactive
CN(C)/C=C/C(=O)Nc1cc2c(Nc3ccc(F)c(Cl)c3)ncnc2cc1O[C@H]1CCOC1,Active
Nc1ncnc2c1c(-c1ccc(F)c(O)c1)nn2C1CNC1,Inactive
C=CC(=O)Nc1cc2c(Nc3ccc(Br)cc3F)ncnc2cc1OCC(CC)NC(C)=O,Active
CCCOc1cc2c(NC(C)c3ccc(-c4ccccc4CN(C)C)s3)nc(C)nc2cn1,Inactive
C=CC(=O)N1CC[C@H](Nc2cncc(-c3cnc(Nc4cccc(Cl)c4)nc3)n2)C1,Active
NNC(=O)/C=C1/Nc2ccc(Br)cc2NC1=O,Active
C=CC(=O)Nc1cccc(Oc2nc(Nc3ccc(N4CCN(C(=O)CC)CC4)cc3OC)ncc2SC)c1,Active
C=CC(=O)Oc1cc2c(Nc3ccc(Cl)c(Cl)c3F)ncnc2cc1OC,Active
O=C(CCCCCn1cc(-c2ccc3ncnc(Nc4ccc(OCc5cccc(F)c5)c(Cl)c4)c3c2)nn1)NO,Active
C=CC(=O)Nc1cc2c(Nc3ccc(F)c(Cl)c3)c(C#N)cnc2cc1OCCCN1CCOCC1,Active
CNC(=N)SCCCn1c(=O)c2c(c1=O)n1c3ccccc3cc1c1cccc3ccn2c31,Inactive
CC(C)(C)CNc1c(C#N)cnc2c(Cl)cc(N[C@H](C3=CN(C4(C(F)F)CC4)NN3)c3cccn4nccc34)cc12,Active
COc1ccc(-c2cc3c(N[C@H](C)c4ccccc4F)ncnc3o2)cc1,Active
CCN(c1ccccc1)c1ncnc2cc(OC)c(OC)cc12.Cl,Inactive
Cc1[nH]c(/C=C2\C(=O)Nc3ccc(S(=O)(=O)Cc4c(Cl)cccc4Cl)cc32)c(C)c1C(=O)N1CCC[C@@H]1CN1CCCC1,Inactive
Nc1nc(Nc2ccc(Br)cc2)c2c(n1)-c1ccccc1C2,Inactive
O=C(O)/C=C/c1ccc(O)cc1,Inactive
Brc1cccc(Nc2ncnc3cnc(NCCc4c[nH]cn4)nc23)c1,Active
C=CC(=O)Nc1cccc(Nc2nc(Nc3cccc(OC(C)(C)CO)c3)ncc2F)c1,Active
COc1cc2c(Nc3cc(Cl)c(Br)cc3F)ncnc2cc1O[C@@H]1C[C@H]2OC[C@H](OC)[C@H]2O1,Active
C=CC(=O)Nc1cccc(Nc2nc(Nc3ccc(N4CCN(S(C)(=O)=O)CC4)cc3OC)ncc2C(F)(F)F)c1,Active
COC(=O)c1ccccc1NC(=O)c1c(SSc2c(C(=O)Nc3ccccc3C(=O)OC)c3ccccc3n2C)n(C)c2ccccc12,Inactive
CCS(=O)(=O)n1cc(-c2nc(Nc3cc(C)c(N4CCC(N5CCN(C)CC5)CC4)cc3OC)ncc2Cl)c2ccccc21,Active
CS(=O)(=O)c1cccc(Nc2nccc(Nc3c(Cl)ccc4c3OCO4)n2)c1,Inactive
NN1C(=O)c2c(c3c4cccc(O)c4n(C4OC(CO)C(O)C(O)C4O)c3c3[nH]c4c(O)cccc4c23)C1=O,Inactive
O=C(O)c1cc(-c2ccc(/C=N/Nc3nc4nonc4nc3Nc3ccccc3)o2)ccc1Cl,Inactive
O=C1CSC(NN=C2CCCC2)=N1,Inactive
COc1cc2ncnc(Nc3ccc(F)c(Cl)c3)c2cc1OCCCCCCNC(=O)C1CCCCN1Cc1ccc(OCc2cccc(-c3ccccc3)c2C)c(C)c1,Inactive
O=C(/C=C/c1ccccc1)N1CCc2c(sc3ncnc(N[C@H](CO)c4ccccc4)c23)C1,Inactive
N#Cc1cnc2cnc(NCc3cccnc3)cc2c1NC1CCCCC1,Inactive
C=CC(=O)Nc1cc2c(Nc3ccc(Br)cc3F)ncnc2cc1OCCNC(=O)CN,Active
C=CC(=O)Nc1cc(Nc2ncc3ccc(C4=CCCCC4)n3n2)c(OC)cc1N(C)CCN(C)C,Active
CNC1CCN(c2ccc(Nc3ncc(Cl)c(Nc4ccccc4NS(C)(=O)=O)n3)c(OC)c2)CC1,Active
COc1cc(N2CCN(CCN(C)C)C2=O)ccc1Nc1ncc(Cl)c(Nc2ccccc2S(=O)(=O)C(C)C)n1,Inactive
C#Cc1cccc(Nc2ncnc3cc(OCC)c(NC(=O)/C=C/CN(C)C4CC4)cc23)c1,Active
COc1ccc(C(=O)NC[C@@H](O)CO)cc1/C=C/c1ccc(Cl)cc1,Inactive
Cc1nc(F)ccc1[C@H](Nc1cc(Cl)c2ncc(C#N)c(NCC(C)(C)C)c2c1)C1=C(F)N(C2(C(F)F)CC2)NN1,Active
NC(=O)c1nnc(N2CCC[C@@H](NC(=O)c3ccc4ccccc4n3)C2)nc1Nc1ccc(C(=O)N2CCOCC2)cc1,Inactive
CN(C)C/C=C/C(=O)N1Cc2sc3ncnc(Nc4ccc(OCc5ccccn5)c(Cl)c4)c3c2C1,Active
C=CC(=O)N1C[C@@H](n2cc(-c3ccncc3)c(-c3cc(COc4ccc5c(c4)CN(C)C5=O)ccc3F)n2)C[C@H]1C,Inactive
COc1ccc(C)cc1C(=O)NCc1ccc(-c2nn(C3CCCC3)c3ncnc(N)c23)cc1F,Inactive
COc1ccccc1-c1cc2c(NCc3cccnc3)ncnc2s1,Active
CC(=O)c1ccc(-c2nn(C(C)C)c3ncnc(N)c23)cc1,Inactive
CC(=O)Oc1ccccc1C(=O)O,Inactive
Cc1ccccc1-c1nnc(Cc2nc3ccccc3[nH]2)o1,Inactive
CN1CCN(C2CCN(c3ccc(Nc4ncc(Cl)c(Nc5ccccc5P(C)(C)=O)n4)cc3C(F)F)CC2)CC1,Active
CC(=O)Nc1ccc(C#Cc2cncnc2Nc2ccc(OCc3cccc(F)c3)c(Cl)c2)cc1,Inactive
C[C@@H](Oc1cccc2ncnc(Nc3ccc4c(cnn4Cc4nccs4)c3)c12)C(=O)N1CCOCC1,Active
O=C1CSC(N/N=C/c2cc(F)ccc2O)=N1,Active
CCC(=O)N1CC[C@H](N2C(=O)N(c3cc(OC)ccc3F)Cc3cnc(Nc4ccc(N(C)CCN(C)C)c(C)c4)nc32)C1,Inactive
COc1cccc2ncnc(Nc3ccc(OCc4ccccn4)c(Cl)c3)c12,Active
O=C(/C=C/C(=O)NCCCN1CCOCC1)Cc1cc2c(Nc3cccc(Br)c3)ncnc2cn1,Active
CCCN(c1ccc(OC)cc1)c1ncnc2occ(C)c12,Active
O=S(=O)(O)CCNc1c(Br)cccc1Nc1ncnc2ccncc12,Active
COCCOc1cc2ncnc(Nc3ccc(F)c(Cl)c3)c2cc1NC(=O)/C=C/CN1C[C@@H]2OCCO[C@@H]2C1,Active
O=C(/C=C/CN1CCCC1)Nc1ccc2ncnc3c2c1CCN3c1ccc(OCc2ccccn2)c(Cl)c1,Active
C=CC(=O)Nc1cc(Nc2nccc(-c3c(-c4cncc(Cl)c4)n(C)c4ccccc34)n2)c(OC)cc1N(C)CCN(C)C,Active
C=CC(=O)N(CCCN1CCOCC1)c1ccc2ncnc(Nc3cccc(Br)c3)c2c1,Active
Cc1ncccc1[C@H](Nc1cc(Cl)c2ncc(C#N)c(N[C@H](C)c3ccccc3)c2c1)C1=CNNN1,Active
CC(C)(C)CNc1c(C#N)cnc2c(C#N)cc(N[C@H](C3=CN(C4(C5CC5)CC4)NN3)c3cccc4cnccc34)cc12,Active
CN1CCN(c2ccc(Nc3ncc(Br)c(Nc4ccc5nccnc5c4)n3)cc2)CC1,Active
COc1cc2c(Nc3ccc(Cl)c(Cl)c3)ncnc2cc1OCC1CCC1,Active
C=CC(=O)N1CCC[C@@H](n2nc(-c3ccc(Oc4ccc5c(c4)ncn5C)c(C)c3)c3c(CC)ncnc32)C1,Inactive
COc1cc(N2CCC3(CC2)CN(C)C3)c(C)cc1Nc1ncc(C2CC2)c(Nc2ccc3ccccc3c2P(C)(C)=O)n1,Active
COC1CCN(c2nccc(Nc3cc4c(cn3)nc(COCCOCCOCCOc3ccc5c(c3)C(=O)N(C3CCC(=O)NC3=O)C5=O)n4C(C)C)n2)CC1,Inactive
CC(=O)N1CCc2cc(Nc3nc(Nc4ccc(N5CCN(C)CC5)cc4)ncc3Br)ccc21,Inactive
C/C=C/C(=O)Nc1cccc(-c2c(-c3ccccc3)oc3ncnc(N[C@H](CO)c4ccccc4)c23)c1,Inactive
C=CC(=O)N1CC(Nc2nc(Nc3ccc(N4CCOCC4)c(Cl)c3)c3c(c2F)CNC3=O)CCC1C,Inactive
C=CC(=O)Nc1cccc(-c2c(-c3ccccc3)oc3ncnc(NCCC(=O)OCC)c23)c1,Active
CN1CCN(C2CCN(c3ccc(Nc4ncc(Cl)c(Nc5ccccc5P(C)(C)=O)n4)cc3C(F)(F)F)CC2)CC1,Active
COc1nccc2c([C@H](Nc3cc(Cl)c4ncc(C#N)c(NCC(C)(C)C)c4c3)C3=C(F)N(C4(C(F)(F)F)CC4)NN3)cccc12,Active
Nc1ncnc2c1c(-c1ccc(Cl)c(O)c1)nn2CC1CCCNC1,Inactive
O=C(CCCCC1CCSS1)Nc1ccc2ncnc(Nc3cccc(Br)c3)c2c1,Inactive
COc1cc2ncnc(Oc3cccc(NC(=O)Nc4ccccc4)c3)c2cc1OC,Inactive
Cc1cc(C(=O)N2CCOCC2)[nH]c1/C=C1\C(=O)Nc2ncnc(Nc3ccc4c(ccn4Cc4ccccc4)c3)c21,Active
CN1C(=S)C(C(=O)Nc2ccccc2)c2ccccc21,Inactive
N#Cc1ccc(N2CC[C@@H](Nc3c(C(N)=O)cnc4[nH]ccc34)[C@@H](F)C2)nc1,Inactive
CN(C)C/C=C/C(=O)Nc1ccc(-c2cncc(C#N)c2Nc2ccc(F)c(Cl)c2)cc1,Inactive
CCc1c(C(=O)NCCCn2ccnc2)cn2ncnc(Nc3ccc4c(cnn4Cc4ccccc4)c3)c12,Active
C=CC(=O)Nc1cc(-n2c(=O)cc(C)c3cnc(Nc4ccc(N5CCN(C)CC5)cc4OC)nc32)cc(C(F)(F)F)c1,Active
CCOc1ccc2sc(SCc3cc(/C=C(\C#N)C(N)=O)cc(OC)c3O)nc2c1,Inactive
C=CC(=O)N1CCC(Oc2cc3c(Nc4ccc(Cl)c(CO)c4)ncnc3cc2OC)CC1,Active
CCN(CC)CCn1c2ccc(OC)cc2c2c(Nc3cccc(Br)c3)ncnc21,Inactive
C=CC(=O)N1CCC(n2c(=O)cc(C)c3cnc(Nc4ccc(N5CCN(C)CC5)cc4OC)nc32)CC1,Inactive
CC(=O)N1CCC(c2ccc3c(c2)[nH]/c(=N\C(=O)c2ccnc(-c4cccnc4)c2)n3C2CCCC2)CC1,Inactive
Cc1nc(F)ccc1[C@H](Nc1cc(F)c2ncc(C#N)c(NCC(C)(C)C)c2c1)C1=CN(C2(C#N)CC2)NN1,Active
COc1cc(N2CCN(CC(N)=O)C2=O)ccc1Nc1ncc(Cl)c(Nc2ccccc2S(=O)(=O)C(C)C)n1,Inactive
C=CC(=O)N1CCC(Oc2nc(Nc3ccc(CN4CCC(CO)CC4)cc3)ncc2Cl)CC1,Active
C=CC(=O)Nc1cc(Nc2ncc(Cl)c(-c3cnn(C(F)F)c3)n2)c(OC)cc1N1CCC(N(C)C)CC1,Active
C#CC(=O)N1CCC(c2cnn3c(C(N)=O)c(-c4ccc(Oc5ccccc5OC)cc4)[nH]c23)C1,Active
CCOc1ccc2cc(-c3nn(CC4CCN(C)CC4)c4ncnc(N)c34)ccc2c1.Cl,Inactive
Cc1nc(F)ccc1[C@H](Nc1cc(Cl)c2ncc(C#N)c(NCC(C)(C)C)c2c1)C1=CN(C(C)(C)C)NN1,Active
CCOc1cc2ncnc(NC3=CC(=O)C(OCc4ccccc4)=CC3=O)c2cc1NC(=O)/C=C/CN(C)C,Active
C=CC(=O)Nc1cc(Nc2nccc(Nc3ccn(C)n3)n2)c(OC)cc1N(C)CCN(C)CC(=C)C,Inactive
C[C@@H](Nc1ncnc2[nH]c(-c3ccc(C(=O)NCCNCCCCCC(=O)NO)cc3)cc12)c1ccccc1,Active
CC(C)(C)c1ccc(C(=O)Nc2cn3cc(-n4ccnc4)ccc3n2)cc1,Inactive
C=CC(=O)N1CC(Nc2nc(Nc3ccc(N4CCOCC4)c(F)c3)c3c(c2F)CNC3=O)CCC1C,Inactive
Clc1cccc(Nc2ncnc3ccc(NCc4ccc5c(c4)OCCO5)cc23)c1,Active
COc1cc2nc(C(F)(F)F)nc(N[C@H](C)c3cccc4ccccc34)c2cc1OC,Inactive
CCc1cc(Nc2nccc(-c3c(-c4ccc(OC)c(C(=O)Nc5c(F)cccc5F)c4)nc4ccccn34)n2)c(OC)cc1N1CCC(N2CCN(S(C)(=O)=O)CC2)CC1,Inactive
Clc1ccc(Nc2nnc(Cc3ccncc3)c3ccccc23)cc1.O=C(O)CCC(=O)O,Inactive
COc1ccccc1-c1cc2c(N[C@H](C)c3ccc(F)cc3)ncnc2s1,Active
CCOc1cc2ncc(C#N)c(Nc3ccc(OCc4ccccc4)c(Cl)c3)c2cc1NC(=O)/C=C/CN1CCOCCOCCOCC1,Active
COc1cc(OC2CCN(C)CC2(F)F)c2c(Nc3ccc(Oc4ccn5ncnc5c4)c(C)c3)ncnc2c1,Inactive
O=C(Nc1ccccc1)N(Cc1ccc(O)cc1)Cc1cc(Cl)cc(Cl)c1O,Inactive
C=CC(=O)N1CCC(Cn2nc(C(=O)Nc3nc4cc(Cl)ccc4o3)c3c(N)ncnc32)CC1,Active
C=CC(=O)Nc1cccc(Nc2nc(Nc3cccc(OC)c3OC)ncc2Cl)c1,Active
COCCn1c(=O)oc2cc3ncnc(Nc4cccc(C(C)=O)c4)c3cc21,Active
C=CC(=O)Nc1cc2c(Nc3ccc(Br)cc3F)ncnc2cc1OC1CCN(C(C)=O)C1,Active
C=CC(=O)N1CCC[C@@H](n2nc(-c3ccc(Oc4cccc(OC)c4F)cc3)c3cncc(OC)c32)C1,Active
CN(C)C/C=C/C(=O)Nc1ccc2ncnc3c2c1C=CN3c1ccc(F)c(Cl)c1,Active
CC[C@H](C)Nc1cc(Nc2ccnc(-c3cnn(S(=O)(=O)C4CC4)c3)n2)ncc1C(=O)NC,Active
CN(C)CCn1ccc2cc(Nc3ncc([N+](=O)[O-])c(-c4cn(C)c5ccccc45)n3)ccc21,Active
CCc1c(CC(N)=O)cn2ncnc(Nc3ccc4c(cnn4Cc4ccccc4)c3)c12,Inactive
N#C/C(=C\c1cc(O)c(O)c([N+](=O)[O-])c1)C(=O)NCCCNC(=O)/C(C#N)=C/c1cc(O)c(O)c([N+](=O)[O-])c1,Inactive
NCc1ccc(-c2cc3ncnc(Nc4ccc5[nH]ccc5c4)c3s2)cc1,Active
CCC(=O)N1CC[C@H](n2nc(C#Cc3cc(OC)cc(OC)c3)c3c(N)ncnc32)C1,Inactive
C=CC(=O)N[C@@H]1CN(c2nc(Nc3cn(C)nc3OC)c3ncn(CC)c3n2)C[C@H]1F,Active
N#Cc1cnc2ccc(NC(=O)C#CCN(C3CC3)C3CC3)cc2c1Nc1cccc(Br)c1,Active
Nc1ccc(-c2cc(=O)c3cc(N)cc(N)c3o2)cc1,Inactive
Cn1cc(-c2ccnc(Nc3ccc(C(=O)NCCCCCCC(=O)NO)cc3)n2)c2ccccc21,Inactive
O=C(/C=C\Cl)Cc1cc2c(Nc3cccc(Br)c3)ncnc2cn1,Active
C=CC(=O)N1CCCC(Nc2nc(Nc3ccc(N4CCN(C5COC5)CC4C)cn3)c3c(c2F)CNC3=O)C1,Inactive
CCOc1ccc(-c2nc3ccccn3c2-c2ccnc(Nc3cc(CC)c(N4CCN(CCS(C)(=O)=O)CC4)cc3OC)n2)cc1C(=O)Nc1c(F)cccc1F,Inactive
C=CC(=O)Nc1ccc2ncnc(Nc3ccc(Br)c(OC)c3)c2c1,Inactive
Cc1ncnc(Nc2ccc(OCc3cccc(F)c3)c(Cl)c2)c1/C=C(\F)C(=O)NCCS(C)(=O)=O,Active
CCC(=O)Nc1ccc(Oc2nc(Nc3cc(C)[nH]n3)cc(N3CCN(C)CC3)n2)cc1,Inactive
C=CC(=O)Nc1cccc(NC(=O)Nc2ccnc(Nc3ccc(N4CCN(C)CC4)cc3)n2)c1,Inactive
C#CC(=O)N1CCC(c2cnn3c(C(N)=O)c(-c4ccc(Oc5ccc(F)cc5F)cc4)[nH]c23)CC1,Active
COC(=O)N1CCN2c3cc4c(N[C@H](C)c5cccc(C(F)F)c5F)nnc(C)c4cc3OC[C@H]2C1,Inactive
Nc1nc(Nc2cccc(F)c2)c2c(n1)-c1ccccc1C2,Inactive
C=CC(=O)Nc1ccc(C)c(Nc2ncc(C)c(Nc3cccc(Br)c3)n2)c1,Inactive
CN(C)CCOc1cc2c(Nc3cccc(Br)c3)c(C#N)cnc2cn1,Inactive
Nc1ncnc2c1c(-c1ccccc1)cn2-c1cccc(CO)c1,Inactive
O=C(COc1ccc2ncnc(Nc3ccc(F)c(Cl)c3)c2c1)NO,Active
CCc1cc(Nc2ncc(Br)c(Nc3ccc4nccnc4c3P(C)(C)=O)n2)c(OC)cc1N1CCC(N2CCCN(C)CC2)CC1,Inactive
COc1cc(N2CCC(N3CCC(CCS(C)(=O)=O)CC3)CC2)ccc1Nc1nccc(-c2c(-c3ccc(OC)c(C(=O)Nc4c(F)cccc4F)c3)nc3ccccn23)n1,Inactive
COc1cc(N2CCN(C)CC2)ccc1Nc1ncc(Cl)c(Oc2cccc(NC(=O)/C(C#N)=C/c3ccc([N+](=O)[O-])cc3)c2)n1,Inactive
C[C@@H](Nc1ncnc2[nH]c(-c3ccc(CN4CCN(CCCCCCC(=O)NO)CC4)cc3)cc12)c1ccccc1,Active
CS(=O)(=O)Nc1cc(-c2ccc3ncnc(Nc4ccc(F)c(Cl)c4)c3c2)cnc1Cl,Active
CCCCCCCCCCCCCCCCNC(=O)COc1cc(O)c2c(=O)cc(-c3ccccc3)oc2c1,Active
COc1cccc(-c2cn(-c3ccc(CNCCO)cc3)c3ncnc(N)c23)c1,Inactive
Cn1c(SSc2c(C(=O)Nc3cccc(C(=O)O)c3)c3ccccc3n2C)c(C(=O)Nc2cccc(C(=O)O)c2)c2ccccc21,Inactive
N#Cc1cnc2c(Cl)cc(N[C@H](C3=CN(CCN4CCCCC4)NN3)c3cccnc3)cc2c1Nc1ccc(F)c(Cl)c1,Active
CC(Nc1c(C#N)cnc2ccc(-c3cnc(N)nc3)cc12)c1ccccc1,Active
O=C(/C=C/c1cccnc1)Nc1ccc2ncnc(Nc3cccc(Cl)c3)c2c1,Inactive
O=C1Nc2ccc(Br)cc2/C1=C/c1ccc(N2CCOCC2)cc1,Inactive
C=CC(=O)N1CCC(Oc2nc(Nc3ccc(N4CCOCC4)cc3OC)nc3ccsc23)CC1,Active
O=C(Nc1ccccc1)NN1C(=O)c2c(c3c4cccc(O)c4n(C4OC(CO)C(O)C(O)C4O)c3c3[nH]c4c(O)cccc4c23)C1=O,Inactive
COc1cc(Nc2ncnc3cc(-c4cccs4)sc23)cc(OC)c1OC,Active
Cc1ncsc1-c1ccc(CNC(=O)[C@@H]2C[C@@H](O)CN2C(=O)[C@@H](NC(=O)COCCN2CCN(Cc3ccc(-c4cc5c(NCc6ccccc6Cl)ncnc5[nH]4)cc3)CC2)C(C)(C)C)cc1,Inactive
COc1cc(/C=C(\C#N)C(=O)c2ccc(O)c(O)c2)cc(CSCc2ccccc2)c1O,Inactive
Cc1nc(F)ccc1[C@H](Nc1cc(Cl)c2ncc(C#N)c(Nc3cnc(F)c(F)c3)c2c1)C1=CN(C2(C(F)F)CC2)NN1,Active
C[C@@H]1[C@H](NC(=O)N(C)C)CCCN1c1cnc(C(N)=O)c(Nc2ccc(C3(C#N)CC3)cc2)n1,Active
C/C=C/c1cc(Oc2cc3c(Nc4cccc(Cl)c4F)ncnc3cc2OC)ccn1,Active
C=CC(=O)Nc1cc(Nc2ncc(Br)c(Nc3ccc4cc[nH]c4c3)n2)ccc1N1CCN(C)CC1,Active
CNc1ncc2cc(-c3c(Cl)cccc3Cl)c(=O)n(C)c2n1,Inactive
CNc1cncc(-c2c[nH]c3nc(Nc4ccc(N5CCN(C(C)=O)CC5)cc4)nc(Oc4ccccc4)c23)n1,Inactive
CC(C)N1C=C([C@@H](Nc2cc(Cl)c3ncc(C#N)c(Nc4ccc(F)c(Cl)c4)c3c2)c2csc3c2CCNC3)NN1,Active
C=CC(=O)Nc1cccc(Nc2nc(Nc3cccc(OCC(=O)N4CCOCC4)c3)ncc2F)c1,Active
CCN1CCN(c2ccc(-c3cc(F)c4cn(C(C(=O)Nc5nccs5)c5ncn6c5CCC6)nc4c3)cc2)CC1,Active
COc1ccc(-c2c3c4cc(O)c(OC)cc4oc(=O)c3n3ccc4cc(O)c(OC)cc4c23)cc1O,Active
COc1cc(/C=C2\CCC/C(=C\c3ccc(F)cc3)C2=O)cc(OC)c1,Inactive
CC(C)(C)c1cc(C=C(C#N)C#N)cc(C(C)(C)C)c1O,Inactive
O=c1c2c(-c3ccccc3)c3c(nc2nc2[nH]nc(S)n12)-c1ccccc1CC3,Inactive
CC1(CNc2ncnc3ccc(NC(c4ccc(F)cc4)c4cn(C5CC5)nn4)cc23)CCOCC1,Active
CN1CCN(c2ccc(-c3ccc4c(c3)C(=O)N(C(C(=O)Nc3nccs3)c3cccc(F)c3)C4)cc2)CC1,Active
Cc1cc(Nc2cc(N3CCN(C)CC3)nc(Oc3ccc(NC(=O)/C=C/C(F)(F)F)cc3)n2)n[nH]1,Inactive
COc1cc2ncnc(Oc3ccc(NC(=O)Nc4ccc(C)cc4)cc3)c2cc1OC,Inactive
COc1cc2c(cc1OC)Nc1ncnc(NCc3ccccc3)c1NC2,Active
O=C(O)CCc1c(/C=C2\C(=O)Nc3ccc(C(=O)O)cc32)[nH]c2c1CCCC2,Inactive
Fc1cccc(Cn2ncc3cc(Nc4ncnn5ccc(COC[C@@H]6CNCCO6)c45)ccc32)c1,Active
COc1cc2ncc(C#N)c(Nc3cccc(C#N)c3)c2cc1OC,Inactive
Cc1nc(NC(C)c2ccc(-c3ccccc3CN(C)C)s2)c2cc(N3CC(NC(=O)CN4CCOCC4)C3)ncc2n1,Inactive
C=CC(=O)Nc1cccc(-n2c(=O)c(C3CCCCC3)nc3cnc(Nc4cccc(OCC(N)=O)c4)nc32)c1,Active
Cc1ccc([C@H](Nc2cc(Cl)c3ncc(C#N)c(Nc4ccc(F)c(Cl)c4)c3c2)C2=CN(C3CCN(C(C)(C)C)CC3)NN2)cn1,Active
C=CC(=O)N1CCOc2c1ccc1ncnc(Oc3ccc(OCc4cccc(F)c4)cc3)c21,Active
CN(C)CCC(=O)c1ccc(OCc2ccccc2)cc1.Cl,Inactive
Clc1ccc2c(c1)SCc1cnc(Nc3ccccc3)nc1-2,Inactive
CN(C)CCCOC(=O)/C=C/C(=O)Cc1ccc2ncnc(Nc3cccc(Br)c3)c2c1,Active
CN/N=C/c1c(N)ncnc1Nc1ccc2c(cnn2Cc2cccc(F)c2)c1,Active
COc1ccc(F)cc1-c1cc(C(=O)/N=c2\[nH]c3ccccc3n2[C@H]2CC[C@@H](O)CC2)ccn1,Active
CO/N=C/c1c(N)ncnc1Nc1ccc2c(c1)CCN2Cc1cccc(F)c1,Active
Cc1ccc(C(=O)Nc2ccc(CN3CCN(C)CC3)c(C(F)(F)F)c2)cc1NC(=O)c1cnc2[nH]ccc2c1,Active
COc1cc2ncnc(Nc3ccc(-c4nc5ccccc5s4)cc3C)c2cc1OCCCN1CCN(C)CC1,Inactive
COc1cc2c(Nc3ccc(-c4nc5cc(Cl)ccc5s4)cc3)ncnc2cc1OCCCN1CCN(C)CC1,Inactive
COCC1CN(C2CCN(c3cc(OC)c(Nc4ncc(Br)c(Nc5ccc6nccnc6c5P(C)(C)=O)n4)cc3C)CC2)C1,Active
CN1CCN(CC(=O)Nc2cc3c(Nc4ccc(F)c(Cl)c4)ncnc3s2)CC1,Inactive
CCOC(C)=O.CN(C)CCNc1[nH]cnc2nc3ccccc3c1-2,Inactive
C=CC(=O)N1CC(Oc2cc3c(Nc4ccc(Cl)c(C5CC5)c4)ncnc3cn2)C1,Inactive
CC(=O)N1CCC(c2ccc(Nc3nc(N4CCC[C@@H](NC(=O)N5CCCCC5)C4)nnc3C(N)=O)cc2)CC1,Inactive
C=CC(=O)Nc1cc2c(Nc3ccc(Br)cc3F)ncnc2cc1OCCCNC,Active
N=c1oc2ccccc2cc1C(=O)N/N=C1\C(=O)Nc2ccc(S(=O)(=O)N3CCOCC3)cc21,Active
Cc1[nH]c2ncnc(Nc3cccc(C(=O)O)c3)c2c1C,Inactive
CCn1cnc2c(Nc3cccc(Cl)c3)nc(N[C@H]3CCC[C@@H](N)C3)nc21,Inactive
NC(=S)NNc1nncc2ccccc12,Active
Nc1ccc2c(c1)N(Cc1ccccc1)C(=O)c1cc(-c3ccc4[nH]ccc4c3)ccc1N2,Inactive
Cc1ncccc1[C@H](Nc1cc(Cl)c2ncc(C#N)c(Nc3ccc(F)c(Cl)c3)c2c1)C1=CN(COC(=O)C(C)(C)C)NN1,Active
COc1cc(NC(=O)Nc2ccccn2)cc(-c2cccnc2)c1OC,Active
COc1cc2cc(CCC3CCCCC3)cnc2cc1OC,Inactive
O=C(Nc1ccccc1)N(Cc1ccc(F)cc1)Cc1cccc(Br)c1O,Inactive
C=CC(=O)N1CCc2c(sc3ncnc(Nc4ccc(Br)cc4F)c23)C1,Inactive
COc1cc(Cn2ccc3c(Nc4cccc(Br)c4)nc(N)nc32)cc(OC)c1OC,Inactive
COc1cc(N2CCN(C)CC2)ccc1Nc1ncc(Cl)c(Oc2cccc(NC(=O)/C(C#N)=C/c3ccco3)c2)n1,Inactive
COc1cc2ncnc(NCc3ccccc3)c2cc1OC,Active
COc1cc2ncnc(C#Cc3ccccc3-c3ccccc3)c2cc1OC,Active
CCc1cc(N2CCOCC2)c2cc1Nc1ncc(Cl)c(n1)-c1cn(S(=O)(=O)CC)c3cc(ccc13)OCCCCCCO2,Active
C=CC(=O)N1CCC(Oc2cc3c(Nc4cccc(CO)c4)c(C#N)cnc3cc2OC)CC1,Inactive
C=CC(=O)N1CCCC(Nc2nc(Nc3ccc(C(=O)N4CCOCC4)cc3)c3c(c2F)CNC3=O)C1,Inactive
COc1ccc(CC(CO)n2cc(-c3cccc(O)c3)c3c(N)ncnc32)cc1,Inactive
N#CC(C#N)=C(O)c1cc(O)c(O)c(O)c1,Inactive
C=CC(=O)Nc1ccc(OC)c(Nc2ncc(C#N)c(-c3cn(C)c4cc(OCCC5CCCN5C)ccc34)n2)c1,Active
COc1cccc2c1C(=O)C1=C(C2=O)c2c(O)cc(CO)cc2[C@@H](O)[C@@H]1O,Active
CC(C)(C)N1CCC(N2C=C([C@@H](Nc3cc(Cl)c4ncc(C#N)c(Nc5ccc(F)c(Cl)c5)c4c3)c3cscn3)NN2)CC1,Active
CC(C)(C)CNc1c(C#N)cnc2c(C#N)cc(N[C@H](C3=CN(C4(C(F)(F)F)CC4)NN3)c3csc4cnccc34)cc12,Active
Fc1ccc(Nc2ncnc3ccc(N[C@@H](c4ccc(Cl)cc4)c4cn(C5CCN(C6COC6)CC5)nn4)cc23)cc1Cl,Active
CCN(CC)CCNC(=O)c1c(C)[nH]c(/C=C2\C(=O)Nc3ncnc(Nc4ccc(F)c(Cl)c4)c32)c1C,Active
C=C(C)c1cnc(Nc2ccc(N3CCC4(CCN(C)CC4)CC3)c(C)c2)nc1Nc1ccccc1P(C)(C)=O,Active
Brc1cccc(Nc2ncnc3c2NCc2cc(Br)ccc2O3)c1,Inactive
N#Cc1cnc2cnc(NCc3cccnc3)cc2c1NC1CCCC1,Inactive
CC(C)(C)CNc1c(C#N)cnc2c(C#N)cc(N[C@H](C3=CN(C4(C(F)F)CC4)NN3)c3ccc(F)c4cnccc34)cc12,Active
CC(C)(O)C(Nc1c(C#N)cnc2c(Cl)cc(N[C@H](C3=CNNN3)c3cccnc3)cc12)c1ccccc1,Inactive
COc1cc(N2CCN(C)CC2)ccc1Nc1ncc(Cl)c(Oc2cccc([N+](=O)[O-])c2)n1,Inactive
COCCNC1CCN(c2ccc(Nc3ncc(Cl)c(Nc4ccccc4NS(C)(=O)=O)n3)c(OC)c2)CC1,Active
CC#CC(=O)Nc1cc2c(Oc3ccc(C(=O)Nc4ccccn4)cc3)ccnc2cc1OCCCN1CCN(C)CC1,Active
Cc1nc(F)ccc1[C@H](Nc1cc(-c2cncnc2)c2ncc(C#N)c(NCC(C)(C)C)c2c1)C1=CN(C2(C(F)F)CC2)NN1,Active
C=CC(=O)N1CCOc2ccc(Nc3nc(Nc4ccc(OC)cc4)ncc3C(C)=O)cc21,Active
COc1cc2c(Nc3ccc(Cl)c(Cl)c3)ncnc2cc1OCc1nc(CS(=O)(=O)c2ccccn2)no1,Active
C=CC(=O)Nc1cc(Nc2nccc(-c3cn4c5c(cccc35)CCC4)n2)c(OC)cc1N(C)CCN(C)C,Active
N#CC(C#N)=Cc1cccc(O)c1,Inactive
C=CC(=O)Nc1cc(Nc2nc(-c3cnn(C)c3)c3cc[nH]c3n2)c(OC)cc1OCCN(C)C,Active
COCCOc1cc2ncnc(Nc3ccc(C=O)c(O)c3)c2cc1OCCOC,Active
CN(C)C(=O)CSc1nc(-c2ccc(F)cc2)c(-c2ccnc(Nc3ccccc3)c2)[nH]1,Active
CC(C)(C)CNc1c(C#N)cnc2c(C#N)cc(N[C@H](C3=CN(C4(CF)CC4)NN3)c3cccc4ncsc34)cc12,Active
COc1cc2ncnc(Nc3cccc(Cl)c3F)c2cc1OC(=O)N1CCN(C)C[C@@H]1C,Active
O=c1[nH]c(/C=C/c2cccc(F)c2)nc2ccccc12,Inactive
CC(C)=CC(=O)N1CC[C@@H](n2nc(C(=O)Nc3nc4cc(Cl)ccc4o3)c3c(N)ncnc32)C1,Active
CC(C)(C)N1CCC(N2C=C([C@@H](Nc3cc(Cl)c4ncc(C#N)c(Nc5ccc(F)c(Cl)c5)c4c3)c3ccc4scnc4c3)NN2)CC1,Active
Cc1nc(F)ccc1[C@H](Nc1cc(C#N)c2ncc(C#N)c(NCC3C(C)(C)C3(C)C)c2c1)C1=CN(C2(C(F)F)CC2)NN1,Active
Nc1cccc(-c2[nH]nc3ncnc(Nc4cccc(Cl)c4)c23)c1,Active
O=C(NCC(F)(F)F)c1cc(-c2cnn3cc(-c4ccc(OCCN5CCCCC5)cc4)cnc23)cs1,Inactive
COc1cc2ncnc(Nc3ccc(F)c(Cl)c3)c2cc1OCCCCCNCc1c(OC)cc(OCc2cccc(-c3ccccc3)c2C)cc1OC,Active
CCCCCCCOC(=O)COc1cc(O)c2c(=O)cc(-c3ccccc3)oc2c1,Inactive
CC(C)(C)CNc1c(C#N)cnc2c(C#N)cc(N[C@H](C3=CN(C4(C(F)F)CC4)NN3)c3cccc4ncccc34)cc12,Active
[O-][n+]1ccc2c(-c3ccc(F)cc3Cl)ccnc2c1-c1c(Cl)cccc1Cl,Inactive
Cl.c1ccc(-c2cccc(Nc3ncnc4cc5c(cc34)OCCCO5)c2)cc1,Active
Cc1cccc(Nc2ncnc3ccncc23)c1NCCCn1ccnc1,Active
CCOc1cc(N2CCC(N3CCN(S(C)(=O)=O)CC3)CC2)c(CC)cc1Nc1nccc(-c2c(-c3ccc(OC)c(C(=O)Nc4c(F)cccc4F)c3)nc3ccccn23)n1,Inactive
COc1ccc(C(=O)N[C@@H]2CCCN(c3cnc(C(N)=O)c(Nc4ccc(C5CCN(C)CC5)cc4)n3)C2)cc1,Active
Cc1[nH]c2ncnc(Nc3cccc(Cl)c3)c2c1C,Inactive
CCN(CC)CCOc1cc2ncnc(Nc3ccc(C)c(Br)c3)c2cc1OC,Inactive
CCCCCCCCOC(=O)COc1cc(O)c2c(=O)cc(-c3ccccc3)oc2c1,Inactive
COc1cc(-c2nc(CN3CCC(C)CC3)cs2)ccc1Nc1ncc(Cl)c(Nc2ccccc2S(=O)(=O)C(C)C)n1,Inactive
CCCCOc1cc2c(Nc3ccc(Br)cc3F)ncnc2cc1OCCN(CC)CC,Inactive
Clc1ccccc1-c1nnc(Cc2nc3ccccc3[nH]2)o1,Inactive
C=CC(=O)N1CC(Nc2cncc(-c3cnc(Oc4cccc(OC(F)F)c4)nc3)n2)C1,Inactive
C[S+]([O-])CCNCc1ccc(-c2ccc3ncnc(Nc4ccc(OCc5cccc(F)c5)c(Cl)c4)c3c2)o1.Cc1ccc(S(=O)(=O)O)cc1,Active
CC#CC(=O)N1CCC[C@H]1n1nc(-c2ccc(C(=O)Nc3ccccn3)cc2)c2c(N)ncnc21,Inactive
O=C(CCOc1ccccc1)Nc1ccc2ncnc(Nc3cccc(Br)c3)c2c1,Active
COc1cc2ncnc(Nc3cccc(Cl)c3F)c2cc1CN(C)C1(C(N)=O)CCN(C(C)C)CC1,Active
COc1cc2c(Oc3ccc(NC(=O)c4nnn(-c5ccc(F)cc5)c4C(F)(F)F)cc3F)ccnc2cc1OCCCN1CCCC1,Inactive
Cc1cccc(Nc2ccnc(Nc3ccc(N4CCN(C)CC4)cc3)n2)c1,Inactive
COc1cccc2c(Nc3cccc(Br)c3)ncnc12,Inactive
CC(C)(C)NC(=O)c1ccc(N(CCCl)CCCl)cc1,Inactive
COc1ccccc1C(Cc1coc2nc(N)nc(N)c12)C(C)C,Inactive
O=C(O)CCCC(=O)Nc1cc(Nc2cccc(Br)c2)ncn1,Inactive
C=CC(=O)Nc1cc(Nc2ncc(F)c(-c3ccc4cc(C(=O)NC)n(C(C)C)c4c3)n2)ccc1N(C)CCN(C)C,Active
COc1cc2nccc(Nc3ccc(OCc4cccc(F)c4)c(Cl)c3)c2cc1OC,Inactive
Nc1scc2c1c(Nc1ccc(S(N)(=O)=O)cc1)nc1nc(NCCO)nc(N)c12,Inactive
CO[C@H]1[C@@H](N(C)C(=O)c2cccc(Cl)c2)C[C@@H]2O[C@@]1(C)n1c3ccccc3c3c4c(c5c6ccccc6n2c5c31)C(=O)NC4,Inactive
COc1cc2c(Nc3ccc(Cl)c(Cl)c3)ncnc2cc1OC[C@@H]1CN2CCC[C@@H]2CO1,Active
C[C@@H](NC(=O)OC(C)(C)C)C(=O)Nc1ccc2ncnc(Nc3cccc(Br)c3)c2c1,Inactive
CCn1cnc2c(Nc3cccc(Cl)c3)nc(N[C@@H]3CCCC[C@@H]3N)nc21,Inactive
Cc1ccc(C2=N/C(=C/c3ccc(Cl)cc3)C(=O)NN2C(=O)Cc2nc3c(c(C)nn3-c3ccccc3)c(=O)[nH]2)cc1,Active
O=C1NC(=O)c2cc(NC3CCCCC3)c(NC3CCCCC3)cc21,Inactive
COc1cc2c(Nc3ccc(Br)cc3F)ncnc2cc1O[C@@H]1CO[C@@H]2[C@H]1OC[C@H]2F,Active
C=CC(=O)Nc1cccc(Oc2nc(Nc3ccc(N4CCN(C)CC4)c(F)c3)nc3[nH]ccc23)c1,Inactive
C=CC(=O)Nc1cc(Nc2n[nH]c3cc(-c4cccc(F)c4)ccc23)c(OC)cc1N(C)CCN(C)C,Active
CS(=O)(=O)CCNCCCCOc1ccc2ncnc(Nc3ccc(S(=O)(=O)c4ccccc4)cc3)c2c1,Active
Cc1nc(F)ccc1[C@H](Nc1cc(Cl)c2ncc(C#N)c(NCC(C)(C)C)c2c1)C1=CN(C(F)(F)CO)NN1,Active
O=C(NCCO)C1=Cc2c(ncnc2Nc2ccc(Oc3cccc4sccc34)c(Cl)c2)NCC1,Active
C=CC(=O)Nc1cc(Nc2ncc(NC(=O)C(C)(C)C)c(-c3cn(C)c4ccccc34)n2)c(OC)cc1OC,Inactive
CN(C)C/C=C/C(=O)N1CCC[C@@H](N(C)c2cnc(C(N)=O)c(Nc3ccc(C(=O)N4CCOCC4)cc3)n2)C1,Inactive
CCOc1cc2ncc(C#N)c(Nc3ccc(NCc4cccc5ccccc45)c(Cl)c3)c2cc1NC(=O)/C=C/CN(C)C,Active
COc1ccc2ncnc(NCc3ccccc3)c2c1,Active
CCc1c(C(=O)N(C)C)cn2ncnc(Nc3ccc4c(cnn4Cc4ccccc4)c3)c12,Active
C=CC(=O)Nc1cc2c(Nc3ccc(Br)cc3F)ncnc2cc1OCC1=NCCO1,Active
COc1ccc(CC(=O)NS(=O)(=O)c2ccc(C)cc2)cc1,Inactive
CCOc1cc2ncc(C#N)c(Nc3ccc(OCc4ccccn4)c(Cl)c3)c2cc1NC(=O)/C=C/[C@@H]1C[C@@H](O)CN1C,Active
COc1cc2c(Oc3ccc(N/C=C4\C(=O)NC(=O)N(c5ccc(C)cc5)C4=O)cc3F)ccnc2cc1OCCCN1CCCC1,Inactive
CO[C@H]1[C@@H](N(C)C(C)=O)C[C@@H]2O[C@@]1(C)n1c3ccccc3c3c4c(c5c6ccccc6n2c5c31)C(=O)NC4,Inactive
C=CC(=O)Nc1ccccc1Nc1ncnc2cc(OC)c(OCCN3CCOCC3)cc12,Active
C=CC(=O)Nc1cc(Nc2ncc(C(=O)OC)c(-c3cn(C)c4ccccc34)n2)c(OC)cc1C#CCN(C)C,Active
N#C/C(=C\c1ccc(O)c(O)c1)C(=O)NCc1cccc(CNC(=O)/C(C#N)=C/c2ccc(O)c(O)c2)c1,Inactive
CS(=O)(=O)CC(=O)NCCn1ccc2ncnc(Nc3ccc(Oc4cccc(Cl)c4)c(Cl)c3)c21,Active
COc1cc2c(N(C)c3ccc(-c4nc5ccccc5s4)c(OC)c3)ncnc2cc1OCCCN1CCN(C)CC1,Inactive
CCC(=O)Nc1cccc(Oc2nc(Nc3cc[nH]n3)cc(N3CCN(C)CC3)n2)c1,Inactive
Cn1c(-c2csc(N/N=C\c3ccc([N+](=O)[O-])cc3)n2)nc2ccccc21,Active
C[C@@H](Nc1ncnc2sc(-c3cccc(C(=O)O)c3)cc12)c1ccccc1,Active
C=CC(=O)Nc1cccc(Nc2nc(Nc3ccc(OCCOCCN=[N+]=[N-])cc3)ncc2F)c1,Active
N#C/C(=C\c1ccc(O)c(O)c1)C(=O)NCN1CCN(C(=O)/C(C#N)=C/c2ccc(O)c(O)c2)CC1,Inactive
C#Cc1cccc(Nc2ncnc3ccc(OCCCCC(=O)NO)cc23)c1,Active
C#Cc1cccc(Nc2nc3cnc(Nc4ccc(N5CCN(C)CC5)cc4)nc3n2C(C)C)c1,Active
CCC(=O)Nc1cc2c(Oc3ccc(NC(=O)CCCc4ccc(F)cc4)cc3F)ncnc2cc1OC,Inactive
CC(C)c1ccc(/C=C2/C(=O)Nc3ccccc32)cc1,Inactive
C=CC(=O)Nc1cc(Nc2nccc(-c3cn(C)c4ccccc34)n2)c(OC)cc1N(C)CC[S+](C)[O-],Active
Cc1nc(F)ccc1[C@H](Nc1cc(C#N)c2ncc(C#N)c(NCC(C)(C)C)c2c1)C1=CN(C2(CO)CC2)NN1,Active
Cc1ncccc1[C@H](Nc1cc(Cl)c2ncc(C#N)c(Nc3ccc(Cl)c(Cl)c3F)c2c1)C1=CN(C2CCN(C(C)(C)C)CC2)NN1,Active
C=CC(=O)N1CCOc2ccc(Nc3nc(Nc4ccc(N5CCCC5=O)cc4)ncc3C(C)=O)cc21,Active
COc1ccccc1-c1ccc2c(c1)NC(=O)/C2=C\c1[nH]c2c(c1CCC(=O)O)CCCC2,Inactive
CC(=O)c1cc(N[C@H](C2=CN(C3(C(F)(F)F)CC3)NN2)c2cccc3ncsc23)cc2c(NCC(C)(C)C)c(C#N)cnc12,Active
C=CC(=O)Nc1cccc(Nc2nc(Nc3cc4c(cc3OC)CN(C(C)=O)CC4)ncc2C(F)(F)F)c1,Active
C[C@@]1(C(=O)Nc2ccc(F)nc2)CCCN1c1nc(Nc2cc(C3CC3)n[nH]2)c2cccn2n1,Inactive
CCCC(=O)Nc1ccc(Nc2ncnc3cc(OC)c(OC)cc23)cc1C,Inactive
C=CC(=O)Nc1cccc(Nc2nc(Nc3ccc4[nH]ncc4c3)ncc2F)c1,Active
COc1cc2ncnc(Nc3ccc(Cl)c(NC(=O)c4ccccc4)c3)c2cc1OC,Inactive
COc1cc2c(Nc3ccc(Cl)c(Cl)c3)ncnc2cc1OCc1noc(C2CCCN(C)C2)n1,Active
CNc1ncnc(-c2cccnc2Oc2ccc(F)c(C(=O)Nc3cc(C(F)(F)F)ccc3N(C)CCCN(C)C)c2)n1,Inactive
CC(C)C/C=C/C(=O)Nc1cccc(-c2c(-c3ccccc3)oc3ncnc(N[C@H](CO)c4ccccc4)c23)c1,Inactive
CCS(=O)(=O)n1cc2c3cc(ccc31)OCCCCCCOc1cc(ccc1N1CCOCC1)Nc1ncc(Cl)c-2n1,Inactive
C=CC(=O)Nc1cccc(Nc2nc(Nc3ccc(NC4CN(CCF)C4)cc3OC)ncc2C(F)(F)F)c1,Active
COc1cc2ncnc(Nc3ccc(F)c(Cl)c3)c2cc1OCCNC(C)C,Active
C=CC(=O)N1[C@@H]2CC[C@H]1C[C@@H](n1nc(-c3cc(F)c(Oc4ccc5c(c4)ncn5C)c(Cl)c3)c3c(C)ncnc31)C2,Inactive
C/C(=N\N1C(=O)CNC1=S)c1ccc(O)cc1O,Inactive
COc1cc2ncnc(Nc3ccc(F)c(Cl)c3)c2cc1OCCCN1CC2(COC2)C1,Active
C=CC(=O)NCCn1cc(-c2ncnc3cc(OC)c(OC)cc23)c(-c2cccc(OC)c2)n1,Inactive
CC(C)c1ccc(N2C[C@H](O)[C@H]2C)c2cnc(Nc3ccnc(N4CC[C@@H](O)[C@@](C)(F)C4)n3)cc12,Inactive
Fc1cccc(Nc2ncnc3ccccc23)c1,Active
C=C(C)C(=O)N1CCC[C@@H](n2nc(-c3ccc(Oc4ccc(F)cc4F)cc3)c(C(N)=O)c2N)C1,Inactive
NC(=O)Nc1ccc2ncnc(Nc3ccc(Br)cc3)c2c1,Active
N#CC(C#N)=C1CCc2cc(O)c(O)cc21,Inactive
C=CC(=O)Nc1cccc(Nc2nccc(Nc3cccc(C)c3)n2)c1,Active
C=CC(=O)Nc1cc(Nc2ncc(Cl)c(-c3cnn4ccccc34)n2)c(OC)cc1N(C)CCN(C)C,Inactive
COc1cc2c(Nc3ccc(Cl)c(Cl)c3F)ncnc2cc1OC[C@@H]1CN2CCCC[C@H]2C(=O)N1,Active
CCN1CCN(c2ccc(C(=O)N[C@@H]3[C@H]4Oc5ccc(Oc6ccnc7c6CCC(=O)N7)cc5[C@@H]34)cc2C(F)(F)F)CC1,Active
Nc1ccc(-c2ccc3ncc4c(=O)[nH]c(=O)n(-c5cccc(C(F)(F)F)c5)c4c3n2)cn1,Inactive
CCCN1CCC(c2cc(OC)c(Nc3nccc(-c4c(-c5ccc(OC)c(C(=O)Nc6c(F)cccc6F)c5)nc5ccccn45)n3)cc2C)CC1,Inactive
CN(c1cccc(Br)c1)c1nc(N)nc2c1cc(Cc1ccccc1)n2C,Inactive
CCN1CCC(N2C=C([C@@H](Nc3cc(Cl)c4ncc(C#N)c(Nc5ccc(F)c(Cl)c5)c4c3)c3ccc(C(F)(F)F)s3)NN2)CC1,Active
CN1C(=O)COc2c1cnc1ccc(Sc3nnc4c(F)cc(-c5cnn(C)c5)cn34)cc21,Inactive
O=C(Nc1cc(N2CCOCC2)ncn1)c1ccc(F)cc1,Active
CCO[C@H]1CO[C@H]2[C@@H]1OC[C@@H]2Oc1cc2ncnc(Nc3ccc(Br)c(Cl)c3)c2cc1OC,Active
O=C(/C=C/Cn1cccn1)Nc1ccc2ncnc(Nc3cccc(Br)c3)c2c1,Inactive
N#C/C(=C/c1ccc(O)c(O)c1)C(=O)NCCCCc1ccccc1,Active
COc1cc2ncnc(Nc3cc(Cl)ccc3F)c2cc1OC1CCN(CC(N)=O)CC1,Active
Cc1cc(C)c(O)c(CN(Cc2ccc(F)cc2)C(=O)Nc2ccccc2)c1,Inactive
COc1cc2ncnc(C#CCCc3ccccc3)c2cc1OC,Active
CCCCCCCCCCNC(=O)COc1cc(O)c2c(=O)cc(-c3ccccc3)oc2c1,Inactive
COc1cc2ncnc(Nc3ccc(OCc4cccc(F)c4)c(Cl)c3)c2cc1OCCCCCCn1ccnc1[N+](=O)[O-],Active
CC1CCCCN1C/C=C/C(=O)N1CCCOc2cc3ncnc(Nc4ccc(OCc5cccc(F)c5)c(Cl)c4)c3cc21,Inactive
Cc1nc(F)ccc1[C@H](Nc1cc(Cl)c2ncc(C#N)c(NCC(C)(C)C(F)(F)F)c2c1)C1=C(F)N(C2CC2)NN1,Active
Cn1cc(NC(=O)c2cccc(NS(=O)(=O)c3ccccc3)c2)cn1,Inactive
Cc1ncc([N+](=O)[O-])n1CCOC(=O)/C=C/c1cccc2ccccc12,Inactive
Cn1c(SSc2c(C(=O)Nc3ccccc3)c3cc(F)ccc3n2C)c(C(=O)Nc2ccccc2)c2cc(F)ccc21,Inactive
C=CC(=O)Nc1ccc2ncnc(Nc3ccc(S(=O)(=O)Nc4ccccn4)cc3)c2c1,Inactive
C=CC(=O)Nc1cc(Nc2nccc(-c3cc(F)c4nc(C)n(C(C)C)c4c3)n2)c(OC)cc1SCCN(C)C,Active
Cc1cccc(CN(C)c2ncnc3[nH]c(-c4ccc(C(F)F)cc4)cc23)c1,Inactive
CSc1nc(-c2cccc(NC(=O)c3c(F)ccc(O)c3CN3Cc4ccccc4C3=O)c2)c(-c2ccnc(NC(C)=O)c2)[nH]1,Inactive
COc1cc(N2CCC(NCCO)CC2)ccc1Nc1ncc(Cl)c(Nc2ccccc2NS(C)(=O)=O)n1,Active
CN1CCN([C@@H]2CCCN(c3cnc(C(N)=O)c(Nc4ccc(C5(C)CCN(C(=O)C6CC6)CC5)cc4)n3)C2)C1=O,Active
COc1ccc(C(=O)N[C@@H]2CCCN(c3cnc(C(N)=O)c(Nc4ccc(C5CCN(C6CC6)CC5)cc4)n3)C2)cc1,Inactive
Clc1ccc(Cc2cc3c(Nc4cccc(Br)c4)ncnc3[nH]2)c(Cl)c1,Inactive
C=CC(=O)Nc1cc2c(Nc3ccc(F)c(Cl)c3)ncnc2cc1OCCNC(C)=O,Active
CN(C)CCCN1C=C([C@@H](Nc2cc(Cl)c3ncc(C#N)c(Nc4ccc(F)c(Cl)c4)c3c2)c2cscn2)NN1,Active
c1ccc2ncc(Nc3ccnc(Nc4ccc(OCCCN5CCCCC5)cc4)n3)cc2c1,Inactive
CC(=O)N1CCN(C(=O)c2cccc(CSc3cnc(NC(=O)c4ccc(N(C)C)cc4)s3)c2)CC1,Inactive
CCOC(=O)Nc1ccc(Nc2ncnc3cc(OC)c(OC)cc23)cc1Cl,Inactive
C=CC(=O)Nc1cccc(Nc2nc(Nc3ccc(OC)nc3)ncc2C(F)(F)F)c1,Active
C=CC(=O)Nc1cccc(Nc2nc(N/N=C/c3ccc(F)cc3F)ncc2Cl)c1,Inactive
C=CC(=O)Nc1cc2c(cc1OCCNC(=O)CN(C)C)NCN=C2Nc1ccc(Br)cc1F,Active
O=C1N=C(N2CCC[C@H]2C(=O)Nc2ccc3ncnc(Nc4cccc(Cl)c4)c3c2)S/C1=C/c1cccc(Br)n1,Inactive
O=P(O)(O)Cc1cc(NCc2cc(O)ccc2O)ccc1O,Inactive
Brc1cccc(Nc2ncnc3ccncc23)c1NCCCn1ccnc1,Active
COc1cccc(Nc2nc(Oc3ccc4ccc(=O)[nH]c4c3)c3sccc3n2)c1,Inactive
C=CC(=O)Nc1cc(Nc2nccc(-c3cn(C)c4ccccc34)n2)c(OC)cc1N(C)CCN(C)Cc1ccccc1,Active
COc1cc2ncnc(NCc3ccc(Cl)c(F)c3)c2cc1OCCCCCCC(=O)NO,Active
Brc1cccc(Nc2ncnc3ccc(NCc4ccc5c(c4)OCCCO5)cc23)c1,Active
Cc1cc(C(=O)O)[nH]c1/C=C1\C(=O)Nc2ncnc(Nc3ccc(F)c(Cl)c3)c21,Inactive
COc1cc(C=C(C#N)C#N)cc(CSc2ccccc2)c1O,Inactive
Cc1ccc(Nc2ncnc3[nH]c(C)c(C)c23)cc1,Inactive
CC(C)(C)N1CCC(N2C=C([C@@H](Nc3cc(Cl)c4ncc(C#N)c(Nc5ccc(F)c(Cl)c5)c4c3)c3cncs3)NN2)CC1,Active
Oc1ccc(/N=N/c2ccc(O)cc2O)cc1,Inactive
CCOc1ccc(C(=O)N[C@@H]2CCCN(c3nnc(C(N)=O)c(Nc4ccc(C(=N)N5CCCC5)cc4)n3)C2)cc1,Inactive
CN1CCN(c2ccc(Nc3ncc4nc(Nc5ccc(F)cc5)n(C5CCN(C(=O)CO)CC5)c4n3)cc2)CC1,Active
CC(C)c1ccc(C2N=C(C(N)=O)c3ncn(-c4ccc(F)cc4)c3N2)cc1,Active
CN(C)C/C=C/C(=O)N1CCOc2cc3ncnc(Nc4ccc(F)c(Cl)c4)c3cc21,Inactive
COc1ccc(C(/C=C/c2ccccc2)=N\NC(N)=S)cc1,Inactive
Nc1ncnc2c1c(-c1ccc(F)c(O)c1)nn2[C@@H]1CCNC1,Inactive
O=C(Nc1cc2c(Nc3ccc(F)c(Cl)c3)ncnc2cc1O[C@H]1CCOC1)N1CCC2(CC1)OCCO2,Inactive
Nc1ncnc2c1c(-c1ccc(F)c(O)c1)nn2C1CCC1,Inactive
N#C/C(=C\c1ccc(O)c(O)c1)C(=O)NCCCCNC(=O)/C(C#N)=C/c1ccc(O)c(O)c1,Inactive
N#C/C(=C/c1cc(Cc2ccccc2)c(O)c(Cc2ccccc2)c1)C(N)=O,Active
COC(=O)c1nn2c(NC(C)(C)C)nc3cc(Cl)ccc3c2c1C(=O)OC,Active
COc1cc2c(Nc3ccc(Cl)c(Cl)c3)ncnc2cc1OCc1noc(C2CCCNC2)n1,Active
COc1ncc(-c2nn(C(C)C)c3ncnc(N)c23)c(OC)n1,Inactive
COc1ccc(-c2ccc3c(c2)NC(=O)/C3=C\c2[nH]c3c(c2CCC(=O)O)CCCC3)cc1,Inactive
O=C(Nc1cccc2ccccc12)c1ccc(N(CCCl)CCCl)cc1,Active
Cc1ccc(Br)c2c(C#N)cc(C(=O)C3CC3)n12,Active
COc1cc2ncnc(Nc3cc(Cl)c(Cl)cc3F)c2cc1OC,Active
N#Cc1cnc(Nc2cccc(Br)c2)c2cc(NC(=O)c3ccoc3)ccc12,Inactive
CCCCN(Cc1cc(Br)cc(Br)c1O)C(=S)Nc1ccccc1,Inactive
C=CC(=O)Nc1cc(Nc2nccc(NC(=O)c3ccc(OC)c(OC)c3)n2)c(OC)cc1N1CCN(C)CC1,Active
O=C1c2cc(-c3ccc(N4CCNCC4)cc3)ccc2Nc2ncc(F)cc2N1Cc1ccccc1,Inactive
O=C(/N=c1\[nH]c2ccccc2n1[C@H]1CC[C@@H](O)CC1)c1ccnc(-c2cccc(F)c2)c1,Inactive
Cn1cc(-c2ccnc(Nc3cccc(C(=O)NCCOCCn4ccnc4[N+](=O)[O-])c3)n2)c2ccccc21,Active
COc1cc2ncnc(Nc3ccc4occc4c3)c2cc1OCCCCCCC(=O)NO,Active
CN(C)CCCCNc1cc2c(Nc3cccc(Br)c3)ncnc2cn1,Active
CC(C)(C)c1cc(O)cc(-c2ccc(C(=O)O)cc2)c1,Inactive
COc1cccc(/C=C/C(=O)c2ccc(NC(=O)c3cc4cc5cc(C)ccc5nc4s3)cc2)c1,Inactive
C=CC(=O)N[C@H]1CC[C@H](n2c(NC(=O)c3cccc(C(F)(F)F)c3)nc3cc(C)ccc32)CC1,Inactive
COC(=O)CCN1C(=S)C(CCC(=O)OC)(CCC(=O)OC)c2ccccc21,Inactive
C=CC(=O)Nc1cccc(-c2c(-c3ccc(N(C)C)cc3)oc3ncnc(NCCO)c23)c1,Active
C=CC(=O)Nc1cccc(C)c1Nc1ncc2cc(-c3c(Cl)c(OC)cc(OC)c3Cl)ccc2n1,Inactive
C=CC(=O)Nc1cccc(-c2cccc3cnc(Nc4ccc(OC5CCN(C)CC5)cc4F)nc23)c1,Active
ClCCN(CCN/N=N/c1ccc2ncnc(Nc3cccc(Cl)c3)c2c1)c1ccc(Cl)cc1,Inactive
C=CC(=O)N1CCCC(Oc2nc(Nc3ccc(OC)nc3)ncc2F)C1,Inactive
CC(C)(C)N1CCC(N2C=C([C@@H](Nc3cc(Cl)c4ncc(C#N)c(Nc5ccc(F)c(Cl)c5)c4c3)c3csc(N4CCOCC4)n3)NN2)CC1,Active
C=CC(=O)Nc1cc(Nc2ncc(C(=O)OCC#N)c(-c3cn(C)c4ccccc34)n2)c(OC)cc1N(C)CCN(C)C,Active
CCOC(=O)c1c(-n2ccnc2)nc2ccc(Br)cc2c1N1CCN(c2ccccc2NS(=O)(=O)c2ccc(C(F)(F)F)cc2)CC1,Active
COc1cc(N2CCC3(CC2)CN(C)C3)ccc1Nc1ncc(Cl)c(Nc2ccc3ccccc3c2P(C)(C)=O)n1,Active
C=CC(=O)Nc1cccc(-c2c(-c3ccc(N4CCOCC4)nc3)oc3ncnc(NC4CCCC4)c23)c1,Active
COc1ccccc1C(=O)NCc1ccc(-c2nn([C@H]3C=C[C@H](OC(C)=O)C3)c3ncnc(N)c23)cc1,Active
CCS(=O)(=O)n1cc(-c2nc(Nc3ccc(N4CCC(N5CCN(C)CC5)CC4)c(Cl)c3OC)ncc2Cl)c2ccccc21,Inactive
C=CC(=O)Nc1cc(Nc2nccc(-c3cn(S(=O)(=O)CC)c4ccccc34)n2)cc2cnn(CCN(C)C)c12,Active
CCC(=O)Nc1cc2c(Oc3ccc(NC(=O)NCCc4csc(Br)c4)cc3F)ncnc2cc1OC,Inactive
O=C(/C=C/CN1CCCCC1)Nc1cc2c(Nc3ccc(F)c(Cl)c3)ncnc2s1,Active
C=CC(=O)Nc1cccc(Nc2nc(Nc3ccc(C4CCN(CCF)CC4)cc3OC)ncc2C(F)(F)F)c1,Inactive
C=CC(=O)N1CCC[C@@H](n2nc(-c3ccc(Oc4ccn(C)c(=O)c4)c(C)c3)c3c(N)ncnc32)C1,Inactive
COc1cc2ncnc(Nc3cccc(Cl)c3F)c2cc1OC(=O)N1CC[C@@H](N(C)C)C1,Active
C=CC(=O)Nc1cccc(Nc2cc(-c3[nH]c(SC)nc3-c3ccc(F)cc3)ccn2)n1,Active
O=C1N=C(N2CCC[C@H]2C(=O)Nc2ccc3ncnc(Nc4cccc(Cl)c4)c3c2)S/C1=C/c1ccc(Cl)cc1,Inactive
O=C(Nc1ccc(Oc2ncnc3sc4c(c23)CCCC4)cc1)Nc1cccc(Br)c1,Inactive
CN(C)C1CCN(c2ccc(Nc3cc4c(N5CCOCC5)nc(Nc5ccccc5)nc4cn3)nc2)CC1,Active
CCN(CC)C(=O)N[C@@H]1CCCN(c2nnc(C(N)=O)c(Nc3ccc(C(=O)N4CCOCC4)cc3)n2)C1,Inactive
Fc1ccc(Nc2ncnc3c(Cl)cc(N[C@@H](c4ccccc4)c4cn(C5CCNCC5)nn4)cc23)cc1Cl,Active
CS(=O)(=O)C[C@@H](N)c1ccc(-c2ccc3ncnc(Nc4ccc(OCc5cccc(F)c5)c(Cl)c4)c3c2)o1,Active
C=CC(=O)Nc1cccc(Nc2nc3c(c(Nc4cnn(C5CC5)c4)n2)C(=O)NC3)c1,Inactive
COc1cc(N2CCC(N3CC(F)(CO)C3)CC2)c(C)cc1Nc1ncc(Br)c(Nc2ccc3nccnc3c2P(C)(C)=O)n1,Active
S=C(Nc1ccc2ncnc(Nc3cccc(Br)c3)c2c1)N1CCOCC1,Active
C=CC(=O)Nc1cccc(N2C(=O)C(Cc3ccc(F)cc3)N(C)C(=O)c3cnc(Nc4ccc(N5CCN(C)CC5)cc4OC)nc32)c1,Active
CN1CCN(Cc2ccc(C(=O)N[C@@H]3[C@H]4Oc5ccc(Oc6ccnc7c6CCC(=O)N7)cc5[C@@H]34)cc2Br)CC1,Active
CN(C)c1ccc(Nc2nc(Cl)nc3cc4c(cc23)OCO4)cc1,Inactive
Cc1cc(N2Cc3ccccc3C2)nc2ccc(Cl)cc12,Active
CC(=O)Oc1ccc2c(c1)c(C(=O)Nc1ccccc1)c(SSc1c(C(=O)Nc3ccccc3)c3cc(OC(C)=O)ccc3n1C)n2C,Inactive
COc1cc(C(=O)NS(=O)(=O)c2ccccc2C)ccc1Cc1cn(C)c2ccc(NC(=O)OC3CCCC3)cc12,Inactive
COc1ccc(/C=C/C(=N/Nc2nncc3ccccc23)c2ccc(Cl)cc2)cc1,Active
C=CC(=O)Nc1cc2c(Nc3ccc(Br)cc3F)ncnc2cc1OCCNC(=O)NC(C)CC,Active
Cc1ncccc1[C@H](Nc1cc(Cl)c2ncc(C#N)c(Nc3cccc(Cl)c3F)c2c1)C1=CN(C(C)C)NN1,Active
C=CC(=O)Nc1cccc(Oc2nc(Nc3cc[nH]n3)cc(N3CCN(C)CC3)n2)c1,Inactive
Nc1cc2ncnc(Nc3ccccc3C(F)(F)F)c2cn1,Inactive
COC[C@@H](Nc1ncnc2oc(-c3ccc(OC)cc3)cc12)c1ccccc1,Active
N#CC1=C(c2ccccc2)Nc2c(c(-c3cccs3)nn2-c2ccccc2)C12C(=O)Nc1ccc(Cl)cc12,Active
COc1ccc(/C=C2\C(=O)Nc3ccccc32)cc1C(C)(C)C,Inactive
Nc1ncnc2c1c(-c1ccc3occc(=O)c3c1)nn2C1CCCC1,Inactive
Cc1ccc(-n2cc(NC(=O)c3ccc(NS(=O)(=O)c4ccc(Cl)cc4)cc3)cn2)cc1,Inactive
CO[C@H]1[C@@H](N(C)CCC#N)C[C@@H]2O[C@@]1(C)n1c3ccccc3c3c4c(c5c6ccccc6n2c5c31)C(=O)NC4,Inactive
C=CC(=O)N1CCC2(CC1)CNC(=O)c1cc(-c3ccnc(Nc4ccccc4OC)n3)[nH]c12,Active
CC(C)S(=O)(=O)c1ccccc1Nc1nc(Nc2ccc3c(NC(=O)CN(C)C)n[nH]c3c2)ncc1Cl,Inactive
COc1cc2cc(C#Cc3ccccc3)cnc2cc1OC,Inactive
Cn1ccc2c([C@H](Nc3cc(Cl)c4ncc(C#N)c(NCC(C)(C)C)c4c3)C3=CN(C4(C(F)(F)F)CC4)NN3)cccc2c1=O,Active
C=CC(=O)Nc1cc2c(Nc3ccc(F)c(Cl)c3)ncnc2cc1OCCC1CC2(CCN(C)CC2)C1,Active
CN(C)C(=O)N[C@@H]1CCCN(c2cnc(C#N)c(Nc3ccc(C4(C)CCN(C(=O)OC(C)(C)C)CC4)cc3)n2)C1,Inactive
C=CC(=O)Nc1cc(Nc2nccc(Nc3ccc4c(ccn4C)c3)n2)c(OC)cc1N1CCN(C)CC1,Active
COCC#CC(=O)Nc1ccc2nccc(Oc3ccc(C(=O)Nc4ccccn4)cc3)c2c1,Active
Clc1ccc(C2CC(c3ccc4c(c3)OCCO4)=NN2c2ccccc2)cc1Cl,Inactive
CC(C)CCCC(=O)Nc1cccc(-c2c(-c3ccccc3)oc3ncnc(N[C@H](CO)c4ccccc4)c23)c1,Inactive
CC(C)(C)CNc1c(C#N)cnc2c(Cl)cc(N[C@H](C3=CN(C45CC(C4)C5)NN3)c3cccc4[nH]ccc34)cc12,Active
C=CC(=O)N1CCC(C2CCNc3c(C(N)=O)c(-c4cc(OC)c(CCC)c(OC)c4)nn32)CC1,Inactive
CNC(=O)c1cc(Nc2ccc(-c3nc4ccccc4s3)cc2)ccn1,Inactive
Cc1sc([Se]c2sc(C)c(-c3cccc(F)c3)c2C(=O)NC(C)C(=O)N2CCCC2)c(C(=O)NC(C)C(=O)N2CCCC2)c1-c1cccc(F)c1,Active
CN(C)C/C=C/C(=O)Nc1cc2c(Nc3ccc(F)c(Cl)c3)ncnc2cc1C#C[C@@]12COC[C@@H]1C2,Active
CC/C=C\C(=O)Nc1cc(Nc2nc3c(c(-c4cn(C)c5ccccc45)n2)CSCC3)c(OC)cc1N(C)CCN(C)C,Inactive
Fc1cc(-c2nc3ccccc3s2)ccc1Nc1ncnc2ccsc12,Inactive
COc1cc2ncnc(Oc3ccc(NC(=O)Nc4cccc(Br)c4)c(Cl)c3)c2cc1OC,Inactive
C=CC(=O)Nc1cc2c(Nc3ccc(Br)cc3F)ncnc2cc1OCCNC(=O)C(COC)N(C)C,Active
COc1cc2c(Nc3ccc(Br)c(Cl)c3)ncnc2cc1O[C@@H]1CO[C@H]2[C@@H]1OC[C@@H]2O,Active
OCc1ccc(-c2cc3c(NCc4ccccc4)ncnc3[nH]2)cc1,Active
C=CC(=O)N1CCOc2c1ccc1ncnc(Nc3ccc(Oc4ccccc4)cc3)c21,Active
C=CC(=O)N1CCC(Nc2nc(Nc3ccccc3)ncc2F)CC1,Inactive
COc1cc2ncnc(NCc3ccc(F)cc3)c2cc1OC.Cl,Active
COc1cc2ncnc(Nc3cncc4ccccc34)c2cc1OC,Active
Cc1ccc(S(=O)(=O)O)cc1.Fc1cccc(COc2ccc(Nc3ncnc4ccc(-c5ccc(CN6CCOCC6)o5)cc34)cc2Cl)c1,Active
CCN(CC)CCCCNc1ncc2cc(-c3c(Cl)cccc3Cl)c(NC(=O)Nc3ccccc3)nc2n1,Inactive
COC(=O)c1ccc(C(=O)N(C)[C@H]2C[C@@H]3O[C@](C)([C@H]2OC)n2c4ccccc4c4c5c(c6c7ccccc7n3c6c42)C(=O)NC5)cc1,Inactive
C=CC(=O)Nc1cccc(Nc2nc(Nc3cccnc3)ncc2F)c1,Inactive
C=CC(=O)N1CC[C@@H](Oc2cc3c(Nc4ccc(F)c(Cl)c4F)ncnc3cc2OC)C[C@@H]1C(=O)NC,Active
N#C/C(=C\c1ccc(O)c(O)c1)C(=O)N1CCN(C(=O)/C(C#N)=C/c2ccc(O)c(O)c2)CC1,Inactive
CCOc1cc2ncnc(C#C[C@](C)(Cc3ccccc3)N3CCC(C(=O)O)CC3)c2cc1OCC,Active
Brc1cccc(Nc2ncnc3[nH]c4c(c23)CCCC4)c1,Active
CN[C@@H]1C[C@H]2O[C@@](C)([C@@H]1OC)n1c3ccccc3c3c4c(c5c6ccccc6n2c5c31)C(=O)NC4,Inactive
COc1ccc(C2=NN(C(N)=S)C(c3ccc4ccccc4c3)C2)cc1,Inactive
CC(C)(C)CCOc1cnccc1-c1[nH]c2c(c1Nc1cccc(F)c1)C(=O)NCC2,Active
COc1nccc(-c2c(-c3ccc(F)cc3)ncn2C2CCNCC2)n1,Active
O=C1OCC/C1=C\c1ccc2c(c1)OCCO2,Inactive
COc1cc(C=C(C#N)C#N)cc(OC)c1O,Inactive
Cc1cc2cc(Nc3ccnc4cc(-c5ccc(CNCCN6CCNCC6)cc5)sc34)ccc2[nH]1,Active
N#Cc1cnc2c(Cl)cc(N[C@H](C3=CNNN3)c3cncs3)cc2c1Nc1ccc(F)c(Cl)c1,Active
Cc1cc(C(=O)/N=c2\[nH]c3ccc(CN4CCN(C)CC4)cc3n2[C@H]2CC[C@@H](O)CC2)cc(-c2cnn(C)c2)n1,Active
CS(=O)(=O)N[C@@H]1CCCN(c2cnc(C(N)=O)c(Nc3ccc(C4CCN(C5CCCC5)CC4)cc3)n2)C1,Active
COc1cc2ncnc(Nc3cccc(NC(=O)Nc4ccc(Cl)c(C(F)(F)F)c4)c3)c2cc1OCCCN1CCOCC1,Active
CCC(=O)Nc1cc2c(Nc3ccc(C(O)c4ccccc4)cc3)ncnc2cc1OC,Active
Cc1ccc(C2=NN(C(N)=S)C(c3ccc(Br)cc3)C2)cc1C,Inactive
COc1cc2ncnc(Nc3ccc(F)c(Cl)c3)c2cc1OCCCN1C[C@H](O)[C@@H](O)[C@H](O)[C@H]1CO,Active
CC(C)N(C)C/C=C/C(=O)N1Cc2sc3ncnc(Nc4ccc(Cl)c(Cl)c4)c3c2C1,Active
COc1cc2ncnc(Nc3ccc(Oc4ccc(C)nc4)c(C)c3)c2cc1NC(=O)C1CSSC1,Active
CCOc1ccccc1-c1cc2c(N[C@H](C)c3ccccc3)ncnc2[nH]1,Active
CCNC(=O)Nc1ccc2ncnc(Nc3ccc(Oc4cccc(C(F)(F)F)c4)c(Cl)c3)c2c1,Active
COc1cc(N2CCC(N3CC(N(C)C)C3)CC2)c(C)cc1Nc1ncc(Br)c(Nc2ccc3c(c2P(C)(C)=O)OCCO3)n1,Active
Fc1c(Br)cc(Cl)cc1Nc1ncnc2cc3c(cc12)OCCO3,Inactive
COCCOc1cc2c(N[C@H](C)c3ccc(F)cc3)nc(C)nc2cn1,Inactive
Clc1nc2ccccc2c2nnc(/N=C/C=C/c3ccccc3)n12,Inactive
C=CC(=O)N1CCCC(N(C)c2nc(-c3cnn(CCN4CCOCC4)c3)c3c(c2F)CNC3=O)C1,Inactive
Cc1ccccc1Cc1cc2c(Nc3ccc(Cl)cc3)nc(N)nc2[nH]1,Inactive
Nc1cc2ncnc(Nc3cccc([N+](=O)[O-])c3)c2cn1,Active
C=CC(=O)N1CCC(Oc2nc(Nc3cnn(C)c3)nc3ccsc23)CC1,Active
O=C(c1ccc(-c2noc(-c3ccc(C(F)(F)F)cc3)n2)cc1)N1CCN(Cc2ccc(OCC(F)(F)F)cc2)CC1,Inactive
C=CC(=O)Nc1cccc(Nc2nc(Nc3ccc4c(c3)N(C(=O)OC(C)(C)C)CCO4)ncc2F)c1,Inactive
Cc1ncc([N+](=O)[O-])n1CCOC(=O)/C=C/c1ccccc1Br,Inactive
CC(C)(C)CNc1c(C#N)cnc2c(C#N)cc(N[C@H](C3=CN(C4(C#N)CC4)NN3)c3cccc4ncsc34)cc12,Active
C=CC(=O)Nc1cccc(Nc2nc(Nc3ccc4c(c3OC)CN(C(C)=O)CC4)ncc2C(F)(F)F)c1,Inactive
CCOc1cc2ncc(C#N)c(Nc3ccc(OCc4ccccc4)c(Cl)c3)c2cc1NC(=O)/C=C/CN1CCC1,Active
CCNC(=O)O[C@H]1CN[C@@H](C#Cc2cc3ncnc(Nc4ccc(OCc5cccc(F)c5)c(Cl)c4)c3s2)C1,Active
Brc1cc2c(Nc3ccccc3)ncnc2s1,Active
C=CC(=O)N1CCC(Oc2cc3c(Nc4cccc5cnn(C)c45)ncnc3cc2OC)CC1,Inactive
O=C(NS(=O)(=O)c1ccc(Br)cc1)c1cncc(Br)c1,Inactive
N#Cc1ccc(Nc2ncnc3cc(OCCCN4CCOCC4)c(NC(=O)c4cc([N+](=O)[O-])ccc4F)cc23)cc1Cl,Inactive
COc1ccc(Nc2ncnc3occ(C)c23)cc1,Active
CN1CCC(c2ccc(-c3ccc4ncn(C(C(=O)Nc5nccs5)c5ccccc5)c(=O)c4n3)cc2)CC1,Active
Nc1ccc(-c2cc(=O)c3cc(N)ccc3o2)cc1,Inactive
N#Cc1cnc2c(Cl)cc(N[C@H](C3=CN(C4COC4)NN3)c3cccnc3)cc2c1Nc1cnc(F)c(F)c1,Active
C=CC(=O)N1CCCC(Nc2nc(Nc3ccc(OCCOC)cc3)c3c(c2F)CNC3=O)CC1,Inactive
O=C1Nc2ccc([N+](=O)[O-])cc2/C1=C/c1ccc[nH]1,Inactive
C=CC(=O)NCc1ccc(-n2nc3c(=O)[nH]nc(N)c3c2-c2oc3ccc(C)cc3c2C)cc1,Inactive
COc1cc2c(Nc3ccc(Cl)c(Cl)c3)ncnc2cc1OCc1csc(COC(=O)c2ccccc2)n1,Active
CN(C)C(=O)N[C@@H]1CCCN(c2cnc(C(N)=O)c(Nc3ccc(C4CCN(c5ccccn5)CC4)cc3)n2)C1,Inactive
O=C1Nc2ccccc2/C1=C/c1ccc(-c2cccs2)s1,Inactive
CC(=O)Nc1c(C(C)=O)c(=O)n(C)c2nc(-c3ccc(Cl)cc3Cl)c(-c3ccc(Cl)cc3)cc12,Inactive
CNCc1ccccc1-c1csc(C(C)Nc2nc(C)nc3cc(OC)c(OC)cc23)c1,Inactive
Fc1cc(-c2nc3ccccc3s2)ccc1Nc1ncnc2cc(Cl)ccc12,Inactive
COc1cc(C)ccc1C(=O)NCc1ccc(-c2nn(C3CCCC3)c3ncnc(N)c23)cc1,Inactive
CC(=O)Nc1cccc(C#Cc2cncnc2Nc2ccc(OCc3cccc(F)c3)c(Cl)c2)c1,Active
COc1cc2c(cc1OC)Oc1ncnc(Sc3cccc(Cl)c3)c1NC2,Inactive
CCOc1cc2ncc(C#N)c(Nc3ccc(OCc4ccccc4Cl)c(Cl)c3)c2cc1NC(=O)/C=C/CN(C)C,Active
CCCC(=Cc1coc2nc(=N)[nH]c(N)c12)c1ccccc1OC,Inactive
N#Cc1csc([C@H](Nc2cc(Cl)c3ncc(C#N)c(Nc4ccc(F)c(Cl)c4)c3c2)C2=CN(CCN3CCOCC3)NN2)c1,Active
COc1cc2c(Nc3ccc(Cl)c(Cl)c3)ncnc2cc1OCc1nc(CN2CCN(C)CC2)no1,Active
C=CC(=O)N1CC[C@@H](N2N=C(Nc3ccc(Oc4ccccc4)cc3)c3c[nH]c4ncnc2c34)C1,Active
CN(C)Cc1ccc(-c2cc3ncnc(Nc4ccc(OCc5cccc(F)c5)c(Cl)c4)c3s2)[nH]1,Active
O=C1CS/C(=N/Nc2nncc3ccccc23)N1,Active
CC(=O)N1CCc2cc(Nc3ncnc4ccc(N)cc34)ccc21,Inactive
COc1ccc2ncnc(N(C)c3ccccc3)c2c1.Cl,Inactive
Nc1nc(Nc2ccc(F)c(C(F)(F)F)c2)c2cc(CCc3ccccc3)[nH]c2n1,Inactive
CCN1CCN(CC/C=C/c2ccc3c(Nc4ccc(Sc5nccn5C)c(Cl)c4)c(C#N)cnc3c2)CC1,Active
COc1cc2cccc(Oc3ccc(NC(=O)C4(C(=O)Nc5ccc(F)cc5)CC4)cc3)c2cc1OC,Inactive
Cc1nc(NC(C)c2ccc(-c3ccccc3CN(C)C)s2)c2cc(OCCN(C)C)ncc2n1,Inactive
CC(C)n1c(COCCN2CCN(c3ccc(OCCCN4CCN(c5ccc6c(c5)C(=O)N(C5CCC(=O)NC5=O)C6=O)CC4)cc3)CC2)nc2cnc(Nc3ccnc(-c4cnn(S(=O)(=O)C5CC5)c4)n3)cc21,Active
Cc1cccc(Nc2ncnc3c2sc2ccc([N+](=O)[O-])cc23)c1.Cl,Active
COc1cc(N2CCC(N3CCN(CCS(C)(=O)=O)CC3)CC2)c(C)cc1Nc1nccc(-c2c(-c3cccc(C(=O)Nc4c(F)cccc4F)c3)nc3ccccn23)n1,Active
COc1cc2c(Nc3ccc(Oc4ccccc4)cc3)c(C#N)cnc2cc1OCCCN1CCOCC1,Inactive
COc1ccc(CNc2[nH]nc3ncnc(Nc4cccc(Cl)c4)c23)cc1,Active
Cc1ccccc1-n1c(Cn2nc(-c3cccc(O)c3)c3c(N)ncnc32)nc2cccc(C)c2c1=O,Inactive
Cc1ccc(Oc2ccc(Nc3ncnc4cccc(O[C@H](C)C(=O)N(C)CCO)c34)cc2C)cn1,Inactive
CC(C)n1nc(-c2ccc3nccc(NC(=O)OC(C)(C)C)c3c2)c2c(N)ncnc21,Inactive
Cc1c(CCC(=O)O)c[nH]c1/C=C1\C(=O)Nc2ccc(S(N)(=O)=O)cc21,Inactive
COc1cc2ncc(C(=O)O)c(Nc3cccc(Br)c3)c2cc1OC,Inactive
O=S(=O)(Nc1ccc(Nc2ncnc3[nH]ccc23)cc1)c1ccccc1,Inactive
CC[C@@H](Nc1c(C#N)cnc2c(C#N)cc(N[C@@H](C3=CN(C)NN3)c3ccc(F)nc3)cc12)c1ccccc1,Active
C#CCN1CCOC(COc2cc3ncnc(Nc4ccc(Cl)c(Cl)c4)c3cc2OC)C1,Active
C=CC(=O)Nc1cc2c(Oc3ccc(NC(=O)n4c(=O)c(-c5ccccc5)c(C)n4C)cc3F)cccc2cc1OC,Active
Nc1ccc(-c2cc(=O)c3cc(O)cc(N)c3o2)cc1,Inactive
C=CC(=O)Nc1cc(Nc2ncc(C(=O)OC3CN(C)C3)c(-c3cn(C)c4ccccc34)n2)c(OC)cc1N(C)CCN(C)C,Inactive
C=CC(=O)Nc1cc2c(Nc3ccc(Br)cc3F)ncnc2cc1OCC(C)(C)NC(=O)CN(C)C,Active
CCOC(=O)C(Cc1ccccc1)NC(=O)/C(C#N)=C/c1ccc(O)c(O)c1,Inactive
O=C(O)COCc1ccn2ncnc(Nc3ccc4c(cnn4Cc4cccc(F)c4)c3)c12,Active
O=C(CCc1c(SSc2[nH]c3ccccc3c2CCC(=O)NCc2ccc(C(=O)O)cc2)[nH]c2ccccc12)NCc1ccc(C(=O)O)cc1,Inactive
O=C1CCC(N2C(=O)c3ccc(N4CCC(CCCOCCCCCc5cccc6c5C(=O)N(C(C(=O)Nc5nccs5)c5cc(F)ccc5O)C6)CC4)cc3C2=O)C(=O)N1,Inactive
O=C1Nc2ccc(S(=O)(=O)N3CCOCC3)cc2/C1=N/Nc1ccccc1,Active
CCN1CCN(Cc2ccc(C(=O)N[C@H]3[C@@H]4Oc5ccc(Oc6ccnc7c6CCC(=O)N7)cc5[C@H]34)cc2C(F)(F)F)CC1,Active
Nc1nc(Nc2ccc(F)c(Cl)c2)c2cc(CCc3ccccn3)[nH]c2n1,Inactive
C/N=N/Nc1ccc2ncnc(N(C)c3ccccc3)c2c1,Inactive
CCOC(=O)c1cc2c(Nc3ccc4c(cnn4Cc4ccccc4)c3)ncnn2c1,Active
Clc1cccc(Nc2ncnc3ccc(NCc4cccs4)cc23)c1,Inactive
CC(=O)c1nn(-c2ccccc2)cc1C(=O)c1c(C)[nH]c(-c2ccccc2)c1-c1ccccc1,Inactive
CC(=O)N(c1ccccc1)c1cc2c(cc1Nc1ccccc1)C(=O)NC2=O,Inactive
CCOc1cc(N2CCN(CCS(C)(=O)=O)CC2)c(C)cc1Nc1nccc(-c2c(-c3ccc(OC)c(C(=O)Nc4c(F)cccc4F)c3)nc3ccccn23)n1,Inactive
O=C(Nc1cccc(Nc2nccc(-c3cccnc3)n2)c1)c1ccc(F)cc1,Inactive
C=CC(=O)N1CC(n2c(NC(=O)c3cccc(C(F)(F)F)c3)nc3cc(C)ccc32)C1,Inactive
N#Cc1cnc2cnc(NCc3cccnc3)cc2c1NC1CCCCCC1,Inactive
Nc1nc2c(c(Nc3cccc(Br)c3)n1)-c1ccccc1C2,Inactive
CC(C)c1ccc(N2C[C@H](CS(C)(=O)=O)[C@H]2C)c2cnc(Nc3ccnc(N4CC[C@@H](O)[C@@](C)(F)C4)n3)cc12,Active
Cc1cc(NC(=O)CN2CCN(c3ccccc3)CC2)no1,Active
C#Cc1cccc(Nc2ncnc3cc(OCCOC(=O)C(C)c4ccc5cc(OC)ccc5c4)c(OCCOC(=O)C(C)c4ccc5cc(OC)ccc5c4)cc23)c1,Active
Nc1ccccc1NC(=O)c1ccc(COc2ccc3ncnc(Nc4cccc(Br)c4)c3c2)cc1,Active
CC(C)(C)CNc1c(C#N)cnc2c(Cl)cc(N[C@@H](C3=CN(C4CC4)NN3)c3cccnc3F)cc12,Active
CCc1ccc(/C=C2\C(=O)Nc3ccccc32)s1,Inactive
c1ccc(-c2ccnc(Nc3ncnc4cc5c(cc34)OCCO5)n2)cc1,Inactive
OCCc1ccc(-c2nc(-c3ccc(F)cc3)c(-c3ccnc4c3CC(c3ccccc3)N4)[nH]2)cc1,Active
C=CC(=O)Nc1cc(Nc2nccc(Nc3ccccc3-c3ccn(C)n3)n2)c(OC)cc1N1CCC(N(C)C)CC1,Active
C=CC(=O)N1CC[C@H](Nc2nc(Nc3ccc(N4CCN(C)CC4)cc3)c3ncn(C(C)C)c3n2)C1,Inactive
CCOc1cc2ncc(C#N)c(Nc3ccc(OCc4ccccc4OC)c(Cl)c3)c2cc1NC(=O)/C=C/CN(C)C,Active
COc1cc(N2CCC(O)CC2)ccc1Nc1ncc(Cl)c(Oc2ccc(COc3no[n+]([O-])c3S(=O)(=O)c3ccccc3)cc2)n1,Inactive
COc1cc2ncnc(Nc3ccc(NC(=O)Nc4cccc(Br)c4)cc3)c2cc1OC,Inactive
COCCOc1cc2ncnc(Nc3cccc(OS(=O)(=O)F)c3)c2cc1OCCOC,Active
C=CC(=O)Nc1cccc(Cn2c(=O)ccc3cnc(Nc4ccc(N5CCN(C)CC5)cc4)nc32)c1,Active
CCCCCCC(=O)ON[C@H](CS(C)(=O)=O)c1ccc(-c2ccc3ncnc(Nc4ccc(OCc5cccc(F)c5)c(Cl)c4)c3c2)o1,Active
O=[N+]([O-])c1ccc2c(Nc3cccc(Br)c3)ncnc2c1,Inactive
C=CC(=O)NCc1ccc(Nc2nc(Nc3cccc(OC)c3)ncc2C(F)(F)F)cc1,Inactive
COc1cc2ncc(C#N)c(Nc3ccc(F)cc3)c2cc1OC,Inactive
CC(C)Oc1cc2ncnc(Nc3ccc(F)c(C#N)c3)c2c2c1OCCO2,Active
Nc1nc(Nc2ccc(F)c(C(F)(F)F)c2)c2cc(CCc3ccccn3)[nH]c2n1,Inactive
C=C(C)C(=O)c1cccc(Nc2nc(Nc3cccc(OC(F)(F)F)c3)ncc2F)c1,Active
Nc1ncnc2c1c(-c1cccc(O)c1)cn2C1CCC1,Active
COc1cc2ncnc(C#CCOc3ccccc3)c2cc1OC,Active
CN1CCN(c2ccc(-c3ccc4ccn(C(C(=O)Nc5nccs5)c5ccccc5)c(=O)c4c3)cc2)CC1,Active
C=CC(=O)Nc1cccc(-n2c(=O)c(=O)n(C(C)C)c3cnc(Nc4ccc(N5CCN(C)CC5)c(C)c4)nc32)c1,Active
Cc1[nH]c2ncnc(Nc3ccc(Cl)cc3)c2c1C,Inactive
CCC(C)C(=Cc1coc2nc(=N)[nH]c(N)c12)c1ccccc1OC,Inactive
COc1cc2c(Nc3ccc(Br)c(Cl)c3Cl)ncnc2cc1O[C@@H]1CO[C@@H]2[C@H]1OC[C@H]2F,Active
C=CC(=O)Nc1ccccc1Oc1nc(Nc2cc(C)[nH]n2)cc(N2CCN(C)CC2)n1,Inactive
C=CC(=O)Nc1cc2c(Nc3ccc(Br)c(Cl)c3F)ncnc2cc1OC[C@H](C)NC(=O)CN(C)C,Active
COC/C=C/C(=O)Nc1ccc2ncnc(Nc3cccc(Br)c3)c2c1,Inactive
O=C(/C=C/CN1C[C@@H]2OCCO[C@@H]2C1)Nc1ccc2ncnc(Nc3ccc(OCc4cccc(F)c4)c(Cl)c3)c2c1,Active
O=S(=O)(CO)Nc1cc2c(Nc3cccc(Br)c3)ncnc2cn1,Active
Nc1ncnc2c1ncn2CC(=O)c1ccccc1,Inactive
CCOc1cc(/C=C(\C#N)C(N)=O)cc(CSc2ccc(C)cc2)c1O,Inactive
C=CC(=O)N1CCC(Oc2cc3c(Nc4ccc(Br)c(C)c4)ncnc3cc2OC)CC1,Active
Cn1c(=O)c(S(=O)(=O)c2ccc(F)cc2F)cc2cnc(Nc3ccc4[nH]ccc4c3)nc21,Inactive
COc1cc2ncnc(NCc3ccc(NC(=O)C(c4ccccc4)N4Cc5ccccc5C4=O)cc3)c2cc1OCCCN1CCOCC1,Inactive
C=CC(=O)Nc1cccc(N2C(=O)N(C)Cc3cnc(NC)nc32)c1,Active
CCCCN(CC#CC(=O)Nc1cc2c(Nc3ccc(F)c(Cl)c3)ncnc2cn1)CCCC,Active
CCCN1CCC(n2cc(CNc3cc(Cl)c4ncc(C#N)c(Nc5ccc(F)c(Cl)c5)c4c3)nn2)CC1,Inactive
CCN(CC)C(C)/C=C/C(=O)Nc1cc2c(Nc3ccc(F)c(Cl)c3)c(C#N)cnc2cc1OC,Inactive
N#CC(C#N)=Cc1ccc(O)c([N+](=O)[O-])c1,Inactive
Cc1ccc(S(=O)(=O)NC(=O)c2cccnc2)cc1,Inactive
COc1ccc2ncc(C#N)c(N[C@@H]3C[C@H]3c3ccccc3)c2c1,Inactive
O=C(NO)c1ccccc1Nc1nc(Nc2ccc(CN3CCOCC3)cc2)ncc1Cl,Active
CCNC(=O)O[C@H]1CN[C@H](C#Cc2cc3ncnc(Nc4ccc(OCc5cccc(F)c5)c(Cl)c4)c3s2)C1,Active
CN(c1ccccc1)c1cc2c(cc1Nc1ccccc1)C(=O)NC2=O,Inactive
O=C(Nc1cccc(Nc2nccc(-c3cccnc3)n2)c1)c1cccs1,Inactive
Cc1c(C#N)cccc1[C@H](Nc1cc(Cl)c2ncnc(NCC(C)(C)C)c2c1)c1cn(C2(C(F)F)CC2)nn1,Active
Cc1ncc([N+](=O)[O-])n1CC(=O)NS(=O)(=O)c1ccc(Br)cc1,Inactive
COc1cc(OC)cc(-c2cc3cnc(N)nc3nc2NC(=O)NC(C)(C)C)c1,Inactive
C=CC(=O)Nc1cccc(Oc2nc(Nc3cccc(C#N)c3)nc3c2CSCC3)c1,Inactive
Cc1ncsc1-c1ccc([C@H](C)NC(=O)[C@H]2C[C@H](O)CN2C(=O)[C@@H](NC(=O)COCCOCCOCCOc2ccc(-c3nccc(Nc4cc5c(cn4)nc(C)n5C(C)C)n3)cc2)C(C)(C)C)cc1,Inactive
O=C1CSC(N/N=C/c2ccc([N+](=O)[O-])cc2)=N1,Inactive
CC(C)n1c(Nc2ccccc2)nc2cnc(Nc3ccc(C(=O)N[N+]4=CCN(C)CC4)cc3)nc21,Active
NC(=O)C1CCN(Cc2ccc(-c3cc4nccc(Nc5ccc6[nH]ccc6c5)c4s3)cc2)CC1,Active
C=CC(=O)Nc1cc(Nc2ncnc(-c3c(C4CCOCC4)n(C)c4ccccc34)n2)c(OC)cc1N(C)CCN(C)C,Active
CN1C(=O)C(=C(C#N)C#N)c2cc(O)ccc21,Inactive
C=CC(=O)NC1CCCN(C(=O)Nc2ccnc(Nc3ccc(N4CCN(C)CC4)cc3OC)n2)C1,Inactive
CN(C)CCNc1cncc(-c2cncc(Nc3cccc(Cl)c3)n2)c1,Inactive
CCCC(=O)Nc1cc2c(Oc3ccc(NC(=O)CCCc4ccc(OC)cc4)cc3F)ncnc2cc1OC,Inactive
CN(C)c1ccc2c(Nc3cccc(Br)c3)ncnc2n1,Active
O=C1CCC(N2C(=O)c3ccc(OCCN4CCN(CCCC#Cc5cccc6c5C(=O)N(C(C(=O)Nc5nccs5)c5cc(F)ccc5O)C6)CC4)cc3C2=O)C(=O)N1,Inactive
Cc1ncsc1-c1ccc([C@H](C)NC(=O)[C@H]2C[C@H](O)CN2C(=O)[C@@H](NC(=O)COCCCOCCCC#Cc2cccc3c2C(=O)N(C(C(=O)Nc2nccs2)c2cc(F)ccc2O)C3)C(C)(C)C)cc1,Inactive
O=C1Nc2ccccc2/C1=C/c1sccc1Br,Inactive
NCCn1c(-c2ccccc2)nc2cc(Cl)ccc2c1=O,Inactive
Cn1ccc2c([C@H](Nc3cc(C#N)c4ncc(C#N)c(NCC(C)(C)C)c4c3)C3=CN(C4(C)COC4)NN3)cccc2c1=O,Active
O=c1c(O)c(-c2ccc(O)c(O)c2)oc2cc(O)cc(O)c12,Inactive
COc1cc(NC(=O)CCCCCCC(=O)NO)ccc1Nc1nccc(-c2cn(C)c3ccccc23)n1,Inactive
CCOc1cc(N2CCN(CCS(C)(=O)=O)CC2)c(CC)cc1Nc1nccc(-c2c(-c3ccc(OCC)c(C(=O)Nc4c(F)cccc4F)c3)nc3ccccn23)n1,Inactive
[O-][S+]1CCN(Cc2ccc(-c3ccc4ncnc(Nc5ccc(OCc6cccc(F)c6)c(C(F)(F)F)c5)c4c3)o2)CC1,Active
C=CC(=O)Nc1cccc(-c2cccc3cnc(Nc4ccc(O[C@@H]5CCN(C)C5)cc4)nc23)c1,Active
O=C(/C=C/CN1CC2(CCOCC2)C1)Nc1cc2c(Nc3ccc(F)c(Cl)c3)ncnc2s1,Inactive
N#C/C(=C1/Nc2ccccc2S1)c1ccnc(NCCc2cccnc2)n1.O=C(O)C(F)(F)F.O=C(O)C(F)(F)F,Inactive
C[C@@H]1COC(Nc2ccc3ncnc(Nc4ccc(OCc5nccs5)c(Cl)c4)c3c2)=N1,Active
Cn1c(=O)c(-c2c(Cl)cccc2Cl)cc2cnc(Nc3ccccc3)nc21,Active
CCOP(=O)(Cc1cc(/N=C/c2cc(O)ccc2O)ccc1O)OCC,Inactive
Cc1cccc(Nc2nc(Nc3cccc(NC(=O)/C=C/CN4CC[C@@H](O)C4)c3)ncc2F)c1,Active
CNC(=O)c1ccc(Sc2cccc(NC(=S)Nc3ccc(Cl)c(C(F)(F)F)c3)c2)nc1,Active
CN(C)C(=O)N[C@@H]1CCCN(c2cnc(C(N)=O)c(Nc3ccc(C(=O)N(C)C)cc3)n2)C1,Inactive
O=[N+]([O-])c1ccc2ncnc(NCc3ccccc3)c2c1,Inactive
NC(=O)c1cc2cc(O)c(O)cc2cn1,Inactive
Cn1c(SSc2c(C(=O)Nc3ccccc3)c3c(Cl)cccc3n2C)c(C(=O)Nc2ccccc2)c2c(Cl)cccc21,Inactive
COc1cc2c(Nc3ccc(Cl)c(Cl)c3)ncnc2cc1OCc1cc(Br)cc(Br)c1,Active
Cn1c(SSc2c(C(=O)NCc3ccc(C(=O)O)cc3)c3ccccc3n2C)c(C(=O)NCc2ccc(C(=O)O)cc2)c2ccccc21,Inactive
COCCOc1cc2ncc(C#N)c(Nc3cccc(Br)c3)c2cc1OCCOC,Inactive
COc1ccccc1C(=O)NCc1ccc(-c2nn(CC(C)C)c3ncnc(N)c23)cc1,Active
Cc1ncsc1-c1ccc(CNC(=O)[C@@H]2C[C@@H](O)CN2C(=O)[C@H](C(C)C)N2Cc3ccccc3C2=O)c(OCCOCCOCCN2CCN(Cc3ccc(-c4cc5c(NCc6ccccc6Cl)ncnc5[nH]4)cc3)CC2)c1,Inactive
CCOc1cc2ncnc(Nc3ccc(NS(=O)(=O)c4ccccc4)cc3)c2cc1NC(=O)/C=C/CN1CCN(C)CC1,Active
N#CC(C#N)=Cc1ccncc1,Inactive
C=CCn1c(SCC(=O)Nc2ccc(C(=O)/C=C/c3ccc(Cl)cc3)cc2)nnc1-c1cc(-c2ccccc2)nc2ccccc12,Inactive
CCCCOc1cc2c(Nc3ccc(NC(=O)OCC)c(Cl)c3)ncnc2cc1OCCN(CC)CC.Cl,Inactive
COc1cc(N2CCOCC2)ccc1Nc1ncc(Cl)c(Nc2ccccc2NS(C)(=O)=O)n1,Active
C=CC(=O)Nc1cccc(Nc2nc(Nc3ccc(OCCOCCNC(=O)OC(C)(C)C)cc3)ncc2F)c1,Active
CC(C)c1ccc(Nc2ncnc3cc(NC(=O)Nc4ccccc4)ccc23)cc1,Active
CN(C)C/C=C/C(=O)N1CCC(Oc2cc3c(Nc4ccc(Cl)c(Cl)c4F)ncnc3cc2O[C@H]2CCOC2)CC1,Active
COc1cc(/C=C2\SC(=N)NC2=O)ccc1OCCCOc1cc(C)cc(C)c1,Inactive
COc1cc2ncnc(NCc3ccccc3)c2cc1OCCCCCCC(=O)NO,Active
O=C1NCc2cc(Oc3ccc(Nc4ncnc5ccn(CCO)c45)cc3Cl)ccc21,Active
CCN=C(S)NNc1nncc2ccccc12,Active
COc1cc2c(Nc3ccc(Nc4ccccc4)cc3)ncnc2cc1OCC1CCN(C)CC1,Inactive
COc1cc2c(cc1OC)Oc1ncnc(Oc3cccc(Br)c3)c1N(C)C2,Inactive
Cc1nc(F)ccc1[C@H](Nc1cc(Cl)c2ncc(C#N)c(NCC(C)(C)C)c2c1)C1=CN(CC(F)F)NN1,Active
COc1cc2ncc(C#N)c(Nc3ccccc3Br)c2cc1OC,Inactive
C=CC(=O)N(c1ccc(OC)cc1F)c1ncnc2cc(OC)c(OCCCN3CCOCC3)cc12,Inactive
CC#CC(=O)Nc1ccc2nccc(Oc3ccc(C(=O)Nc4ccccn4)cc3)c2c1,Inactive
C=CC(=O)Nc1ccc(OC)c(Nc2ncc(Cl)c(-c3c[nH]c4cc(OCCN5CCCC5)ccc34)n2)c1,Active
Nc1ncnc2c1c(-c1ccccc1)cn2C(CO)Cc1ccc(O)cc1,Inactive
O=C(Nc1ccc2ncnc(Nc3cccc(Cl)c3)c2c1)C1CCCCC1,Inactive
Cc1c(C(=O)c2ccc(Cl)cc2)c2ccc(OC(F)(F)F)cc2n1Cc1cccc(O[C@H](C)C(=O)O)c1,Inactive
Clc1ccc(/C=N/c2nnc(-c3cccnc3)o2)cc1,Inactive
Cn1c2c(c3ccc(Cl)c(Cl)c31)C(C#N)C1(CCNCC1)NC2=O,Inactive
C=CC(=O)Nc1cc(Nc2nccc(-c3cn4c5c(cccc35)CCC4)n2)c(OC)cc1N1CC(CCN(C)C)C1,Active
CC(C)(C)NC(=O)/C=C/c1ccccc1,Inactive
CN1CCN(c2ccc(Nc3ncc4nc(Nc5ccc(F)cc5)n([C@@H]5CCN(S(=O)(=O)C6CC6)C5)c4n3)cc2)CC1,Active
CCN1CCN(c2ccc(Nc3nccc(-c4sc(C5CCN(S(=O)(=O)CC)CC5)nc4-c4ccc(F)cc4)n3)cc2)CC1,Active
C/C=C/C(=O)Nc1cc2c(N3CCc4ccccc43)ncnc2cc1O[C@@H]1CCOC1,Active
C=CC(=O)Nc1cccc(-n2c(=O)cc(-c3ccc(-c4ccccc4)cc3)c3cnc(Nc4ccc(N5CCN(C)CC5)cc4OC)nc32)c1,Inactive
OCc1ccc(-c2cc3ncnc(Nc4ccc5[nH]ccc5c4)c3s2)cc1,Active
COc1ccccc1C(=O)NCc1ccc(-c2nn(C3C=CCCC3)c3ncnc(N)c23)cc1,Active
CC(C)n1c(CO)nc2cnc(Nc3ccnc(N4CC[C@H](O)[C@H](F)C4)n3)cc21,Inactive
Cc1ccc(S(=O)(=O)NC(=O)Cc2ccc(Cl)cc2)cc1,Inactive
c1ccc(Nc2ncnc3[nH]c4c(c23)CCCC4)cc1,Inactive
N#CCC[C@@H](Nc1c(C#N)cnc2c(Cl)cc(N[C@H](C3=CN(C4CC4)NN3)c3cccc4c3CNC4)cc12)c1ccccc1,Active
COc1cc2ncnc(Nc3ccc(F)c(Cl)c3)c2cc1OCCCCNCc1ccc(OCc2cccc(-c3ccccc3)c2C)c(C)c1,Inactive
Cc1nc(F)ccc1[C@H](Nc1cc(Cl)c2ncc(C#N)c(NCC(C)(C)C)c2c1)C1=C(F)N(C2CC2)NN1,Active
O=C(Cc1cc(/N=C/c2cc(O)ccc2O)ccc1O)NOCc1ccccc1,Inactive
CN(C)c1ccc(C(=O)Nc2cccc(NC(=O)COc3ccc4c(=O)ccoc4c3)c2)cc1,Inactive
C=CC(=O)Nc1ccc2ncnc(Nc3ccc4[nH]ccc4c3)c2c1,Active
NC(=O)c1c(-c2ccc(Oc3cccc(C(F)(F)F)n3)cc2)nn(C2CCCN(C(=O)/C=C/CO)C2)c1N,Inactive
C=CC(=O)NCc1cccc(-c2nc(-c3ccc(F)cc3)c(-c3ccnc4[nH]c(-c5ccccc5)cc34)[nH]2)c1,Active
Cn1cc(NC(=O)/C=N/O)c(=O)n1-c1ccccc1,Inactive
CC1(C)CCc2c(C(C(=O)Nc3nccs3)N3Cc4c(cc(C#Cc5ccc(CN6CCC(CO)CC6)cc5)cc4C(F)F)C3=O)ncn21,Active
COc1cc2ncnc(Nc3ccc(F)c(Cl)c3)c2cc1OCCN1CC2(C1)CS(=O)(=O)C2,Active
COc1cc2nc(C)nc(NC(C)c3ccc(-c4cnc5n4CCC5)s3)c2cc1OC,Inactive
CCCCN(Cc1cc(Cl)cc(Cl)c1O)C(=S)Nc1ccccc1,Inactive
C=CC(=O)Nc1cccc(Nc2nc(Nc3ccc(OC)nc3)ncc2C(N)=O)c1,Active
C#Cc1cccc(Nc2ncnc3cc(OCCCCCn4ccnc4[N+](=O)[O-])c(OC)cc23)c1,Active
N#C/C(=C\c1ccc(O)c(O)c1)C(=O)N1CCN(c2ccccc2)CC1,Inactive
Brc1cccc(Nc2[nH]cnc3c4ccccc4nc2-3)c1.Cl,Active
O=C(NCCN1CCOCC1)Nc1ccc2ncnc(Nc3cccc(Br)c3)c2c1,Active
Cn1cc(-c2cnc3c(-c4csc(C(=O)N[C@@H]5CCCC[C@@H]5N)c4)cnn3c2)cn1,Active
Fc1cccc(COc2ccc(Nc3cc(Oc4ccccc4)ncn3)cc2Cl)c1,Inactive
Cc1nc(Nc2ncc(C(=O)Nc3c(C)cccc3Cl)s2)cc(N2CCN(CCO)CC2)n1.O,Active
COc1cc2c(Nc3ccc(Cl)c(Cl)c3)ncnc2cc1OCC1CN(C)C(C)(C)C(=O)O1,Active
CCOc1cc2ncnc(N[C@@H](C)c3ccccc3)c2cc1NC(=O)[C@@H]1COC(=O)N1,Active
O=C1NC(=O)c2c1c1c3ccccc3[nH]c1c1[nH]c3ccccc3c21,Inactive
CC#CC(=O)N(C)[C@@H](C)c1nc(-c2ccc(C(=O)Nc3ccccn3)c(OC)c2)c2c(N)nccn12,Inactive
O=C(NS(=O)(=O)c1ccc(F)cc1)c1ccc(Cl)nc1,Inactive
COc1cc(NC(=O)/C=C/CN2CCOCC2)cc2c(Nc3cccc(Br)c3)c(C#N)cnc12,Inactive
NC(=O)c1ccc(Nc2ncnc3cc(-c4ccccc4)sc23)cc1,Inactive
Brc1cccc(Nc2ncnc3cc4c(cnn4CCN4CCOCC4)cc23)c1,Active
CC#CC(=O)N1CCC[C@H]1Cn1nc(-c2ccc(Oc3ccccc3)cc2)c2c(N)ncnc21,Inactive
CCN(CC)CCOc1ccc(/C(=C(/Cl)c2ccccc2)c2ccccc2)cc1,Inactive
CCC(=O)N1CC[C@H](N2C(=O)N(c3cc(OC)ccc3F)Cc3cnc(Nc4ccc(N5CCN(C)CC5)c(F)c4)nc32)C1,Inactive
COc1cc(C=O)ccc1-c1cc2c(Nc3ccccc3)ncnc2s1,Active
CC(COC(=O)c1cc(NCc2cc(O)ccc2O)ccc1O)Cc1ccccc1,Inactive
COc1cc2c(Nc3ccc(Oc4cccc(Cl)c4)cc3)ncnc2cc1OCC1CCN(C)CC1,Active
COc1cc(Br)cc(-c2nn(C(C)C)c3ncnc(N)c23)c1,Inactive
Cc1ccn2ncnc(Nc3ccc4c(cnn4Cc4cccnc4)c3)c12,Inactive
COc1cc(NC(=O)N2CCOCC2)ccc1Nc1ncc(Cl)c(Nc2ccccc2NC(C)=O)n1,Inactive
C[C@@H](COc1cccc2ncnc(Nc3ccc(OCc4ccccn4)c(Cl)c3)c12)N(C)C(=O)CO,Inactive
O=C(/C=C/C(F)(F)F)Cc1ccc2ncnc(Nc3cccc(Br)c3)c2c1,Active
COc1cccc(/C=N/Nc2ncc(Cl)c(Nc3ccccc3S(=O)(=O)C(C)C)n2)c1,Active
Cc1cc(OC2CCN(CCS(C)(=O)=O)CC2)ccc1Nc1nccc(-c2c(-c3cccc(C(=O)Nc4c(F)cccc4F)c3)nc3ccccn23)n1,Inactive
O=C(N/N=C/c1cccn1CCCN1CCCC1)Nc1ccc(Oc2ccnc3[nH]ccc23)cc1,Inactive
COc1cc(C)c(Sc2cnc(NC(=O)c3ccc(CNC(C)C(C)(C)C)cc3)s2)cc1C(=O)N1CCN(C(C)=O)CC1,Inactive
C/C(=N\O)c1ccc(NC(=O)c2cc(-c3ccc(S(C)(=O)=O)cc3)nc3ccccc23)cc1,Active
C[C@@H](O)c1nc2cnc(Nc3ccnc(N4CC[C@H](O)[C@H](F)C4)n3)cc2n1[C@H](C)C(F)(F)F,Inactive
CN(C)CCc1ccc(Nc2nccc(-c3c(-c4cccc(NC(=O)c5c(F)cccc5F)c4)nc4sccn34)n2)cc1,Active
O=C1CCN(Cc2ccn3ncnc(Nc4ccc5c(cnn5Cc5cccc(F)c5)c4)c23)CCN1,Active
Cc1c(C#N)c(NCCO)nc2ncnc(N)c12,Inactive
CCC(=O)O[C@H]1CN[C@H](C#Cc2cc3ncnc(Nc4ccc(OCc5cccc(F)c5)c(Cl)c4)c3s2)C1,Active
CN(C)C/C=C/C(=O)Nc1cc2c(N3CCc4ccccc43)ncnc2cc1O[C@@H]1CCOC1,Active
COc1cc(/C=C2\CCC/C(=C\c3ccccc3Br)C2=O)cc(OC)c1,Inactive
COc1cc2nccc(Oc3ccc(NC(=O)Nc4ccc(F)cc4F)c(F)c3)c2cc1OC,Inactive
CCOc1cc2c(N[C@H](C)c3ccc(F)cc3)nc(C)nc2cn1,Inactive
CCCN1CCN(c2ccc(Nc3nccc(-c4c(-c5ccc(OC)c(C(=O)Nc6c(F)cccc6F)c5)nc5ccccn45)n3)c(OCC)c2)CC1,Inactive
Cc1ccc(S(=O)(=O)NC(=O)c2cccnc2Cl)cc1,Inactive
Cc1nc(F)ccc1[C@H](Nc1cc(Cl)c2ncc(C#N)c(NCC(C)(C)C)c2c1)C1=CN(C2CC2)NN1,Active
C/C=C/C(=O)Nc1cc2c(Oc3ccc(NC(=O)CCCc4ccc(OC)cc4)cc3F)ncnc2cc1OC,Inactive
CCOC(=O)CCCn1c(=O)oc2cc3ncnc(Nc4ccccc4)c3cc21,Inactive
CCN1CCN(c2nc(Oc3ccc4ccc(=O)[nH]c4c3)c3sccc3n2)CC1,Inactive
C=CC(=O)Nc1cc(Nc2nccc(-c3cc(F)c4nc(C)n(C(C)C)c4c3)n2)c(OCC(F)(F)F)cc1N(C)CCN(C)C,Active
C=CC(=O)Nc1cc(Nc2nccc(-c3cnc4c(ccn4C)c3)n2)c(OC)cc1N(C)CCNC,Active
C=CC(=O)Nc1cccc(Oc2nc(Nc3ccc(N4CCN(C(=O)OC)CC4)cc3OC)ncc2C(F)(F)F)c1,Active
OC[C@H](Nc1ncnc2sc3c(c12)CCCC3)c1ccccc1,Inactive
CN(C)C/C=C/C(=O)N1CC[C@H](n2nc(C(=O)Nc3nc4ccccc4o3)c3c(N)ncnc32)C1,Active
Nc1cc2ncnc(Nc3cccc(I)c3)c2cn1,Active
COc1cc(N2CCC(CCS(C)(=O)=O)CC2)c(C)cc1Nc1nccc(-c2c(-c3ccc(OC(C)C)c(C(=O)Nc4c(F)cccc4F)c3)nc3ccccn23)n1,Inactive
COC(=O)c1cccc(NC(=O)c2c(SSc3c(C(=O)Nc4cccc(C(=O)OC)c4)c4ccccc4n3C)n(C)c3ccccc23)c1,Inactive
Nc1cc2ncnc(Nc3ccccc3N)c2cn1,Inactive
CN(C)c1cc2ncnc(Nc3cccc(Br)c3)c2cn1,Active
O=[N+]([O-])/C=C/c1ccc(O)cc1,Inactive
CNc1nccc(Nc2ccc(-c3nc4ccccc4s3)cc2)n1,Inactive
Cc1ccc(NC(=O)c2ccccc2)cc1Nc1nccc(-c2cccs2)n1,Inactive
C=CC(=O)Nc1ccc2ncnc(Nc3ccc(S(=O)(=O)Nc4nccs4)cc3)c2c1,Inactive
O=C(CCCCCC(=O)Nc1ccc(O)c(C(=O)Nc2cccc(F)c2)c1)NO,Inactive
CCN(CC)CCn1c([Se][Se]c2c(C(=O)NC)c3ccccc3n2CCN(CC)CC)c(C(=O)NC)c2ccccc21,Inactive
O=C1Nc2ccccc2N/C1=C\C(=O)c1cccc2ccccc12,Inactive
CCOc1cc(-c2nn(CCO)c3ncnc(N)c23)ccc1OC,Inactive
Nc1nc(Nc2cccc(C(F)(F)F)c2)c2cc(Cc3ccc(Cl)cc3Cl)[nH]c2n1,Inactive
CCOc1cc2ncnc(NC3=CC(=O)C(OCc4ccc(F)c(F)c4)=CC3=O)c2cc1NC(=O)/C=C/CN(C)C,Active
CCCCOC(=O)c1c(-c2ccccc2)nn2ccccc12,Inactive
C=CC(=O)Nc1cc2c(Nc3cc(Cl)c(Br)cc3F)ncnc2cc1OCCNCC(C)=O,Active
CCCCOc1cc2c(Nc3ccc(NC(=O)OCC)c(C)c3)ncnc2cc1OCCN(CC)CC.Cl,Inactive
CCOc1cc2ncc(C#N)c(Nc3ccc(F)c(Cl)c3)c2cc1NC(=O)/C=C/CN(C)C,Inactive
O=C(CCCCCN1CCN(Cc2ccc(-c3cc4c(NCc5ccccc5)ncnc4[nH]3)cc2)CC1)NO,Active
COc1cc2c(cc1OC)Oc1ncnc(Nc3ccc4ncsc4c3)c1NC2,Inactive
N#Cc1cnc2c(Cl)cc(NC(C3=CN(C4CCN(C(=O)OCc5ccccc5)CC4)NN3)c3cccnc3)cc2c1Nc1ccc(F)c(Cl)c1,Active
COc1cc2ncnc(Nc3cccc(Cl)c3F)c2cc1OC(=O)N1CCN(C)CC1,Active
CN(C)C/C=C/C(=O)Nc1ccc2ncnc3c2c1CCN3c1ccc(OCc2cccc(F)c2)c(Cl)c1,Active
COc1ccccc1-c1cc(C(=O)/N=c2\[nH]c3cc(C4CCN(C(C)=O)C4)ccc3n2CC(C)(C)O)ccn1,Active
C/C(=N\Nc1ncc(Cl)c(Nc2ccccc2S(=O)(=O)C(C)C)n1)c1ccc(F)cc1,Inactive
COc1cc(N2CCC(N3CCCCC3)CC2)ccc1Nc1nccc(-c2c(-c3cccc(C(=O)Nc4c(F)cccc4F)c3)nc3ccccn23)n1,Active
COc1cc2c(Nc3ccc(Cl)c(Cl)c3F)ncnc2cc1OC[C@H]1CN2CCOCC2CO1,Active
C=CC(=O)Nc1cc(-n2c(=O)cc(C)c3cnc(Nc4ccc(N5CC(C)N(C)C(C)C5)cc4OC)nc32)cc(C(F)(F)F)c1,Active
C=CC(=O)Nc1cccc(-c2nc(Nc3ccc(N(C)CCN(C)C)cc3OC)nc3[nH]ccc23)c1,Inactive
CSc1ccc(CCCCCn2cc(CCNC(=O)OC(C)(C)C)c3cc(OCCc4ccc(O)cc4)ccc32)cc1,Inactive
COc1cc2c(cc1OC)Nc1ncnc(Nc3cccc(Br)c3)c1NC2,Inactive
COc1cc(Nc2c(C#N)cnc3cc4[nH]cnc4cc23)cc(OC)c1OC,Inactive
Nc1nc(Nc2cccc(Br)c2)c2ccn(Cc3ccccc3Cl)c2n1,Inactive
CN(C)CC(=O)NN1C(=O)c2c(c3c4cccc(O)c4n(C4OC(CO)C(O)C(O)C4O)c3c3[nH]c4c(O)cccc4c23)C1=O,Inactive
COc1cc(/C=C2\CCC/C(=C\c3cccc(Br)c3)C2=O)cc(OC)c1,Inactive
Cc1cccc(Nc2ncnc3ccc(N(C)C(=O)N(CCCl)N=O)cc23)c1,Inactive
CC(=O)Nc1ccc(S(=O)(=O)Nc2nc3ccccc3nc2Nc2ccc(C(=O)O)cc2)cc1,Inactive
COc1cc2ncnc(Nc3nnc4ccccc4n3)c2cc1OC,Inactive
COCCn1c(=O)oc2cc3ncnc(Nc4ccc(OC)cc4)c3cc21,Inactive
Brc1cccc(Nc2ncnc3cc4c(ccn4CCCN4CCOCC4)cc23)c1,Active
Cc1cc(Nc2ncnc3ccc(NC4=NC(C)(C)CO4)cc23)ccc1Oc1ccn2ncnc2c1,Inactive
O=C1CCC(N2C(=O)c3ccc(N4CCC(CN5CCC(OCC#Cc6cccc7c6C(=O)N(C(C(=O)Nc6nccs6)c6cc(F)ccc6O)C7)CC5)CC4)cc3C2=O)C(=O)N1,Inactive
CCOc1cc(N2CCC(N3CCN(C)CC3)CC2)c(Cl)cc1Nc1ncc(Cl)c(-c2cn(S(=O)(=O)CC)c3ccccc23)n1,Active
COc1cc(OC2CCNCC2)c2c(Nc3ccc(F)c(Cl)c3)ncnc2c1,Active
O=C(Nc1cnn(-c2ccccc2)c1)c1cccc(NS(=O)(=O)c2ccc(Cl)cc2)c1,Inactive
Cc1nc(F)ccc1[C@H](Nc1cc(Cl)c2ncc(C#N)c(N[C@@H]3CCOCC3(C)C)c2c1)C1=CN(C2(C3CC3)CC2)NN1,Active
COc1nccc2c([C@H](Nc3cc(Cl)c4ncc(C#N)c(NCC(C)(C)C)c4c3)C3=CN(C(CF)CF)NN3)cccc12,Active
C=CC(=O)Nc1cc(Nc2ncc3ncn(-c4ccc(F)cc4)c3n2)c(OC)cc1N(C)CCN(C)C,Active
COc1cc2c(Nc3ccc(Cl)c(Cl)c3)ncnc2cc1OCc1c(OC)ccc2cc(Br)ccc12,Active
COc1cc2c(Nc3ccc(Cl)cc3F)ncnc2cc1OCCN1CCOCC1,Active
Cc1ccc(/C=N/NC(=O)Cc2csc3nc(-c4ccc(C#N)cc4)cn23)cc1,Inactive
CC(C)(C)CNc1c(C#N)cnc2c(Cl)cc(N[C@H](C3=CN(C4(C(F)(F)F)CC4)NN3)c3cccc4c(=O)n(CC(F)(F)F)ccc34)cc12,Active
CCN1CCN(c2ccc(Nc3cc(N(C)C(=O)Nc4c(Cl)c(OC)cc(OC)c4Cl)ncn3)cc2)CC1,Inactive
CN(C)CCN(C)c1cc2ncnc(Nc3cccc(Br)c3)c2cn1,Active
C=CC(=O)N1CCC[C@@H](n2nc(-c3cccc4ccccc34)c3c(N)ncnc32)C1,Inactive
Cn1ncc2c([C@H](Nc3cc(Cl)c4ncc(C#N)c(NCC(C)(C)C)c4c3)C3=CN(C4(C)CC4)NN3)cccc21,Active
COc1cc2ncnc(N(C)c3cccc(Cl)c3)c2cc1OC.Cl,Active
CC(COC(=O)c1cc(/N=C/c2cc(O)ccc2O)ccc1O)CC(C)(C)C,Inactive
Brc1cccc(Nc2cnc3ccccc3n2)c1,Inactive
COc1cc2c(Nc3ccc(Cl)cc3F)ncnc2cc1OCCN(C)c1ccncc1,Active
C=CC(=O)N1CCCC(Nc2nc(Nc3cnn(C4CCOCC4)c3)c3c(c2F)CNC3=O)C1,Inactive
Cn1cc(-c2cc(C(=O)/N=c3\[nH]c4cc(C5CCN(C6CC6)CC5)ccc4n3CC(C)(C)O)ccn2)cn1,Inactive
C=CC(=O)Nc1cc2c(Nc3ccc(Br)cc3F)ncnc2cc1OCCNC(=O)CN1CCOCC1,Active
Cc1ccc(C(=O)NC2CC2)cc1-c1ccc(C(=O)NCC2CC2)cc1,Inactive
CC1(C)CC[C@]2(C(=O)OCCCCO[N+](=O)[O-])CC[C@]3(C)C(=CC[C@@H]4[C@@]5(C)CC[C@H](OC(=O)c6ccc([N+](=O)[O-])cc6)C(C)(C)[C@@H]5CC[C@]43C)[C@@H]2C1,Inactive
CNC(=O)c1cc(Oc2ccc3oc(Nc4ccc(Cl)c(OC[C@@H]5CCCN5C)c4)nc3c2)ccn1,Inactive
C=CC(=O)Nc1cc(Nc2nccc(Nc3cn(C)c4ccccc34)n2)c(OC)cc1N(C)CCN(C)C(=O)c1ccc(Br)cc1,Inactive
COC(=O)c1cc(Nc2ccccc2)c(Nc2ccccc2)cc1C(=O)OC,Inactive
C#Cc1cnc(Nc2cc(NC(=O)C=C)c(N(C)CCN(C)C)cc2OC)nc1-c1cn2c3c(cccc13)CCC2,Active
COc1ccccc1C(=O)NC(C)c1ccc(-c2nn(C3CCCC3)c3ncnc(N)c23)cc1,Inactive
CC[C@@H](Nc1c(C#N)cnc2c(Cl)cc(N[C@H](C3=CNNN3)c3cccnc3)cc12)c1ccccc1,Active
CCOc1ccc(-c2nc3ccccn3c2-c2ccnc(Nc3ccc(N4CCC(N5CCC(CCS(C)(=O)=O)CC5)CC4)cc3OC)n2)cc1C(=O)Nc1c(F)cccc1F,Inactive
COc1cc2c(Nc3ccc(Cl)c(Cl)c3)ncnc2cc1OCC1CN(C)CCO1,Active
COc1cc2c(Nc3ccc(Cl)c(Cl)c3)ncnc2cc1OCC1CN(C2CCCC2)CCO1,Active
O=C(CN1CCCCC1)Nc1ccc2ncnc(Nc3cccc(Br)c3)c2c1,Active
C=CC(=O)Nc1ccc(-n2c(NC(=O)c3cccc(C(F)(F)F)c3)nc3cc(C)ccc32)cc1,Inactive
C=CC(=O)N1CCC(C2CCNc3c(C(N)=O)c(-c4cc(Cl)c(Cl)c(Cl)c4)nn32)CC1,Active
COc1cc2ncnc3c2cc1OCCCCCCOc1ccccc1N3,Inactive
N#Cc1cnc2c(Cl)cc(N[C@H](C3=CNNN3)c3cccnc3Cl)cc2c1Nc1cnc(F)c(F)c1,Active
CN(C)CCn1ncc2cc([N+](=O)[O-])cc(Nc3nccc(-c4cn(C)c5ccccc45)n3)c21,Inactive
Cc1ncsc1-c1ccc([C@H](C)NC(=O)[C@H]2C[C@H](O)CN2C(=O)[C@@H](NC(=O)COCCCOCCCN2CCOC3(CCN(c4nccc(Nc5cc6c(cn5)nc(C)n6C(C)C)n4)CC3)C2)C(C)(C)C)cc1,Inactive
CCC/C=C/C(=O)Nc1cccc(Oc2nc(Nc3cccc(C#N)c3)nc3c2CSCC3)c1,Inactive
COc1cc2c(Nc3ccc(F)cc3Br)ncnc2cc1O[C@@H]1CO[C@@H]2[C@H]1OC[C@H]2F,Active
C=CC(=O)N1CCc2c(sc3ncnc(NC4CCCCC4)c23)C1,Inactive
CCOCc1cn2ncnc(Nc3ccc4c(cnn4Cc4ccccc4)c3)c2c1CC,Active
COc1cc2ncnc(Nc3ccc(NC(=O)Nc4ccccc4)cc3)c2cc1OC,Inactive
CCn1c(=O)c(-c2c(Cl)cccc2Cl)cc2cnc(Nc3ccccc3)nc21,Active
CCOC(=O)CCCn1c(=O)oc2cc3ncnc(Nc4ccc(C(C)(C)C)cc4)c3cc21,Inactive
COc1cc2ncnc(NC3CC3c3ccccc3)c2cc1O,Inactive
COC(=O)c1ccc(NC(=O)c2c(SSc3c(C(=O)Nc4ccc(C(=O)OC)cc4)c4ccccc4n3C)n(C)c3ccccc23)cc1,Inactive
COc1ccncc1C(=O)NCc1ccc(-c2nn(C3CCCC3)c3ncnc(N)c23)cc1,Active
CCOC(=O)C(C)N1CCOC(COc2cc3ncnc(Nc4ccc(Cl)c(Cl)c4)c3cc2OC)C1,Active
Fc1cccc(Cn2ncc3cc(Nc4ncnn5ccc(COC[C@@H]6COCCN6)c45)ccc32)c1,Active
Cn1cc(-c2cc(C(=O)/N=c3\[nH]c4ccccc4n3[C@H]3CC[C@H](O)CC3)ccn2)cn1,Active
C=CC(=O)Nc1cc2c(Nc3ccc(Br)cc3F)ncnc2cc1OCCNC(=O)C=NOC,Active
Cc1ncnc(Nc2ccc(OCc3cccc(F)c3)c(Cl)c2)c1C,Active
O=C(Nc1nccs1)C(c1n[nH]c2c1CCC2)N1Cc2ccccc2C1=O,Inactive
COc1cc2ncnc(NCc3ccc(F)cc3)c2cc1OCCCCCCC(=O)NO,Active
C=CC(=O)Nc1cc(Nc2nccc(NC(=O)c3cccc(OC)c3)n2)c(OC)cc1N1CCC(C(N)=O)CC1,Active
C=CC(=O)Nc1cccc(Nc2nc(Nc3ccc(N4CC5CCC(C4)N5C(C)=O)cc3OC)ncc2C(F)(F)F)c1,Inactive
CN1CCC(COc2ccc3c(Nc4ccc(NC(=O)Nc5cccc(F)c5)cc4)ncnc3c2)CC1,Inactive
Cc1cccc(/C=N/NC2=NC(=O)CS2)c1,Inactive
Cn1c(-c2csc(N/N=C\C3CCCN3)n2)nc2ccccc21,Active
COc1cc(C2CCN(C)CC2)ccc1Nc1ncc(Cl)c(Nc2ccccc2NS(C)(=O)=O)n1,Active
Cc1cnc(Nc2cccc(S(N)(=O)=O)c2)nc1Nc1ccc2c(c1)CCN(S(=O)(=O)C1CC1)C2,Active
CC(C)(CNc1c(C#N)cnc2c(C#N)cc(N[C@H](C3=CN(C45CC(C4)C5)NN3)c3cccc4ncccc34)cc12)C(F)(F)F,Active
COc1cc2c(Nc3ccc(NC(=O)c4ccccc4)cc3)ncnc2cc1OCCCN1CCN(C)CC1,Active
COc1ccc(CC(=O)NS(=O)(=O)c2ccc(F)cc2)cc1,Inactive
CN(C)CCCN1Cc2cc3c(Nc4cccc(Br)c4)ncnc3cc21,Active
COc1cc(OC)c2c(=O)c(-c3cccc(Cl)c3)coc2c1,Inactive
CN1CCN(C/C=C/C(=O)N2CCc3c(sc4ncnc(N[C@H](CO)c5ccccc5)c34)C2)CC1,Active
Fc1cccc(COc2ccc(Nc3ncnn4ccc(COC[C@@H]5CNCCO5)c34)cc2Cl)c1,Active
Cc1nc2cc(Br)c(Br)cc2c(=O)n1-c1ccc(Nc2nc(Nc3ccc(Cl)cc3)nc(N3CCCCC3)n2)cc1,Active
C#Cc1cc2c(Nc3ccc(F)c(Cl)c3)ncnc2cc1OC,Inactive
NC(=S)N/N=C(/C=C/c1ccc(Br)cc1)c1ccccc1,Inactive
COc1cc(C2=C(c3cn(COCc4ccccc4)c4ccccc34)CNC2=O)cc(OC)c1OC,Inactive
C=CC(=O)Nc1cc(Nc2ncc(Cl)c(N3CCc4sccc4C3)n2)c(OC)cc1N(C)CCN(C)C,Active
CCC1=C2C(Nc3ccc4c(cnn4Cc4ccccc4)c3)=NC=NC2N=C1NC(=O)O[C@H]1CC[C@H](N)CC1,Active
COc1cc(N2CCN(C)CC2)ccc1Nc1ncc(Cl)c(Oc2cccc(NC(=O)CCN3CCCC3)c2)n1,Active
COC(=O)c1ccc(COc2ccc(C3NCCc4c3[nH]c3ccccc43)cc2OC)c(F)c1,Inactive
N#Cc1cnc2c(Cl)cc(N[C@H](C3=CNNN3)c3cccnc3)cc2c1Nc1ccc(Cl)c(Cl)c1F,Active
CC(C)n1cc(C(=O)c2cccc(NC(=O)Nc3ccc(Cl)cc3)c2)c2c(N)ncnc21,Inactive
CN(C)c1ccc(Nc2ncnc3cc(N)ncc23)cc1,Inactive
O=C(CBr)OCCn1c(=O)oc2cc3ncnc(Nc4ccc(OCc5ccc(Cl)cc5)cc4)c3cc21,Inactive
N#CC(C#N)=Cc1ccc(NC(=O)CCC(=O)O)cc1,Inactive
CN(C)CCNCc1ccc(-c2cc3c(N[C@H](CO)c4ccccc4)ncnc3[nH]2)cc1F,Active
CCOc1cc2ncnc(Nc3ccc(C)cc3)c2c2c1OCCO2,Active
Cn1c(SSc2c(C(=O)Nc3ccccc3)c3c(O)cccc3n2C)c(C(=O)Nc2ccccc2)c2c(O)cccc21,Inactive
Fc1cccc(COc2ccc(Nc3ncnc4nn5ccccc5c34)cc2Cl)c1,Active
OC[C@@H](Nc1ncnc2sc(Br)cc12)c1ccccc1,Active
COc1cc2c(Oc3ccc(NS(=O)(=O)c4ccccc4OC(F)(F)F)cc3F)ccnc2cc1OCCCN1CCN(C)CC1,Inactive
CC1=C(C(=O)Nc2cccc([N+](=O)[O-])c2)C(c2ccc(O)cc2O)NC(N/N=C/c2ccco2)=N1,Inactive
C=CC(=O)Nc1cc(-c2c(-c3ccccc3)oc3ncnc(NCCO)c23)ccc1N(C)CCN(C)C,Active
C=CC(=O)N1CCc2c(sc3ncnc(N[C@H](CO)c4ccccc4)c23)C1,Active
COc1cc(Nc2nccc(-c3ccc(NCCN)nc3)n2)cc(OC)c1OC,Inactive
Cn1c(=O)c(-c2c(Cl)cccc2Cl)cc2cnc(NC3CCCCC3)nc21,Inactive
CO[C@H]1[C@@H](N(C)CC(=O)O)C[C@@H]2O[C@@]1(C)n1c3ccccc3c3c4c(c5c6ccccc6n2c5c31)C(=O)NC4,Active
CN1CCCN(Cc2ccn3ncnc(Nc4ccc5c(cnn5Cc5cccc(F)c5)c4)c23)CC1,Active
Cc1ncc([N+](=O)[O-])n1CC(=O)N/N=C/c1cc2ccccc2nc1Oc1ccc(Cl)cc1,Inactive
COc1cc(N2CCC(CCS(C)(=O)=O)CC2)ccc1Nc1nccc(-c2c(-c3ccc(OC)c(C(=O)Nc4c(F)cccc4F)c3)nc3cc(F)ccn23)n1,Inactive
C=CC(=O)Nc1cccc(Nc2nc(Nc3cccc(OCC(C)(C)O)c3)ncc2F)c1,Active
COc1ccc(OC)c(Cc2cc3c(Nc4cccc(Br)c4)nc(N)nc3n2C)c1,Inactive
CCN(CC)CCOc1cc2ncnc(Nc3ccc(NC(=O)OC)c(Cl)c3)c2cc1OC,Inactive
CNC(=O)c1cnc(Nc2ccnc(N3CCC(O)CC3)n2)cc1NC(C)C,Inactive
CN(C)CCOc1cc2c(Nc3ccc(F)c(Cl)c3)c(C#N)cnc2cn1,Inactive
CCCCOC(=O)Nc1ccc(Nc2ncnc3cc(OC)c(OC)cc23)cc1C.Cl,Inactive
O=C1CSC(N2N=C(c3ccc(F)cc3)CC2c2ccc(F)cc2)=N1,Inactive
COc1cc(-c2nc(-c3ccc(-c4nc(-c5nnc(-c6ccncc6)o5)c[nH]4)cc3)no2)cc(OC)c1OC,Active
COC(=O)CCCC1C(=S)N(C)c2ccccc21,Inactive
Cc1cccc(CN(C)c2ncnc3[nH]c(-c4ccccc4)cc23)c1,Inactive
C=CC(=O)N[C@@H]1CCC[C@@H](n2c(NC(=O)c3cccc(C(F)(F)F)c3)nc3cc(C)ccc32)C1,Inactive
CCOc1cc2ncc(C#N)c(Nc3ccc(F)c(Cl)c3)c2cc1NC(=O)CCN1CCOCC1,Active
N#CCN1C=C([C@@H](Nc2cc(Cl)c3ncc(C#N)c(Nc4ccc(F)c(Cl)c4)c3c2)c2cscn2)NN1,Active
COc1cc(/C=C2\CCC/C(=C\c3ccc(Br)cc3)C2=O)cc(OC)c1,Inactive
Nc1ncnc2c1c(-c1ccc(Cl)c(O)c1)nn2CC1CCNC1,Inactive
COc1cc2c(cc1OC)Sc1nc(C)nc(Nc3ccc4ccccc4c3)c1NC2,Inactive
COc1cc2ncnc(Nc3ccc(OCc4cccc(F)c4)c(Cl)c3)c2cc1OCCCCC(=O)Nc1ccc(S(N)(=O)=O)cc1,Active
CCOc1ccc(-c2nc3ccccn3c2-c2ccnc(Nc3cc(C)c(N4CCN(CCOC)CC4)cc3OC)n2)cc1C(=O)Nc1c(F)cccc1F,Inactive
N#CC1(CNc2cccc(-c3cc(Nc4cnn(Cc5ccc(C(=O)Nc6ccccc6N)cc5)c4)ncc3Cl)n2)CCOCC1,Inactive
COc1ccccc1C(=O)NCc1ccc(-c2nn([C@H]3C=C[C@H](F)C3)c3ncnc(N)c23)cc1,Inactive
CNC(=O)c1ccc(Sc2ccc(NC(=S)Nc3ccc(Cl)c(C(F)(F)F)c3)cc2)nc1,Inactive
COC(=O)Nc1ccc(Oc2ncnc3cc(OC)c(OC)cc23)cc1,Inactive
COCCOc1cnccc1-c1[nH]c2c(c1Nc1cccc(F)c1CC(F)F)C(=O)NCC2,Active
CCOc1ccc(-c2nc3ccccn3c2-c2ccnc(Nc3ccc(N4CCN(S(C)(=O)=O)CC4)cc3OC)n2)cc1C(=O)Nc1c(F)cccc1F,Inactive
N#Cc1cnc2c(Cl)cc(N[C@H](C3=CN(C4COC4)NN3)c3csc4c3CCNC4)cc2c1Nc1ccc(F)c(Cl)c1,Active
Cn1cc(-c2cc(C(=O)/N=c3\[nH]c4cc(C5CCCOC5)ccc4n3CC(C)(C)O)ccn2)cn1,Inactive
Nc1ncnc2c1c(C(=O)Nc1nc3cc(Cl)ccc3o1)cn2[C@@H]1CCN(C(=O)/C=C/CN2CCCC2)C1,Active
COc1cc(N2CCC(N3CCCCC3)CC2)ccc1Nc1nccc(-c2c(-c3cccc(C(=O)Nc4c(F)cccc4F)c3)nc3c(C)cccn23)n1,Active
CN(C)CCNc1ncc2ncnc(Nc3cccc(Br)c3)c2n1,Active
Cc1cccc(CN(C)c2ncnc3[nH]c(-c4ccc(CO)cc4)cc23)n1,Active
[2H]C([2H])([2H])n1cc(-c2ccnc(Nc3cc(NC(=O)CC)c4c(cnn4CCN(C)C)c3)n2)c2ccccc21,Active
c1ccc(-c2csc(Nc3ncnc4cc5c(cc34)OCCO5)n2)cc1,Inactive
C=CC(=O)NC1=NC=C2N=CN=C(Nc3cccc(C)c3)C21,Active
CN(CC(O)C(O)C(O)C(O)CO)c1cc2ncnc(Nc3cccc(Br)c3)c2cn1,Active
O=C(Oc1ccc(C2NCCc3c2[nH]c2ccccc32)cc1)c1ccccc1,Inactive
C/C=C/C(=O)OCc1cccc(Nc2nc(Nc3ccccc3)ncc2C)c1,Inactive
O=C1c2cc(-c3ccc(N4CCNCC4)cc3)ccc2Nc2ccncc2N1Cc1ccccc1,Inactive
Clc1ccc2cc(-c3ccncc3)cnc2c1,Inactive
CC1(C)OCc2c(Nc3n[nH]c4c(Cl)cccc34)nc(-c3cn[nH]c3C(F)F)nc21,Active
COc1cc(N2CCN(C)CC2)ccc1Nc1ncc(Cl)c(Oc2ccccc2NC(=O)CCO)n1,Inactive
N#CC(C#N)=NNc1ccc(O)cc1,Inactive
C=CC(=O)Nc1cccc(Nc2nc3c(c(Nc4ccc(N5CCN(C6COC6)C[C@H]5C)cc4)n2)C(=O)NC3)c1,Inactive
COc1cc2c(Nc3ccc(NC(=O)[C@@H](c4ccccc4)N4Cc5ccccc5C4=O)cc3F)ncnc2cc1OCC1CCN(C)CC1,Active
Cc1nc(F)ccc1[C@H](Nc1cc(Cl)c2ncc(C#N)c(NCC(C)(C)C)c2c1)C1=C(F)N(C2(C3CC3)CC2)NN1,Active
COc1cc2c(Nc3ccc(Cl)c(Cl)c3)ncnc2cc1OCc1nc(N2CCOCC2)no1,Active
CC[C@@H](Nc1ncnc2sc(Br)cc12)c1ccccc1,Active
COc1cccc(-c2cc3c(N[C@H](C)c4ccccc4)ncnc3o2)c1,Active
COc1cc2c(Nc3ccc(F)cc3Cl)ncnc2cc1O[C@@H]1CO[C@@H]2[C@H]1OC[C@H]2F,Active
COCCOc1cc2ncnc(Nc3ccc(C)c([N+](=O)[O-])c3)c2c2c1OCCO2,Active
COc1cc(N2CCN(C)CC2)ccc1Nc1ncc(Cl)c(Oc2cccc(NC(=O)COCc3ccccc3)c2)n1,Inactive
C=CC(=O)Nc1cccc(Oc2nc(Nc3ccc(N4CCN(CC(=O)NCCCOc5no[n+]([O-])c5S(=O)(=O)c5ccccc5)CC4)cc3OC)ncc2Cl)c1,Active
C=CC(=O)Nc1cccc(-n2c(=O)n(Cc3ccccc3)c(=O)c3cnc(Nc4ccc(N5CCC(N(C)C)CC5)cc4OC)nc32)c1,Active
Cc1[nH]c2ncnc(Oc3cccc(Cl)c3)c2c1C,Inactive
Cc1ncsc1[C@H](Nc1cc(Cl)c2ncc(C#N)c(Nc3cccc(Cl)c3F)c2c1)C1=CNNN1,Active
[2H]C([2H])([2H])n1cc(-c2ccnc(Nc3cc(NC(=O)C4CC4)c4c(cnn4CCN(C)C)c3)n2)c2ccccc21,Active
COc1cc2ncnc(Nc3cccc(Cl)c3F)c2cc1OC(=O)N1CCOCC1,Active
Cc1c(CN2CCN(C)CC2)cccc1Nc1nccc(-c2c(-c3cccc(C(=O)Nc4c(F)cccc4F)c3)nc3ccccn23)n1,Active
CCCN1CC[C@H](N2C(=O)N(c3ccccc3Cl)Cc3cnc(Nc4ccc(N5CCN(C)CC5)c(C)c4)nc32)C1,Active
O=C1CSC(N/N=C/c2cc(Br)cc(Br)c2O)=N1,Inactive
C=CC(=O)Nc1ccccc1C1CCNc2c(C(N)=O)c(-c3ccc(OC)cc3)nn21,Active
CCCN1CCN(c2ccc(Nc3nccc(-c4c(-c5ccc(OCC)c(C(=O)Nc6c(F)cccc6F)c5)nc5ccccn45)n3)c(OC)c2)CC1,Inactive
C=CC(=O)Nc1cccc(-n2c(=O)c(=O)n(C(C)C)c3cnc(Nc4ccc(N5CCC(N6CCN(C)CC6)CC5)cc4OC)nc32)c1,Active
S=C(NCCCN1CCOCC1)Nc1ccc2ncnc(Nc3cccc(Br)c3)c2c1,Active
CCCNNC(=O)c1ccc(Cn2cc(Nc3ncc(Cl)c(-c4cnc5ccccn45)n3)cn2)cc1,Inactive
CCC1=C2C(Nc3ccc4c(cnn4Cc4ccccc4)c3)=NC=NC2N=C1NC(=O)OC[C@@H]1COCCN1,Active
CC(C)(C)N1CCC(N2C=C([C@@H](Nc3cc(Cl)c4ncc(C#N)c(Nc5ccc(F)c(Cl)c5)c4c3)C3=CCOCC3)NN2)CC1,Active
CCOc1ccc(-c2n[nH]c3ncnc(N)c23)cc1OC,Inactive
COc1cc(N2CCC(N(C)C)CC2)c(-c2cn[nH]c2)cc1Nc1ncc(Cl)c(Nc2ccccc2P(C)(C)=O)n1,Active
Brc1cccc(Nc2ncnc3ccc(N/N=N/Cc4ccccn4)cc23)c1,Active
COC(=O)Nc1cc(Nc2ncnc3cc(OC)c(OC)cc23)ccc1C.Cl,Inactive
CC(C)n1ccc2c([C@H](Nc3cc(Cl)c4ncc(C#N)c(NCC(C)(C)C)c4c3)C3=CN(C45CC(C4)C5)NN3)cccc2c1=O,Active
C=CC(=O)Nc1cc(Nc2ncc(Cl)c(-c3cnc4c(cnn4C)c3)n2)c(OC)cc1N1CCC(N(C)C)CC1,Active
O=C(NCc1ccccc1)c1cc2cc(O)c(O)cc2cn1,Inactive
COc1c(NC(=O)Nc2ccc(-c3ccc(CN4CCOCC4)nc3)c3ccccc23)cc(C(C)(C)C)cc1NS(C)(=O)=O,Inactive
O=[N+]([O-])/C=C/c1ccc(O)c(O)c1,Inactive
COc1cc2c(Nc3ccc(Cl)c(Cl)c3)ncnc2cc1OCc1c(-c2ccccc2)nn(C)c1Cl,Active
CCC(=O)N1CC[C@H](N2C(=O)N(c3ccccc3OC)Cc3cnc(Nc4ccc(N5CCN(C)CC5)c(C)c4)nc32)C1,Active
CCOc1cc([N+](=O)[O-])c(C(=O)Nc2ccc(OCc3ccccn3)c(Cl)c2)cc1NC(=O)c1ccc(CN2CCN(C)CC2)cc1,Active
COc1cc2ncnc(Nc3ccc(F)c(Cl)c3)c2cc1N1CC2(CCN(C)CC2)OC1=O,Active
O=C(/C=C/c1ccc(O)c(O)c1)c1ccc(O[C@@H]2O[C@H](CO)[C@@H](O)[C@H](O)[C@H]2O)c(O)c1O,Inactive
CC(C)NCC#CC(=O)Nc1ccc2ncc(C#N)c(Nc3cccc(Br)c3)c2c1,Inactive
COc1cc2c(Nc3cc(Cl)c(Cl)cc3F)ncnc2cc1OC[C@H]1CN2CCOC[C@H]2CO1,Active
COC1CCN(c2nccc(Nc3cc4c(cn3)nc(COCCN3CCN(c5ccc(OCCCN6CCN(c7ccc8c(c7)C(=O)N(C7CCC(=O)NC7=O)C8=O)CC6)cc5)CC3)n4C(C)C)n2)CC1,Active
C=CC(=O)N1CC[C@H](N2C(=O)N(c3ccccc3)Cc3cnc(Nc4ccc(N5CCN(C)CC5)cc4OC)nc32)C1,Active
CN1CCN(c2ccc(-c3ccc4c(c3)C(=O)N(C(C(=O)Nc3nccs3)c3ccccc3)C4)cc2)CC1,Active
C=CC(=O)N1CCC(Nc2cncc(-c3cnc(Nc4cccc(C)n4)nc3)c2)CC1,Inactive
Fc1ccc(Nc2ncnc3cc4c(cc23)NCCO4)cc1Cl,Inactive
C=CC(=O)Nc1cccc(NC(=O)N(C)c2ccnc(Nc3ccc(N4CCN(C)CC4)cc3OC)n2)c1,Inactive
CC(C)(C)c1ccc(C(=O)Nc2cn3cc(-n4ccnc4)ccc3n2)cc1.Cl.Cl,Inactive
Nc1cc2ncnc(NCc3ccc([N+](=O)[O-])cc3)c2cn1,Inactive
CCOc1cc2ncnc(Nc3cccc(-c4csc(N)n4)c3)c2cc1OCC,Active
C=CC(=O)N1CC[C@H](n2cc(-c3ccncc3)c(-c3cc(F)cc(OCc4ccc5c(c4)CN(C)C5=O)c3)n2)C1,Inactive
O=C(c1cc2ccccc2[nH]1)c1cc2c(Nc3ccc(F)cc3)ncnc2s1,Active
C=CC(=O)Nc1ccccc1Nc1nc(Nc2ccc3c(c2)OCCOCCOCCO3)ncc1F,Active
C=CC(=O)Nc1ccc2ncnc(Oc3ccc(C(=O)Nc4ccccn4)cc3)c2c1,Active
COc1cc(N2CCN(C)CC2)ccc1Nc1ncc(Cl)c(Oc2cccc(NC(=O)CO)c2)n1,Inactive
COc1ccc(Sc2sc3nc(N)nc(N)c3c2C)cc1OC,Inactive
Fc1ccc(Nc2ncnc3c2NCc2cc(Br)ccc2O3)cc1Cl,Inactive
COc1cc2ncnc(Nc3cnc4ccccc4n3)c2cc1OC,Inactive
CCOc1cc2ncc(C#N)c(Nc3ccc(OCC4CCCCC4)c(Cl)c3)c2cc1NC(=O)/C=C/CN(C)C,Active
O=C(/C=C/CN1CCOCC1)N1CCCOc2cc3ncnc(Nc4ccc(OCc5cccc(F)c5)c(Cl)c4)c3cc21,Inactive
C=CC(=O)Nc1ccc2ncnc(Nc3cccc(CC)c3)c2c1,Inactive
COc1cc(Nc2ncc(Cl)c(Nc3ccccc3P(C)(C)=O)n2)ccc1N1CCC(N2CCN(C)CC2)CC1,Active
CC1=C(C(=O)Nc2cccc([N+](=O)[O-])c2)C(c2ccc(O)cc2O)NC(NN2C(=O)/C(=C\c3cccs3)SC2=S)=N1,Inactive
C=CC(=O)N1CCOc2ccc(Nc3nc(Nc4ccc(N5CCOCC5)nc4)ncc3C(C)=O)cc21,Active
COc1cccc(Nc2cc(NC(=O)CCCC(=O)O)ncn2)c1,Active
C=CC(=O)N1CC[C@H](Nc2cncc(-c3cnc(Oc4cccc(OC(F)F)c4)nc3)c2)C1,Inactive
CN(C)S(=O)(=O)c1ccc(Nc2nc(Cl)nc3ccccc23)cc1,Inactive
Fc1cccc(COc2ccc(Nc3ncncc3C#Cc3ccccn3)cc2Cl)c1,Active
C=CC(=O)Nc1cc(Nc2ncc(Br)c(Nc3ccc4cc[nH]c4c3)n2)ccc1N(C)CCN(C)C,Active
COc1cc2ncnc(N(C)c3ccc(NC(=O)Nc4ccc(F)c(Cl)c4)cc3)c2cc1OC,Inactive
O=C(c1ccc(-c2cc3c(N[C@H](CO)c4ccccc4)ncnc3s2)cc1)N1CCN(CCO)CC1,Inactive
COc1ccc2c(c1)CCCN2c1ncnc2ccccc12,Active
CCOc1ccc(C(=O)Nc2ccc(OCc3ccccn3)c(Cl)c2)cc1NC(=O)c1ccc(CN2CCN(C)CC2)cc1,Inactive
CCCCOc1ccc2oc(=O)cc(C3SC(N(C(C)=O)[C@@H]4O[C@H](COC(C)=O)[C@@H](OC(C)=O)[C@H](OC(C)=O)[C@H]4OC(C)=O)=NN3C(C)=O)c2c1,Active
COCC(=O)Oc1ccc2[nH]c(C(=O)c3cc4ccccc4[nH]3)cc2c1,Inactive
CCCCNC(=O)c1ccc(S(=O)(=O)Oc2ccc(/C=C/[N+](=O)[O-])cc2)cc1,Inactive
c1cc(-c2cnc3cc4c(cc3c2)OCO4)cs1,Inactive
Cc1cc(Nc2nccc(Nc3cccc(S(N)(=O)=O)c3)n2)ccc1N1CCN(C)CC1,Inactive
COc1ccc2c(c1)CCc1c-2[nH]c(=O)c(C#N)c1-c1ccc(OC)cc1OC,Active
C=CC(=O)Nc1cccc(Nc2nc(Nc3ccc(N4CCN(CC(=O)NCCNc5cccc6c5CN(C5CCC(=O)NC5=O)C6=O)CC4)cc3OC)ncc2C(F)(F)F)c1,Inactive
CS(=O)(=O)CCNC(=O)Nc1cc2c(Nc3ccc(F)c(Cl)c3)ncnc2cc1O[C@H]1CCOC1,Active
C=CC(=O)NCCN1C(=O)N(Cc2ccccc2)Cc2cnc(Nc3ccc(N4CCN(C)CC4)cc3OC)nc21,Inactive
OC[C@@H](Nc1ncnc2[nH]c(-c3ccccc3)cc12)c1ccccc1,Active
C=CC(=O)Nc1ccc(Oc2nc(Nc3cc(C)[nH]n3)cc(N3CCN(C)CC3)n2)cc1,Inactive
CCC(CC)CN1CCCOC(COc2cc3ncnc(Nc4ccc(Cl)c(Cl)c4)c3cc2OC)C1,Active
C=CC(=O)N1CCC(Oc2cc3c(Nc4ccc(Cl)c(Cl)c4F)ncnc3cc2O[C@H]2CCN(C)C2)CC1,Active
C=CC(=O)N(c1cc(F)c(F)cc1F)c1ncnc2cc(OC)c(OCCCN3CCOCC3)cc12,Active
COc1cc2ncnc(N(C)c3cccc(NC(=O)Nc4ccccc4)c3)c2cc1OC,Inactive
COCC(=O)NC/C=C/c1ccc2ncnc(Nc3ccc(Oc4ccc(C)nc4)c(C)c3)c2c1,Inactive
CN(C)c1cccc2c(S(=O)(=O)NCCN/N=N/c3ccc4ncnc(Nc5cccc(Cl)c5)c4c3)cccc12,Inactive
COc1cc(N2CCC(N3CCN(CCF)CC3)CC2)ccc1Nc1nccc(-c2c(-c3cccc(C(=O)Nc4c(F)cccc4F)c3)nc3cc(F)ccn23)n1,Active
COc1cc2ncc(C#N)c(Nc3cccc(Cl)c3)c2cc1OC,Active
COc1cc2ncnc(Nc3cccc(Cl)c3F)c2cc1CN(C)[C@H](C)C(=O)N(C)C,Active
COC(=O)c1ccc(-c2ccc(-c3ccccc3)cc2O)cc1,Inactive
O=C(Nc1ccccc1Cl)c1ccc(N(CCCl)CCCl)cc1,Inactive
Nc1nccn2c1c(-c1ccc3ccc(-c4ccccc4)nc3c1)nc2[C@H]1C[C@@H](CN2CCC2)C1,Inactive
C=CC(=O)NCc1cccc(-c2cc3c(-c4[nH]c(-c5ccccc5)nc4-c4ccc(F)cc4)ccnc3[nH]2)c1,Active
C=CC(=O)N1CCC(Oc2cc3c(Nc4cccc(C=C)c4)ncnc3cc2OC)CC1,Active
COCCOc1cc2ncnc(Nc3ccc(F)c(C#N)c3)c2cc1NC(=O)/C=C/CN(C)C,Inactive
COCCn1c(=O)oc2cc3ncnc(Nc4ccc(F)c(F)c4)c3cc21,Active
Cc1ncsc1[C@H](Nc1cc(Cl)c2ncc(C#N)c(N[C@H](C)c3ccccc3)c2c1)C1=CN(C(C)C)NN1,Active
Cc1ccc(Sc2cccc3[nH]c4nc(N)nc(N)c4c23)cc1,Inactive
COc1cccc(-c2cc(=O)c3ccccc3o2)c1NC(=O)OCCOC(=O)NCCN(C)CCN/N=N/c1ccc2c(Nc3cccc(Cl)c3)ncnc2c1,Active
NC1CCN(Cc2ccn3ncnc(Nc4ccc5c(cnn5Cc5ccccn5)c4)c23)CC1,Active
CCC(=O)Nc1ccc2c(C#N)cnc(Nc3cccc(Br)c3)c2c1,Inactive
CN1CCN(CCC(=O)Nc2ccc3ncnc(Nc4cccc(Br)c4)c3c2)CC1,Active
C=CC(=O)Nc1cc2c(Nc3ccc(Br)cc3F)ncnc2cc1OCCNC(=O)N1CCN(C(C)=O)CC1,Active
COc1cc2ncnc(Nc3ccc(F)c(Cl)c3)c2cc1OCCCCCNC(=O)C1CCCCN1Cc1c(OC)cc(OCc2cccc(-c3ccccc3)c2C)cc1OC,Inactive
C=CC(=O)Nc1cc(Nc2ncc(Cl)c(-c3cnn4ccccc34)n2)c(OC)cc1OC(COC)CN(CC)CC,Active
O=C(/N=c1\[nH]c2ccccc2n1[C@H]1CC[C@@H](O)CC1)c1ccnc(-c2cnn(C(F)F)c2)c1,Active
COc1cc2c(Nc3ccc(OCc4cccc(F)c4)c(Cl)c3)ncnc2cc1OCCCN1C[C@H](O)[C@@H](O)[C@H](O)[C@H]1CO,Active
COc1cc2c(Nc3ccc(Br)cc3F)ncnc2cc1OCCC1CCNCC1,Active
CC1C/C(=C\c2ccc3ncsc3c2)C(=O)O1,Inactive
Cc1cccc(Nc2ncnc3cc(NCCCCN(C)C)ncc23)c1,Active
CN(C)/N=N/c1ccc2ncnc(NCc3ccccc3)c2c1,Active
C[C@H](CN(C)C(=O)CO)Oc1cccc2ncnc(Nc3ccc(OCc4ccccn4)c(Cl)c3)c12,Active
CC#CC(=O)NCCCC(=O)c1nc(-c2ccc(C(=O)Nc3ccccn3)cc2)c2c(N)nccn12,Inactive
Cn1cc(-c2cc(C(=O)/N=c3\[nH]c4ccccc4n3C3CCCC3)ccn2)cn1,Inactive
C=CC(=O)N1CCC[C@@H](n2nc(-c3ccc(N(C)C)c4ccccc34)c3c(N)ncnc32)C1,Active
Clc1cccc(Nc2[nH]nc3ncnc(Oc4cccc(Cl)c4)c23)c1,Inactive
CN(C)c1ccc(/C=N/NC(=O)Cn2nc(Cc3ccc(Cl)cc3)c3ccccc3c2=O)cc1,Active
CC(C)(C)c1cc(O)cc(-c2ccc(C(=O)NCc3ccccc3)cc2)c1,Inactive
O=C1CSC(NN=C2CCCCCCC2)=N1,Inactive
C=CC(=O)N1CCC([C@@H]2CCNc3c(C(N)=O)c(-c4ccc(Oc5ccccc5)cc4)nn32)CC1,Active
O=C(/C=C/c1cccs1)Nc1ccc2ncnc(Nc3cccc(Cl)c3)c2c1,Inactive
COc1cc(N2CCC(C3CCN(CCF)CC3)CC2)ccc1Nc1nccc(-c2c(-c3ccc(OC)c(C(=O)Nc4c(F)cccc4F)c3)nc3ccccn23)n1,Inactive
O=C(Nc1ccc(Br)cc1)c1cc(Br)cc(Br)c1O,Inactive
C#Cc1cccc(Nc2ncnc3cc4c(cc23)N(C(=O)/C=C/CN(CC)CC)CCO4)c1,Active
CC(C)c1ccc(Nc2nc(N)nc3[nH]c4cccc(Cl)c4c23)cc1,Inactive
C=CC(=O)Nc1cccc(-n2c(=O)c(C3CCCCC3)nc3cnc(Nc4cccc(N5CCN(C)CC5)c4)nc32)c1,Active
COc1cc(NCC2CCCO2)ccc1Nc1ncc(Cl)c(Nc2ccccc2NS(C)(=O)=O)n1,Inactive
Cc1cc(NS(=O)(=O)c2ccc(Nc3nncc4ccccc34)cc2)no1,Active
C=CC(=O)N1CCC(c2ccc(C(N)=O)c(-c3ccc(Oc4ccccc4)cc3)n2)CC1,Inactive
CC(C)n1nc(-c2ccc3c(c2)CCO3)c2c(N)ncnc21,Inactive
COc1cc(OC)c2cc(-c3ccncc3)cnc2c1,Inactive
COc1ccc(C2=NN(c3nc(-c4ccccc4)cs3)C(c3ccc(F)cc3)C2)cc1,Inactive
CN(CC(=O)O)c1c(Br)cccc1Nc1ncnc2ccncc12,Active
NC(=O)Cc1cccc(-c2cc3c(N[C@H](CO)c4ccccc4)ncnc3[nH]2)c1,Active
C=CC(=O)Nc1ccc2ncnc(Nc3cccc(C(F)(F)F)c3)c2c1,Active
CCS(=O)(=O)N1CCC(c2nc(-c3ccc(F)cc3)c(-c3ccnc(Nc4ccc(N5CCOCC5)cc4OC)n3)s2)CC1,Active
COc1nccc2c([C@H](Nc3cc(Cl)c4ncc(C#N)c(NCC(C)(C)C(F)(F)F)c4c3)C3=CN(C4(C)CC4)NN3)cccc12,Active
CC(C)c1ccc(COC(=O)c2cc(NCc3cc(O)ccc3O)ccc2O)cc1,Inactive
CCOC(=O)c1ccc(Nc2nncc3ccccc23)cc1,Active
COc1cc2cc(-c3ccc(OCc4ccccc4)cc3)cnc2cc1OC,Inactive
CN(CC(=O)O)c1cc2ncnc(Nc3cccc(Br)c3)c2cn1,Active
Brc1cccc(Nc2ncnc3ccc(NCc4ccc5c(c4)OCCCCO5)cc23)c1,Inactive
CCN(CC)CCCNC(=O)/C=C/C(=O)Cc1cc2c(Nc3cccc(Br)c3)ncnc2cn1,Active
COCCOc1cnccc1-c1[nH]c2c(c1Nc1ccc(F)c(F)c1OC)C(=O)NCC2,Active
COc1cc2ncnc(Nc3ccc(O[C@H]4CO[C@H]5[C@@H]4OC[C@@H]5OCc4ccccc4)c(Cl)c3)c2cc1OC,Active
CC(C)N1C=C([C@@H](Nc2cc(Cl)c3ncc(C#N)c(Nc4ccc(F)c(Cl)c4)c3c2)C2=CCOCC2)NN1,Active
CCCCCCCCCCCCNC(=O)COc1cc(O)c2c(=O)cc(-c3ccccc3)oc2c1,Inactive
C[C@H](NC(=O)c1cc(-c2cnn(C3CCOCC3)c2)cnc1N)c1c(Cl)ccc(F)c1Cl,Inactive
COc1cc(N(C)CCN(C)C)c(NC(=O)/C=C\C(C)C)cc1Nc1ncc(C#N)c(-c2cn(C)c3ccccc23)n1,Active
COC[C@@H](Nc1ncnc2[nH]c(-c3ccc(CO)cc3OC)cc12)c1ccccc1,Active
COc1cc(N(C)CCN(C)C)c(NC(=O)c2ccnc(Cl)c2)cc1Nc1nccc(-c2cn(C)c3ccccc23)n1,Active
C=CC(=O)Nc1ccc(Oc2nc(Nc3ccc(N4CCN(C)CC4)cc3OC)ncc2Cl)cc1,Inactive
COc1ccc(-c2cc3c(N[C@H](C)c4ccc(F)cc4)ncnc3o2)cc1,Active
CC(=O)Nc1ccc2c(c1)N(Cc1ccccc1)C(=O)c1cc(-c3ccc4[nH]ccc4c3)ccc1N2,Inactive
C=CC(=O)Nc1cccc(-n2c(=O)c(C3CCCCC3)nc3cnc(Nc4cccc(OCC(C)=O)c4)nc32)c1,Active
Cc1[nH]c(/C=C2\C(=O)Nc3ccc(F)cc32)c(C)c1C(=O)NCCN(C)C,Inactive
COc1cc2c(cc1OC)Oc1ncnc(Oc3ccc(F)c(Cl)c3)c1N(C)C2,Inactive
Cc1nc(F)ccc1[C@H](Nc1cc(C#N)c2ncc(C#N)c(NCC(C)(C)C)c2c1)C1=CN(C(C)(C)C2CC2)NN1,Active
Brc1cccc(Nc2ncnc3ncccc23)c1,Active
COc1cc2ncnc(Sc3cccc(Cl)c3)c2cc1OC,Active
Cc1nc(F)ccc1[C@H](Nc1cc(Cl)c2ncc(C#N)c(NCC(C)(C)C(F)(F)F)c2c1)C1=CN(C2(C)CC2)NN1,Active
CCOc1cc(C2CCN(CCS(C)(=O)=O)CC2)ccc1Nc1nccc(-c2c(-c3ccc(OCC)c(C(=O)Nc4c(F)cccc4F)c3)nc3ccccn23)n1,Inactive
COc1cc(N2CCN(C)CC2)ccc1Nc1ncc(Cl)c(Oc2cccc(NC(=O)/C(C#N)=C/c3ccc(SC)cc3)c2)n1,Inactive
COc1cc(N2CCC(N(C)C)CC2)ccc1Nc1nccc(-c2c(-c3cccc(C(=O)Nc4c(F)cccc4F)c3)nc3ccccn23)n1,Active
Cc1ccc2nc(/C=C/c3ccc(N(C)C)cc3)cc(-c3nnc(N)s3)c2c1,Inactive
CCC(=O)N1CCC(c2ccc(Nc3nc(N4CCC[C@@H](NC(=O)N5CCCCC5)C4)cnc3C(N)=O)cc2)CC1,Active
Cc1cc(Nc2ncc3c(n2)N([C@H]2CCN(C(=O)CO)C2)C(=O)N(c2ccccc2Cl)C3)ccc1N1CCN(C)CC1,Active
C=CC(=O)N1C[C@@H](F)C[C@@H](n2nc(-c3ccc(Oc4ccc5c(c4)ncn5C)c(C)c3)c3c(C)ncnc32)C1,Inactive
C=CC(=O)Nc1cccc(Nc2nc(Nc3ccc(OCCOC)nc3)ncc2C(C)=O)c1,Active
COc1cc(NC(=O)N2CCN(CCO)CC2)ccc1Nc1ncc(Cl)c(Nc2ccccc2NC(C)=O)n1,Inactive
OCCCCc1nc(-c2ccc(F)cc2)c(-c2ccnc3[nH]c(-c4ccccc4)cc23)[nH]1,Active
CN(C)CCCNC(=O)/C=C/C(=O)Cc1cc2c(Nc3cccc(Br)c3)ncnc2cn1,Active
COc1cc2c(Oc3ccc(NC(=O)N/N=C/c4ccc(F)cc4F)cc3F)ccnc2cc1OCCCN1CCC(C)CC1,Inactive
COc1cc(N2CCC(CCS(C)(=O)=O)CC2)ccc1Nc1nccc(-c2c(-c3cccc(C(=O)Nc4c(F)cccc4F)c3)nc3ccccn23)n1,Active
Oc1ccc(CN(Cc2cccc(Cl)c2O)C(=S)Nc2ccccc2)cc1,Active
CC(C)(CNc1c(C#N)cnc2c(C#N)cc(N[C@H](C3=CN(C4(C5CC5)CC4)NN3)c3cccc4ncccc34)cc12)C(F)(F)F,Active
CN(c1ccccc1)c1ncnc2ccc(Cl)cc12,Inactive
C#CCCCCCOc1cc2c(Nc3ccc(F)c(Cl)c3)ncnc2cc1OC,Active
COc1cc2c(Nc3ccc(Cl)cc3F)ncnc2cc1OCC1CCN(C)CC1.Cl,Active
Cc1nc(NC(C)c2ccc(-c3ccccc3CN(C)C)s2)c2cc(N3CCNC(=O)C3)ncc2n1,Inactive
O=C(NCc1ccccc1)C(O)Cc1c(SSc2[nH]c3ccccc3c2CC(O)C(=O)NCc2ccccc2)[nH]c2ccccc12,Inactive
COc1cc2nccc(Oc3ccc(NC(=O)Nc4ccc(F)cc4F)cc3F)c2cc1OC,Active
O=C1NCCc2cc(Br)c(O)c(c2)Oc2c(Br)cc(cc2Br)CCNC(=O)/C(=N/O)Cc2cc(Br)c(O)c(c2)Oc2c(Br)cc(cc2Br)C/C1=N\O,Inactive
O=C(/C=C/CN1CC2CCC1C(=O)C2)Nc1cc2c(Nc3ccc(F)c(Cl)c3)ncnc2s1,Active
COc1ccc(OCCNS(C)(=O)=O)cc1Nc1ncc(Cl)c(Nc2ccc3ccccc3c2P(C)(C)=O)n1,Active
O=C(/N=c1\[nH]c2ccccc2n1[C@H]1CC[C@@H](O)CC1)c1ccnc(-c2cccn3ncnc23)c1,Inactive
C[C@@H](c1cc2cccnc2cc1F)n1cnc2ncc(-c3cnn(C)c3)nc21,Inactive
C=C(CN(C)C)C(=O)c1ccc(OS(=O)(=O)c2ccc(C(=O)O)cc2)cc1,Active
CCC(=O)Nc1cc(Nc2nccc(-c3cn(CCCO)c4ccccc34)n2)c(OC)cc1F,Active
CCN(CC)[C@@](C)(C#Cc1ncnc2cc(OC)c(OC)cc12)CC1CCCCC1,Inactive
CC(=O)N1N=C(c2ccc(Br)cc2)CC1c1ccc(C(=O)OC(C)Cn2c([N+](=O)[O-])cnc2C)cc1,Inactive
Cc1cc(Nc2cc(N3CCN(C)CC3)nc(Oc3ccc(N)cc3)n2)n[nH]1,Inactive
C=CC(=O)N1CC[C@]12C[C@H](n1nc(-c3ccc(Oc4ccc5c(c4)ncn5C)c(C)c3)c3c(C)ncnc31)C2,Inactive
N#Cc1cnc2c(Cl)cc(N[C@H](C3=CN(CCF)NN3)c3cccnc3)cc2c1Nc1cnc(F)c(F)c1,Active
COc1cc2c(Nc3cc(Cl)c(Br)cc3F)ncnc2cc1OCC1CO[C@@H]2[C@@H](OC)CO[C@H]12,Active
Nc1nc(Nc2cccc(Br)c2)c2ccn(Cc3cccc4ccccc34)c2n1,Inactive
Nc1n[nH]c2cccc(-c3ccc(NC(=S)Nc4cc(Br)ccc4OC(F)(F)F)cc3)c12,Inactive
N#CC(C#N)=C1C(=O)Nc2cc(O)c(O)cc21,Inactive
CCC(=O)N1CC[C@H](N2C(=O)N(c3cc(OC)ccc3F)Cc3cnc(Nc4ccc(N5CCN(C)C(C)C5)c(C)c4)nc32)C1,Active
COc1cc(N2CCC(N3CCCC3)CC2)ccc1Nc1ncc(Cl)c(Nc2ccccc2NS(C)(=O)=O)n1,Active
Cc1c(C#Cc2ccc(CN3CCC(CO)CC3)cc2)cc(C(F)F)c2cn(C(C(=O)Nc3nccs3)c3ncn4c3CCC43CC3)nc12,Active
COc1cc(C2NCCc3c2[nH]c2ccccc32)ccc1OCc1ccc(F)c(C#N)c1,Inactive
C=CC(=O)N1CC(Nc2cncc(-c3cnc(Oc4cccc(F)c4)nc3)n2)C1,Inactive
CN(C)CCCN(C)C/C=C/C(=O)Nc1cc2c(Nc3ccc(F)c(Cl)c3)ncnc2s1,Active
Cc1c(C(=O)c2coc3ccc(O)cc23)[nH]c(-c2ccccc2)c1-c1ccccc1,Inactive
C=CC(=O)Nc1cccc(-c2cccc3cnc(Nc4ccc(NC5CCN(CCO)CC5)cc4)nc23)c1,Active
O=C(Nc1ccc(Br)cc1)c1ccc(N(CCCl)CCCl)cc1,Active
Clc1ccc(-c2cn3nc(-c4ccccc4)nc3s2)cc1,Inactive
O=C(NO)c1ccsc1Nc1nc(Nc2ccc(N3CCOCC3)cc2)ncc1Cl,Active
CC(C)NCc1ccc(Nc2cc(-c3ccc(-c4ccc(O)cc4O)cc3)[nH]n2)cc1,Inactive
CC(C)n1nc(-c2ccc3cn[nH]c3c2)c2c(N)ncnc21,Inactive
CCN(c1ccc2ncnc(NCC(C)(C)C)c2c1)C(c1ccc(F)cc1)c1cn(C2CC2)nn1,Active
CC(C)(C)CNc1c(C#N)cnc2c(Cl)cc(N[C@H](C3=CN(C4CC4)NN3)c3cccc4[nH]ncc34)cc12,Active
N#C/C(=C/C(=O)N1CCC[C@@H](n2nc(-c3cnc4[nH]ccc4c3)c3c(N)ncnc32)C1)C1CC1,Active
COc1cc2c(Nc3ccc(Sc4nccn4C)c(Cl)c3)c(C#N)cnc2cc1OCCCN1CCOCC1,Inactive
Cc1ccc(/C=N/NC2=NC(=O)CS2)cc1,Inactive
Cn1c(SSCc2ccccc2)c(C(=O)Nc2ccccc2)c2ccccc21,Inactive
ClCCN(CCN/N=N/c1ccc2ncnc(Nc3cccc(Cl)c3)c2c1)Cc1ccccc1,Active
COc1cc2c(cc1OC)Oc1ncnc(Sc3cccc(Br)c3)c1NC2,Inactive
Cn1nccc1-c1nc(Nc2n[nH]c3ccccc23)c2c(n1)C(C)(C)OC2,Inactive
Cc1nc(F)ccc1[C@H](Nc1cc(F)c2ncc(C#N)c(NCC(C)(C)C)c2c1)C1=CN(C2(C(N)=O)CC2)NN1,Active
CCOC(C)Oc1cc2ncnc(Nc3ccc(F)c([N+](=O)[O-])c3)c2c2c1OCCO2,Active
Brc1cccc(Nc2ncnc3cc4c(cc23)OCCOCCO4)c1,Active
N#Cc1ccc(O)c(-c2nc(NCc3ncccn3)c3ccccc3n2)c1,Inactive
C=C=CC(=O)Nc1cc(Nc2nccc(-c3cn(C)c4cc(Cl)ccc34)n2)c(OC)cc1N(C)CCN(C)C,Active
CC[C@@H]1[C@H](NC(=O)N(C)C)CCCN1c1cnc(C(N)=O)c(Nc2ccc(C3CCN(C4CCC4)CC3)cc2)n1,Active
O=CNN1C(=O)c2c(c3c4cccc(O)c4n(C4OC(CO)C(O)C(O)C4O)c3c3[nH]c4c(O)cccc4c23)C1=O,Inactive
O=C(O)c1cc(CCc2cc(O)ccc2O)ccc1O,Inactive
CCN1CCC(Oc2cc(OC)cc3ncnc(Nc4ccc(F)c(Cl)c4)c23)CC1,Active
COc1ccccc1-c1ccc2c(c1)NC(=O)/C2=C\c1[nH]cc(CCC(=O)O)c1C,Inactive
O=C1CSC(N2N=C(c3ccc(Cl)cc3)CC2c2ccc(Cl)cc2)=N1,Inactive
COc1ccc(Oc2cc(C)c(-c3csc(NC(=O)c4ccnc(F)c4)n3)c(C)c2)cc1,Inactive
N#CC(C#N)=CNc1ccc2ncnc(Nc3ccc(Oc4ccc(Cl)c(Cl)c4)c(Cl)c3)c2c1,Inactive
C=CC(=O)Nc1cccc(Oc2nc(Nc3cc(OC)c(OC)c(OC)c3)ncc2F)c1,Inactive
COC(=O)CCc1nc2ccc(Cl)cc2[nH]c1=O,Active
Cc1nn(-c2ccccc2)nc1Cn1nc(-c2ccc(F)c(O)c2)c2c(N)ncnc21,Inactive
O=C1c2cc(-c3ccc(N4CCNCC4)cc3)ccc2Nc2ccc(F)cc2N1Cc1ccccc1,Inactive
CCC(NC(=O)c1ccc(C2CC2)c(-c2ccc3nc(Nc4cnn(C5CC5)c4)ncc3c2)c1)c1cccc(C(F)(F)F)c1,Inactive
COc1ccc(-c2cnc3cc(OC)c(OC)cc3c2)cc1,Inactive
N#C/C(=C\c1ccc(O)c(O)c1)C(=O)c1ccc([N+](=O)[O-])cc1,Inactive
CN(C)CCNc1ncnc2c1[nH]c1ccccc12,Inactive
Nc1ncnc2c1c(-c1ccc(Oc3ccccc3)cc1)cn2C1CCCC1,Inactive
CNC(=O)c1c([Se][Se]c2[nH]c3ccccc3c2C(=O)NC)[nH]c2ccccc12,Inactive
COc1ccc(-c2ccc(Cn3cc(CCN)c4cc(OCCc5ccc(O)cc5)ccc43)cc2)cc1.Cl,Inactive
OC[C@@H]1CCCN1Cc1ccc(Nc2nc3ncnc(Nc4ccc(F)c(Cl)c4)c3s2)cc1,Active
COc1ccc(NC(=O)/C=C/CN(C)C)cc1Nc1ncc(F)c(-c2cnn3ccccc23)n1,Inactive
C=CC(=O)Nc1ccc(OC)c(Nc2cc(-n3c(SC)nnc3-c3ccc(F)cc3)ccn2)c1,Active
CN(C)CCNCc1ccc(-c2cc3c(N(C)Cc4ccccc4)ncnc3[nH]2)cc1F,Active
COc1cc2ncnc(N(C)c3ccc(Br)cc3F)c2cc1OC,Inactive
CCC(=O)Nc1ccc(-n2c(=O)cnc3cnc(Nc4ccc(OC)cc4)nc32)cc1,Inactive
Cc1oc2ncnc(Nc3ccc(OCc4cccc(F)c4)c(Cl)c3)c2c1C(=O)O,Active
N#CCc1nnc(Cc2nc3ccccc3[nH]2)o1,Inactive
COc1cc2c(Nc3ccc(Cl)c(Cl)c3)ncnc2cc1OCc1noc(CN(C)C)n1,Active
C=C(C#N)C(O)c1cccc(Nc2nc(Nc3cccc(OC(F)(F)F)c3)ncc2F)c1,Inactive
COC(=O)CCC1(CCC(=O)OC)C(S)=Nc2ccccc21,Inactive
O=C(CO)N1CCC[C@@H]1COc1cccc2ncnc(Nc3ccc(OCc4ccccn4)c(Cl)c3)c12,Active
C=CC(=O)Nc1cc(Nc2ncc3ccc(-c4cnn(C)c4)n3n2)c(OC)cc1OCCN(C)C,Active
CN(C)C(=O)N[C@@H]1CCCN(c2cnc(C(N)=O)c(Nc3ccc(C4(CN)CC4)cc3)n2)C1,Inactive
COc1ccc(-n2cc(NC(=O)c3cccc(NS(=O)(=O)c4ccc(Cl)cc4)c3)cn2)cc1,Inactive
CCOC(=O)/C=C/C(=O)Nc1cccc(Oc2cc(Nc3ccc(OCc4cccc(F)c4)c(Cl)c3)ncn2)c1,Active
COc1cc2ncnc(Nc3ccc(OCc4cccc(F)c4)c(Cl)c3)c2cc1OCCCCCCC(=O)NO,Active
FC(F)(F)c1cc(NC(=S)Nc2ccc3ncnc(Nc4cccc(Br)c4)c3c2)cc(C(F)(F)F)c1,Active
C=CC(=O)Nc1cccc(-c2cccc3cnc(Nc4ccc(N5CCN(C)C(CO)C5)cc4)nc23)c1,Active
C=CC(=O)Nc1cccc(Nc2nc(Nc3cccc(OCCCNC(=O)CCCC(=O)NCCCOCCOCCOCCCNC(=O)CCCC[C@@H]4SC[C@@H]5NC(=O)N[C@@H]54)c3)ncc2C)c1,Active
CN1CCN(Cc2nc3ccc(Nc4ncc(Cl)c(Nc5ccccc5NS(C)(=O)=O)n4)cc3[nH]2)CC1,Inactive
COc1cc2c(Nc3ccc(Cl)c(Cl)c3)ncnc2cc1O[C@@H]1CO[C@@H]2[C@H]1OC[C@H]2F,Active
C=CC(=O)N1CCC2(CC1)CNC(=O)c1cc(-c3ccnc(-c4ccc5c(c4)OCO5)n3)[nH]c12,Active
Cn1ccc2c([C@H](Nc3cc(Cl)c4ncc(C#N)c(NCC(C)(C)C)c4c3)C3=CN(C4CCN(C(C)(C)C)CC4)NN3)cccc2c1=O,Active
CCCCCC(=O)Nc1cccc(Nc2nccc(-c3cccnc3)n2)c1,Inactive
COC[C@H]1CCCN1C/C=C/C(=O)Nc1ccc2ncnc(Nc3cccc(Br)c3)c2c1,Active
COc1cc2c(Nc3ccc(Cl)c(Cl)c3)ncnc2cc1OCc1noc(C2CCCCN2C)n1,Active
COc1cc2ncnc(NC3CC3c3ccccc3)c2cc1OCCN1CCOCC1,Active
CCN(CC)CCN(C)C/C=C/C(=O)Nc1cc2c(Nc3ccc(F)c(Cl)c3)ncnc2s1,Active
COc1cc2c(Nc3ccc(Cl)c(Cl)c3)ncnc2cc1OCC1CN(C(=O)c2cccc3ccccc23)CCO1,Active
CCC(=O)Nc1cc(Nc2ncc(Br)c(Nc3ccc4cc[nH]c4c3)n2)c(OC)cc1N1CCN(C)CC1,Active
COc1cc(N(C)CCN(C)C)c(NC(=O)/C=C\C(C)C)cc1Nc1nc(C)cc(-c2cn(C)c3ccccc23)n1,Inactive
COc1ccc2c(Nc3cccc(Br)c3)ncnc2n1,Active
Cn1ccc2c([C@H](Nc3cc(C#N)c4ncc(C#N)c(NCC(C)(C)C(F)(F)F)c4c3)C3=CN(C4(C5CC5)CC4)NN3)cccc2c1=O,Active
CC(C)n1nc(N2CC(CN[C@H]3C[C@H](Oc4ccc5c(c4)C(=O)N(C4CCC(=O)NC4=O)C5=O)C3)C2)c2cnc(Nc3ccnc(-c4cnn(S(=O)(=O)C5CC5)c4)n3)cc21,Active
Fc1ccc(Nc2ncnc3cc4c(cc23)OCCOCCOCCO4)cc1Cl,Active
C#Cc1cccc(Nc2ncnc3ccc(OCCCC(=O)NO)cc23)c1,Active
CN1CCN(C(C)(C)/C=C(\C#N)C(=O)N2CCC[C@@H](n3nc(-c4ccc(Oc5ccccc5)cc4F)c4c(N)ncnc43)C2)CC1,Active
Cc1ccc(-c2cn(C3CCCCC3=O)nn2)cc1,Inactive
C=CC(=O)N1CC(Nc2cc3c(Nc4cccc(Br)c4)ncnc3cc2OC)C1,Active
C=CC(=O)N1CCCC(N(C)c2nc(Nc3cc(C)ns3)c3c(c2F)CNC3=O)C1,Inactive
CC(=O)N1CC[C@H](N2C(=O)N(c3ccccc3Cl)Cc3cnc(Nc4ccc(N5CCN(C)CC5)c(C)c4)nc32)C1,Active
COCCOc1cc2ncnc(Nc3ccc4c(cnn4Cc4ccccc4)c3)c2cc1NC(=O)/C=C/CN(C)C,Active
O=[N+]([O-])c1ccc(C2CC(c3ccc(Br)cc3)=NN2c2nc(-c3ccc(Cl)cc3)cs2)cc1,Inactive
Cc1cccc(Nc2ncnc3cc4c(cc23)N(CCCN2CCCCC2)C(=O)CO4)c1,Active
O=C(Cc1cccc(Br)c1)NS(=O)(=O)c1ccc(Br)cc1,Inactive
C=CC(=O)Nc1cccc(Oc2nc(Nc3cccc(OCCCS(C)(=O)=O)c3)ncc2F)c1,Active
CCC(=O)Nc1cccc(-c2nc(Nc3cc[nH]n3)c3ccccc3n2)c1,Inactive
COc1cc2c(Nc3ccc(Cl)c(Cl)c3)ncnc2cc1OC[C@H]1CN2CCC[C@@H]2CO1,Active
C=CC(=O)Nc1cccc(Nc2nc(Nc3ccc(OCCn4ccnc4)cc3)ncc2F)c1,Active
Nc1ccccc1NC(=O)/C=C/c1ccc(-c2ccc3ncnc(Nc4ccc(OCc5cccc(F)c5)c(Cl)c4)c3c2)cc1,Active
Cn1c(=O)c(-c2c(Cl)cccc2Cl)cc2cnc(Nc3ccc(CCCC(=O)O)cc3)nc21,Active
C=CC(=O)Nc1cc(-n2c(=O)cc(C)c3cnc(Nc4ccc(N5CCN(C)CC5)cc4OC)nc32)cc(C(C)(C)C)c1,Active
CCN(Cc1ccccc1)c1nc(O)nc(Nc2ccc3ncsc3c2)n1,Inactive
CCNc1ccc2c(Nc3cccc(Br)c3)ncnc2c1,Active
Cn1c(=O)ccc2c([C@H](Nc3cc(C#N)c4ncc(C#N)c(NCC(C)(C)C)c4c3)C3=CN(C4(C(F)(F)F)CC4)NN3)cccc21,Active
C=CC(=O)N1CC(Nc2nc(Nc3ccc(N4CCN(C5COC5)CC4C)cc3)c3c(c2F)CNC3=O)CCC1C,Inactive
CCCCCCCCCCCCCCNC(=O)c1cc(NCc2cc(O)ccc2O)ccc1O,Inactive
C=CC(=O)N1CC(Nc2cncc(-c3cnc(Oc4cccc(OC(F)(F)F)c4)nc3)n2)C1,Inactive
COc1cc2c(N(C)c3ccccc3)ncnc2c(OC)c1OC.Cl,Inactive
Cn1cnc2cccc([C@H](Nc3cc(C#N)c4ncc(C#N)c(NCC(C)(C)C)c4c3)C3=CN(C4(C(F)(F)F)CC4)NN3)c21,Active
Cc1c(C(=O)N2CCOc3ccc(-c4ccc(N)nc4)cc3C2)ccc(S(C)(=O)=O)c1F,Inactive
COc1cc2ncnc(Oc3ccc(NC(=O)Nc4ccc(F)cc4F)cc3)c2cc1OC,Inactive
Clc1cc(Nc2ncnc3[nH]nc(OCCN4CCOCC4)c23)ccc1OCc1ccccn1,Active
COc1cc2c(Nc3ccc(Br)c(Cl)c3)ncnc2cc1OC1CCN(C)C1,Active
O=c1[nH]cnc2[nH]c(-c3ccnc(/C=C/c4ccc(CN5CCOCC5)cc4)c3)cc12,Inactive
CCOc1ccc(C(=O)N[C@@H]2CCCN(c3nnc(C(N)=O)c(Nc4ccc(C(=N)N(C)C)cc4)n3)C2)cc1,Inactive
Cc1ncsc1-c1ccc([C@H](C)NC(=O)[C@H]2C[C@H](O)CN2C(=O)[C@@H](NC(=O)COCCCC#Cc2cccc3c2C(=O)N(C(C(=O)Nc2nccs2)c2cc(F)ccc2O)C3)C(C)(C)C)cc1,Inactive
CC(C)(C)CNc1c(C#N)cnc2c(C#N)cc(N[C@H](C3=CN(C4(C#N)CC4)NN3)c3cccc4ncccc34)cc12,Active
COc1cc2ncnc(Nc3cccc(C(F)(F)F)c3)c2cc1OCCCCC(=O)Nc1ccc(S(N)(=O)=O)cc1,Active
CN(c1ccccc1)c1ncnc2cc3oc(=O)n(CCCN4CCOCC4)c3cc12,Inactive
C=CC(=O)Nc1cccc(-n2c(=O)c(C3CCCC3)nc3cnc(Nc4ccc(OCCOC)cc4)nc32)c1,Active
C=CC(=O)Nc1cc(Nc2nccc(-c3c(-c4ccc(OCc5ccccn5)c(Cl)c4)n(C)c4ccccc34)n2)c(OOC)cc1N(C)CCN(C)C,Active
COCCOc1cc2ncnc(NC3=CC(=O)C(OCc4cccc(F)c4)=CC3=O)c2cc1OC,Inactive
C=CC(=O)Nc1cccc(Nc2nc(Nc3ccc(NC(C)C)cc3OC)ncc2C(F)(F)F)c1,Active
COc1ccc(/C=C\c2cc(OC)c(OC)c(OC)c2)cc1NC(=O)CCC(=O)N[C@@H](CCCNC(=N)N)C(=O)O,Inactive
O=C(Nc1nccs1)C(c1ncn2c1CCC2)n1cc2c(Cl)cc(-c3ccc(N4CCOCC4)cc3)c(Cl)c2n1,Active
C/C=C/C(=O)Nc1cc2c(Oc3ccc(NC(=O)CCCc4ccsc4)cc3F)ncnc2cc1OC,Inactive
C=CC(=O)Nc1cccc(Nc2nc(Nc3ccccc3)ncc2C(=O)NCc2ccc(OC)cc2)c1,Inactive
CCOc1cc([N+](=O)[O-])c(C(=O)Nc2ccc(F)c(Cl)c2)cc1NC(=O)c1ccc(CN2CCN(C)CC2)cc1,Inactive
C=CC(=O)N1CCC(Oc2cc3c(Nc4ccc(C(F)(F)F)cc4)ncnc3cc2OC)CC1,Inactive
Cc1cccc(Nc2ncnc3cnc(N(C)C)cc23)c1,Active
COc1cc2ncnc(Oc3ccc(Br)c(F)c3)c2cc1OC,Inactive
C=CC(=O)Nc1cccc(Nc2nc(Nc3ccc(OC)c(OC)c3OC)ncc2Cl)c1,Active
Cc1cccc2nc(NC(=O)c3cccc(C(F)(F)F)c3)n([C@@H]3CCCCN(C(=O)/C=C/CN(C)C)C3)c12,Active
O=C(C#CCCN1CCOCC1)Nc1cc2c(Nc3ccc(F)c(Br)c3)ncnc2cn1,Active
O=C1Nc2ccccc2/C1=C/c1ccc[nH]1,Inactive
COc1ccc(C2=NN(C3=NC(=O)CS3)C(c3ccc(C)cc3)C2)cc1,Inactive
NS(=O)(=O)c1ccc2c(c1)/C(=C/c1[nH]c3c(c1CCC(=O)O)CCCC3)C(=O)N2,Inactive
CC(C)(C)CNc1c(C#N)cnc2c(C#N)cc(N[C@H](C3=CN(C4(CF)CC4)NN3)c3cccc4cnccc34)cc12,Active
CC(C)c1ccc(Nc2nc(N)nc3[nH]c(Cc4ccc(Cl)cc4Cl)cc23)cc1,Inactive
NC(=O)Nc1ccc2ncnc(Nc3ccc(F)c(Cl)c3)c2c1,Active
COc1ccc(Nc2ccnc3cc(OC)c(OC)cc23)cc1OC,Inactive
COc1cc2c(Nc3ccc(Br)c(Cl)c3Cl)ncnc2cc1OC[C@@H]1CN2CCOC[C@H]2CO1,Active
COc1cc2ncnc(Nc3cccc(Cl)c3F)c2cc1OC1CCN(C)CC1,Active
Cn1c(SSc2c(CC(=O)O)c3ccccc3n2C)c(CC(=O)O)c2ccccc21,Inactive
C=CC(=O)N1CCC(Oc2cc3c(Nc4ccc(Cl)cc4Cl)ncnc3cc2OC)CC1,Inactive
CC(C)(C)CNc1c(C#N)cnc2c(C#N)cc(N[C@H](C3=CN(C4(C(N)=O)CCC4)NN3)c3cccc4ncccc34)cc12,Active
COC[C@@H](C(N)=O)N(C)Cc1cc2c(Nc3cccc(Cl)c3F)ncnc2cc1OC,Active
CC#CC(=O)N1CCC[C@H]1c1nc(-c2ccc(C(=O)Nc3cc(C(F)(F)F)ccn3)c(OC)c2)c2c(N)nccn12,Inactive
COc1cc2c(Nc3ccc(Cl)c(Cl)c3)ncnc2cc1OCc1c(F)cccc1F,Active
CN1CCN(CCC(=O)N2CCOc3c2ccc2ncnc(Nc4cccc(C(F)(F)F)c4)c32)CC1,Active
N#C/C(=C\c1ccc(O)c(O)c1)C(N)=S,Inactive
Cc1nc2cnc(Nc3ccnc(N4CC[C@H](O)C(F)(F)C4)n3)cc2n1C(C)C,Inactive
C=CC(=O)Nc1cccc(-n2c(=O)cc(N(C)C)c3cnc(Nc4ccc(N5CCN(C)CC5)cc4OC)nc32)c1,Active
CCC(=O)N1CC(Oc2nn(C(C)(C)C)c3ncnc(N)c23)C1,Inactive
O=C(Nc1ccc(Oc2ccnc3[nH]ccc23)c(F)c1)c1nnn(-c2ccc(F)cc2)c1C(F)(F)F,Active
C=CC(=O)Nc1cc(Nc2ncc(C#N)c(-c3cc(F)c4nc(C)n(C(C)C)c4c3)n2)c(OC)cc1N(C)CCN(C)C,Active
C=CC(=O)Nc1cccc(-n2c(=O)cc(C)c3cnc(Nc4ccc(N5CCN(CCCCCC(=O)N[C@H](C(=O)N6C[C@H](O)C[C@H]6C(=O)NCc6ccc(-c7scnc7C)cc6)C(C)(C)C)CC5)cc4OC)nc32)c1,Active
C=CC(=O)NCCSc1nc(-c2ccccc2)c(-c2ccnc(Nc3ccccc3)c2)[nH]1,Active
COc1ccc(-c2cnc3cc(OC)c(OC)cc3c2)cc1F,Inactive
CCC(F)(F)CN1C=C([C@@H](Nc2cc(Cl)c3ncc(C#N)c(NCC(C)(C)C)c3c2)c2ccc(F)nc2C)NN1,Active
CCOC(=O)C1=C(C(F)(F)F)NC2=C(C(=O)CC(C)(C)C2)C1c1ccc(S(=O)(=O)c2ccccc2)cc1,Active
COc1ccc(OC)c(Cc2cc3c(Nc4ccc(Cl)cc4)nc(N)nc3[nH]2)c1,Inactive
CCC(=O)N1CCC[C@@H](n2nc(-c3ccccc3)c3c(N)ncnc32)C1,Inactive
CCC1CCN(c2ccc(-c3cc(F)c4c(c3)C(=O)N(C(C(=O)Nc3nccs3)c3ncn5c3CCC5)C4)cc2)CC1,Active
Oc1ccc(-c2nc(-c3ccc(F)cc3)c(-c3ccnc4[nH]c(-c5ccccc5)cc34)[nH]2)cc1,Active
CCOC(=O)Nc1ccc(Nc2ncnc3cc(OC)c(OCCN(CC)CC)cc23)cc1C.Cl,Inactive
Nc1cc2ncnc(NCc3ccccc3)c2cn1,Inactive
CCO/N=C/c1c(N)ncnc1Nc1ccc2c(cnn2Cc2cccc(F)c2)c1,Active
Cc1nc(F)ccc1[C@H](Nc1cc(Cl)c2ncc(C#N)c(NCC3(C(F)(F)F)CCC3)c2c1)C1=CN(C2(C(F)F)CC2)NN1,Active
CC(C)(C)CNc1c(C#N)cnc2c(C#N)cc(N[C@H](C3=CN(C4(C(F)(F)F)CC4)NN3)c3cccc4c(=O)n(CC(F)F)ccc34)cc12,Active
C=CC(=O)Nc1cc(Nc2ncc(C(=O)OC(C)C)c(-c3cn(C)c4ccccc34)n2)c(OC)cc1N(C)C[C@H]1CCCN1C,Active
C=CC(=O)Nc1cc2c(Nc3ccc(F)c(Cl)c3)ncnc2cc1OCC[C@@H]1[C@H]2CN(C)C[C@@H]12,Active
COc1cc2ncnc(Nc3ccc(F)c(Cl)c3)c2cc1OCCCCCCn1ccnc1[N+](=O)[O-],Active
COc1ccccc1Cc1nc2ccc(-c3nn([C@H]4CC[C@H](N5CCN(C(=O)N(C)C)CC5)CC4)c4ncnc(N)c34)cc2[nH]1,Active
C=CC(=O)Nc1cccc(Nc2nc(Nc3ccc(OCC(=O)NC(C)C(=O)OC)cc3)ncc2Cl)c1,Active
COc1cc2c(cc1OC)Oc1ncnc(Nc3ccc(F)cc3)c1NC2,Inactive
C=CC(=O)Nc1cccc(Nc2nc(Nc3cccc(OC)c3OC)ncc2Br)c1,Active
COc1c(Cl)cccc1Nc1c(C#N)cnc2c(Cl)cc(N[C@@H](C3=CN(C4CC4)NN3)c3ccc(F)nc3)cc12,Active
Cc1nc([C@H](Nc2cc(C#N)c3ncc(C#N)c(NCC(C)(C)C)c3c2)C2=CN(C3(C(F)F)CC3)NN2)c(C)o1,Active
COc1cc2ncnc(Nc3ccc(OCc4cccc(F)c4)c(Cl)c3)c2cc1NC(=O)/C(F)=C/CN(C)C,Active
COc1cc2nc(Cl)nc(Nc3ccc(S(=O)(=O)N(C)C)cc3)c2cc1OC,Inactive
COc1cc2c(Nc3ccc(Cl)c(Cl)c3)ncnc2cc1OCC1CN(C(C)=O)CCCO1,Active
CCCCN(CC#CC(=O)Nc1ccc2ncnc(Nc3ccc(F)c(Cl)c3)c2c1)CCCC,Active
COc1ccccc1-c1cc(C(=O)/N=c2\[nH]c3cc(CN4CCOCC4)ccc3n2[C@H]2CCC[C@@H](O)C2)ccn1,Active
Cc1[nH]c(/C=C2\C(=O)Nc3cc(-c4ccccc4)ccc32)c(C)c1CCC(=O)O,Inactive
CCOCCSc1nc(-c2ccccc2Cl)nn1CCOCC,Active
O=C1CSC(N/N=C/c2cccc(Cl)c2)=N1,Inactive
O=c1ccc2ccc(Oc3nc(Nc4ccc(N5CCOCC5)cc4)nc4ccsc34)cc2[nH]1,Inactive
C=CC(=O)Nc1cccc(-n2c(=O)cc(-c3ccccc3)c3cnc(Nc4ccc(N5CCN(C)CC5)cc4OC)nc32)c1,Active
COc1cc2c(Oc3ccc(C4SCC(=O)N4NC(=O)Nc4ccccc4)cc3)ccnc2cc1OCCCN1CCOCC1,Inactive
CCN(CC)[C@@](C)(CCc1ncnc2cc(OC)c(OC)cc12)Cc1ccccc1,Active
C=C=CC(=O)Nc1cc(Nc2nccc(-c3cn(C)c4ccccc34)n2)c(OC)cc1N1CCC(N(C)C)C1,Active
COc1ccc(C(=O)c2c(N)nn3c(NC(C)(C)CC(C)(C)C)nc4ccccc4c23)cc1,Active
Cc1c(C(=O)NCCCN2CCN(C)CC2)[nH]c2cnnc(Nc3ccc(OCc4cccc(F)c4)c(Cl)c3)c12,Inactive
CN(C)C/C=C/C(=O)Nc1cc2c(Nc3ccc(OCc4cccc(F)c4)c(Cl)c3)ncnc2cn1,Active
COc1cc2c(Oc3ccc(NC(=O)c4cn(-c5ccccc5Cl)nn4)cc3F)ccnc2cc1OCCCN1CCCCC1,Active
COc1cc(N2CCN(C)CC2)ccc1Nc1ncc(Cl)c(Oc2cccc(NC(=O)CCC3CC3)c2)n1,Inactive
CO[C@H](C)c1c(O)cc2c(c1O)C(=O)c1c(O)cc(O)cc1C2=O,Inactive
C=CC(=O)Nc1cccc(-n2c(=O)c(-c3ccccc3Cl)nc3cnc(Nc4ccc(OCCOC)cc4)nc32)c1,Active
COCC(Nc1c(C#N)cnc2c(Cl)cc(N[C@H](C3=CNNN3)c3cccnc3)cc12)c1ccccc1,Inactive
Cn1c(SSc2c(C(=O)Nc3ccccc3C(=O)O)c3ccccc3n2C)c(C(=O)Nc2ccccc2C(=O)O)c2ccccc21,Inactive
C=C(C#N)C(O)c1cccc(Nc2nc(Nc3ccc(OCCOC)c(F)c3)ncc2F)c1,Active
C=CC(=O)Nc1cccc(-c2c(-c3ccc(N4CCOCC4)cc3)oc3ncnc(NCCO)c23)c1,Active
N#CC(C#N)=C1CCc2c1ccc(O)c2O,Inactive
CN1CCN(c2ccc(Nc3ncc(Cl)c(Nc4ccccc4C(=O)NO)n3)cc2)CC1,Active
CC(C)(CNc1c(C#N)cnc2c(Cl)cc(N[C@H](C3=CN(C45CC(C4)C5)NN3)c3cccc4ncccc34)cc12)C(F)(F)F,Active
C=CC(=O)N1CCC(Nc2cc3c(Nc4ccc(F)c(Cl)c4)ncnc3cc2O[C@H]2CCOC2)CC1,Active
CN(C)c1ccc(C2CC(c3ccc4c(c3)OCCO4)=NN2c2ccccc2)cc1,Inactive
OC1CCN(Cc2ccn3ncnc(Nc4ccc5c(cnn5Cc5cccc(F)c5)c4)c23)CC1,Active
Cc1c(C(=O)NCCc2ccc(F)cc2)[nH]c2cc(F)ccc12,Active
N#CC(C#N)=Cc1ccco1,Inactive
Brc1cccc(Nc2ncnc3cc(OCCCN4CCOCC4)c4c(c23)OCCO4)c1,Active
C=CC(=O)N1CCC(Nc2nc(Nc3ccc(OCCOC)cc3)c3c(c2F)CNC3=O)C1,Inactive
C=CC(=O)N1CCC(Oc2cc3c(Nc4cccc(C#N)c4)ncnc3cc2O[C@H]2CCOC2)CC1,Active
COc1cc2ncnc(Nc3ccc(Br)cc3)c2cc1OC,Inactive
CC[C@@H](Nc1c(C#N)cnc2c(Cl)cc(N[C@@H](C3=CN(C4CC4)NN3)c3ccc(F)nc3)cc12)c1ccccc1,Active
CN(C)C/C=C/C(=O)Nc1cccc(Nc2nc(N/N=C/c3c[nH]c4ccccc34)ncc2Cl)c1,Inactive
COc1cc2nccc(Nc3ccc(F)c(Cl)c3)c2cc1NC(=O)/C=C/C(C)N(C)C,Inactive
O=C1NC(=O)c2cc(Nc3ccc(-c4ccccc4)cc3)c(Nc3ccc(-c4ccccc4)cc3)cc21,Inactive
O=C(/N=c1\[nH]c2ccccc2n1[C@H]1CC[C@@H](O)CC1)c1ccnc(-c2ccccc2)c1,Inactive
COc1cc(C2CN(C(=O)c3cc(COC[C@@H](O)CO)ccn3)C2)ccc1OCc1ccc(C2CC2)cc1,Inactive
C=CC(=O)Nc1cc(Nc2ncc(Cl)c(-c3cnn4ccccc34)n2)c(OC)cc1OC(COC)CN(C)C,Active
Cc1cc(Nc2ncc(Cl)c(Nc3ccccc3P(C)(C)=O)n2)ccc1N1CCC(N2CCN(C)CC2)CC1,Active
CC(C)(C)N1C=C([C@@H](Nc2cc(Cl)c3ncc(C#N)c(Nc4cnc(F)c(F)c4)c3c2)c2cccnc2)NN1,Active
C1=CC2=C(Cc3nnc(Cc4nc5ccccc5[nH]4)o3)CNC2C=C1,Inactive
Cc1nc(F)ccc1[C@H](Nc1cc(Cl)c2ncc(C#N)c(NCC(C)(C)C)c2c1)C1=C(I)N(C2CC2)NN1,Active
CC#CC(=O)Nc1cc2c(Nc3ccc(F)c(Cl)c3)ncnc2cn1,Active
CN(C(=O)N[C@@H]1CCCN(c2cnc(C(N)=O)c(Nc3ccc(C4(C(N)=O)CC4)cc3)n2)C1)c1cc(Cl)cc(C(F)(F)F)c1,Inactive
CO[C@H]1[C@@H](N(C)C(=O)c2ccccc2)C[C@@H]2O[C@@]1(C)n1c3ccccc3c3c4c(c5c6ccccc6n2c5c31)C(=O)NC4,Inactive
Cl.Nc1ccc2c(c1)sc1c(Nc3cccc(Br)c3)ncnc12,Active
N#C/C(=C\c1cccc(-c2cccc3[nH]ncc23)c1)C(N)=O,Inactive
COCCOc1cc2ncnc(Nc3ccc(F)c(Cl)c3)c2cc1NC(=O)CCCCC(=O)NO,Active
C[C@]1(O)C[C@@H](c2nc(-c3ccc4ccc(-c5ccccc5)nc4c3)c3c(N)nccn32)C1,Inactive
Cc1cccc(Cl)c1Nc1nc2ccc(N3CCN[C@@H](C)C3)nc2n2cncc12,Inactive
CCCCCCCCNC(C)C(O)c1ccc(SC(C)C)cc1,Active
Cn1cc(-c2ccnc(Nc3cccc(OCCCCn4ccnc4[N+](=O)[O-])c3)n2)c2ccccc21,Inactive
Nc1ccc2sc3c(Nc4cccc(Br)c4)ncnc3c2c1,Active
C=CC(=O)Nc1cc(Nc2nc(OC)cc(-c3cn(C)c4ccccc34)n2)c(OC)cc1N(C)CCN(C)C,Active
C=C(CN(C)C)C(=O)c1ccccc1.Cl,Inactive
COCCOc1cc2ncnc(Nc3ccc(F)c(C#N)c3)c2c2c1OCCO2,Active
C=CC(=O)Nc1cc2c(Nc3ccc(F)c(Cl)c3)ncnc2cc1OCc1cn(Cc2ccccc2F)nn1,Active
Nc1ncnn2ccc(C(=O)Nc3ccc(NC(=O)Nc4cccc(F)c4)cc3)c12,Inactive
CC(C)N(CC#CC(=O)Nc1ccc2ncc(C#N)c(Nc3cccc(Br)c3)c2c1)C(C)C,Active
Oc1ccc(-c2nnc(Cc3nc4ccccc4[nH]3)o2)cc1,Inactive
COc1ccc(CCOc2ccc(C(=O)/C=C/c3ccc(O)c(O)c3)cc2OC)cc1OC,Inactive
COc1cc(N2CCC(N3CCCCC3)CC2)ccc1Nc1nccc(-c2c(-c3cccc(C(=O)Nc4c(F)cccc4F)c3)nc3cc(C(F)(F)F)ccn23)n1,Active
COc1cc2c(Nc3ccc(Br)c(Cl)c3)ncnc2cc1O[C@H]1CO[C@H]2[C@@H]1OC[C@@H]2OC(F)F,Active
COc1ccc(/C(C)=N/Nc2ncc(Cl)c(Nc3ccccc3S(=O)(=O)C(C)C)n2)cc1,Inactive
COc1ccc(C2=NN(c3nc(-c4ccccc4)cs3)C(c3ccc(Br)cc3)C2)cc1,Inactive
Cc1cn2c(-c3cn[nH]c3)cnc2c(Nc2cc(Cc3ccccn3)ns2)n1,Active
COCCOc1cc2ncnc(Nc3cccc(C(=O)Oc4ccc([N+](=O)[O-])cc4)c3)c2cc1OCCOC,Inactive
CC1(C)CC[C@]2(C(=O)O)CC[C@]3(C)C(=CC[C@@H]4[C@@]5(C)CC[C@H](O)[C@@](C)(CO)[C@@H]5CC[C@]43C)[C@@H]2C1,Inactive
COc1cc(N2CCC(N3C[C@@H](C)O[C@@H](C)C3)CC2)ccc1Nc1nccc(-c2c(-c3cccc(C(=O)Nc4c(F)cccc4F)c3)nc3ccccn23)n1,Active
O=C(Nc1cc(Nc2ccc(Cl)cc2)ncn1)c1ccc(F)cc1,Inactive
C#CC(=O)N1CCC(c2cnn3c(C(N)=O)c(-c4ccc(Oc5ccc(F)cc5)cc4)[nH]c23)C1,Active
COc1cc(/C=C(\C#N)C(=O)NCCCCNC(=O)/C(C#N)=C/c2cc(Br)c(O)c(OC)c2)cc(Br)c1O,Inactive
C=CC(=O)Nc1cccc(-c2c(N)ncnc2Nc2ccc(Oc3ccccc3)cc2)c1,Active
C=CC(=O)N1CCC(c2nc(Nc3ccc(N4CCC(N5CCN(C)CC5)CC4)c(C)c3)c(C(N)=O)nc2CC)CC1,Active
CN(C)CCNc1[nH]cnc2c3ccccc3nc1-2.Cl,Inactive
CC(C)(CO)NCc1ccc(-c2cc3ncnc(Nc4ccc5[nH]ccc5c4)c3s2)cc1,Active
COc1cc2ncc(C#N)c(N[C@@H]3C[C@H]3c3ccccc3)c2cc1OCc1ccccc1,Inactive
CC(C)(/C=C(/C#N)C(=O)N1CCC[C@@H]1Cn1nc(-c2ccc(Oc3ccccc3)cc2F)c2c(N)ncnc21)N1CCOCC1,Inactive
COc1cc2ncnc(Nc3ccc(F)c(Cl)c3)c2cc1OCCCNCc1c(OC)cc(OCc2cccc(-c3ccccc3)c2C)cc1OC,Active
O=C(C#CCO)Nc1ccc2ncnc(Nc3ccc(F)c(Cl)c3)c2c1,Active
O=S(=O)(Nc1nccs1)c1ccc(Nc2nc(Cl)nc3cc4c(cc23)OCO4)cc1,Inactive
CCN1CCN(c2ccc(Nc3nc(Oc4ccc5ccc(=O)[nH]c5c4)c4sccc4n3)c(OC)c2)CC1,Inactive
C=CC(=O)Nc1ccc2ncnc(Nc3ccc(Oc4ccccc4)cc3)c2c1,Active
C=CC(=O)Nc1cc(Nc2nccc(-c3cn(C)c4ccccc34)n2)c(OC)cc1N1CCS(=O)(=O)CC1,Active
CC(C)(C)CNc1c(C#N)cnc2c(Cl)cc(N[C@H](C3=CN(C4(C(F)F)CC4)NN3)c3cccnc3)cc12,Active
COc1cc2nc(N(C)C)nc(N[C@H](C)c3cccc4ccccc34)c2cc1OC,Inactive
CC(C)Oc1ncccc1[C@H](Nc1cc(Cl)c2ncc(C#N)c(Nc3ccc(F)c(Cl)c3)c2c1)C1=CN(C2CCN(C(C)(C)C)CC2)NN1,Active
C[C@@H](NC(=O)c1ccc(S(=O)(=O)Oc2ccc(/C=C/[N+](=O)[O-])cc2)cc1)C(=O)N[C@H](C)C(=O)NCCNC(=O)OC(C)(C)C,Inactive
C#Cc1cccc(Nc2nc(NC(=O)C(C)(C)C)nc3[nH]c(CCc4ccccn4)cc23)c1,Inactive
N#Cc1cnc2c(Cl)cc(NC(C3=CN(C4CCNCC4)NN3)c3cccnc3)cc2c1Nc1ccc(F)c(Cl)c1,Active
COc1ccc(OC)c(Cc2cc3c(Nc4cccc(Br)c4)nc(N)nc3[nH]2)c1,Inactive
NC(=S)N1N=C(c2ccc(Br)c(Br)c2)CC1c1ccc(Br)cc1,Inactive
C/C(=N\Nc1ncc(Cl)c(Nc2cccc(NC(=O)/C=C/CN(C)C)c2)n1)c1ccc(F)cc1,Inactive
CCOc1cc2ncnc(Nc3ccc(OCc4ccccn4)cc3)c2cc1NC(=O)/C=C/CN1CCCC1,Active
COc1cc(O)c2c(=O)n(-c3cccc(C(=O)N4CCCCC4)c3)ccc2c1,Inactive
C=CCCCCN1CCOC(COc2cc3ncnc(Nc4ccc(Cl)c(Cl)c4)c3cc2OC)C1,Active
COc1cc2ncnc3c2cc1OCCCCCCOc1cc(F)c(Cl)cc1N3,Inactive
COc1cc2c(Oc3ccc(NC(=O)c4nn(-c5ccc(F)cc5)c(=O)c5ccccc45)cc3F)ccnc2cc1OCCCN1CCCC1,Inactive
CCc1ccccc1NC(=O)N1C[C@@H](C)Oc2cc(-c3ccc([C@H]4CC[C@H](CC(=O)O)CC4)cc3)ccc21,Inactive
COc1cccc(-c2cn(-c3ccccc3)c3ncnc(N)c23)c1,Inactive
COc1ccc(C(=O)N[C@@H]2CCCN(c3cnc(C#N)c(Cl)n3)C2)cc1,Inactive
C=CC(=O)N[C@H]1CCN(c2nc(Nc3ccccc3)nc3cnc(Nc4ccc(N5CCN(C)CC5)cn4)cc23)C1,Active
COC(=O)CN1CCC(n2cc(-c3cccc(OC)c3)c3c(N)ncnc32)C1,Active
C=CC(=O)N1C[C@H]2C[C@@H](n3nc(-c4ccc(Oc5ccc6c(c5)ncn6C)c(C)c4)c4c(C)ncnc43)[C@@H]1C2,Inactive
COc1cc(N2CCN(C(C)=O)CC2)ccc1Nc1ncc(Cl)c(Nc2cccc(C(=O)Oc3ccc(F)cc3)c2)n1,Inactive
Cc1sc2ncnc(N)c2c1-c1ccc(NC(=O)Nc2cc(C(F)(F)F)ccc2F)cc1,Inactive
Nc1nc(-c2ccc(Br)cc2)cc(-c2cn(Cc3cccc(Cl)c3)c3ccccc23)n1,Active
NCCOCc1ccn2ncnc(Nc3ccc4c(cnn4Cc4cccc(F)c4)c3)c12,Active
COc1cc2cc([N+](=O)[O-])cnc2cc1OC,Inactive
COc1ccccc1-c1cc(C(=O)/N=c2\[nH]c3cc(C4CCCN(C(C)=O)C4)ccc3n2CC(C)(C)O)ccn1,Active
COc1ccc(C2=NN(C3=NC(=O)CS3)C(c3ccc4ccccc4c3)C2)cc1,Inactive
CCOC(=O)c1ccc(Nc2ncnc3cc4oc(=O)n(CCCN5CCOCC5)c4cc23)cc1,Inactive
Nc1nc(Nc2ccc3[nH]ccc3c2)c2cc(CCc3ccccc3)[nH]c2n1,Inactive
Cc1cccc(Nc2ncnc3ccncc23)c1N,Active
Cc1cc(C(=O)NC(C)(C)C)cc(C#Cc2ccc3c4c(oc3c2)C(C)(C)c2cc(NS(C)(=O)=O)ccc2C4=O)n1,Inactive
COC(=O)CCC1C(S)=Nc2ccccc21,Inactive
CCCc1cc(N2CCC(O)CC2)nc2sc(C(N)=O)c(N)c12,Inactive
COc1cc2ncc(C#N)c(Nc3ccc(C)cc3)c2cc1OC,Inactive
COc1cc2c(Nc3ccc(F)c(F)c3F)ncnc2cc1O[C@@H]1CO[C@@H]2[C@H]1OC[C@H]2F,Active
COC(=O)c1ccc(NCc2cc(O)ccc2O)cc1O,Inactive
CC(C)(C)NC(=O)c1ccc(S(=O)(=O)Oc2ccc(/C=C/[N+](=O)[O-])cc2)cc1,Inactive
C=CC(=O)Nc1cccc(-c2cccc3cnc(Nc4ccc(N5CCN(C)CC5)cc4)nc23)c1F,Active
OCCc1nc(-c2ccc(F)cc2)c(-c2ccnc3[nH]c(-c4ccccc4)cc23)[nH]1,Active
CNS(=O)(=O)c1cccc(N(C)c2cc(Nc3cccc(C)c3)ncn2)c1,Inactive
Cc1cc(CS(=O)(=O)c2ccccc2)cc(OCc2ccc(CN3CCC[C@@H]3CO)cc2)c1,Inactive
CCOC(=O)C1=C(N)N(c2cccnc2)C2=C(C(=O)CC(C)(C)C2)C1c1c(C)nn(-c2ccccc2)c1Cl,Inactive
COc1cc(N2CCN(C)CC2)ccc1Nc1ncc(Cl)c(Oc2ccc(CCCOc3no[n+]([O-])c3S(=O)(=O)c3ccccc3)cc2)n1,Inactive
COC(=O)[C@@]1(Cc2ccc(O)c(CC=C(C)C)c2)OC(=O)C(O)=C1c1ccc(O)cc1,Inactive
C[C@@H]1CCN(C(=O)CC#N)C[C@@H]1n1ccc2cnc3[nH]ccc3c21,Inactive
CCOc1cc(N2CCN(C(C)C)CC2)ccc1Nc1nccc(-c2c(-c3cccc(C(=O)Nc4c(F)cccc4F)c3)nc3ccccn23)n1,Active
C[C@@H](c1cccc(F)c1)n1ncc2cc(Nc3ncnn4ccc(COC[C@@H]5CNCCO5)c34)ccc21,Active
O=NN(CCCl)C(=O)Nc1ccc2ncnc(Nc3cccc(Br)c3)c2c1,Active
O=S1(=O)N=S(c2ccc(Br)cc2)c2ccncc21,Inactive
C=CC(=O)Nc1cccc(-c2cccc3cnc(Nc4ccc(N5CCN(C)CC5)c(C#N)c4)nc23)c1,Active
CC[C@]1(F)CN(c2nccc(Nc3cc4c(C(C)C)ccc(N5C[C@H](CS(C)(=O)=O)[C@H]5C)c4cn3)n2)CC[C@H]1O,Active
Nc1ccc2ncnc(Nc3ccc4[nH]cc(Br)c4c3)c2c1,Active
O=C1CCc2c(Oc3ccc4c(c3)[C@H]3[C@H](NC(=O)c5ccc(CN6CCCCC6)c(C(F)(F)F)c5)[C@H]3O4)ccnc2N1,Active
CN(C)CCCn1cc(C2=C(c3c[nH]c4ccccc34)C(=O)NC2=O)c2ccccc21,Inactive
O=C1Nc2ccc(C(=O)O)cc2/C1=C/c1cc2c([nH]1)CCCC2,Inactive
CCc1cccc(NC(=O)CSc2nc3cc4ccccc4cc3c(=O)n2-c2ccc(S(N)(=O)=O)cc2)c1,Active
Cc1cccc(Nc2nc(Nc3cccc(NC(=O)/C=C/CN4CCC4)c3)ncc2F)c1,Active
CC(C)(C)N1CCC(N2C=C([C@@H](Nc3cc(Cl)c4ncc(C#N)c(Nc5ccc(F)c(Cl)c5)c4c3)c3cccc4c3SCN4)NN2)CC1,Active
COc1cc(N2CCN(C)CC2)ccc1Nc1ncc(Cl)c(Oc2cccc(N=C=S)c2)n1,Inactive
Cc1cc(Nc2ncc3c(n2)N([C@H]2CCN(C(=O)CC(C)C)C2)C(=O)N(c2ccccc2Cl)C3)ccc1N1CCN(C)CC1,Active
C=CC(=O)N1CCC[C@H](n2nc(-c3c(C)cc(Oc4ccccc4)cc3C)c3c(N)ncnc32)C1,Inactive
CC#CC(=O)N1CCCC[C@H]1c1nc(-c2ccc(C(=O)Nc3cc(-c4ccccc4)ccn3)cc2)c(C(N)=O)n1N,Inactive
C#Cc1cccc(Nc2ncnc3cc(OC)c(OCCCCCCN/C(=N\C#N)Nc4ccncc4)cc23)c1,Active
CCOc1ccc(C2=NN(C(C)=O)C(c3ccc(C(=O)OCCn4c([N+](=O)[O-])cnc4C)cc3)C2)cc1,Inactive
C=CC(=O)Nc1cccc(N2C(=O)N(C)Cc3cnc(Nc4ccc(N5CCN(C)CC5)cc4)nc32)c1,Active
O=C(Nc1cc2c(Nc3ccc(F)c(Cl)c3)ncnc2cc1OCCCN1CCOCC1)c1cccc(C(F)(F)F)c1F,Active
Fc1cccc(COc2ccc(Nc3ncnc4cc(-c5ccc[nH]5)sc34)cc2Cl)c1,Active
C=CC(=O)N1CCOc2ccc(Nc3nc(Nc4ccc5c(c4)CC(=O)N5)ncc3C(C)=O)cc21,Active
COCCOc1cc2ncnc(Nc3ccc(OS(=O)(=O)F)cc3)c2cc1OCCOC,Inactive
C=CC(=O)N1CCCC(n2nc(-c3ccc(Oc4ccc(Cl)cc4)cc3)c(C(N)=O)c2N)C1,Active
Nc1nc(Nc2cccc(Br)c2)c2cc(Cc3cccc4ccccc34)[nH]c2n1,Inactive
O=C(Cc1c(SSc2[nH]c3ccccc3c2CC(=O)NCc2ccccc2)[nH]c2ccccc12)NCc1ccccc1,Inactive
CN(CCO)c1ccc2ncnc(Nc3cccc(Br)c3)c2c1,Active
O=C(Nc1ccccc1Br)c1ccc(N(CCCl)CCCl)cc1,Inactive
C=CC(=O)Nc1cc(Nc2ncc(P(C)(C)=O)c(-c3cn(C)c4ccccc34)n2)c(OC)cc1N(C)CCN(C)C,Active
C=CC(=O)N(c1ccc(F)c(C(F)(F)F)c1)c1ncnc2cc(OC)c(OCCCN3CCOCC3)cc12,Inactive
COc1cc(C2NCCc3c2[nH]c2ccccc32)ccc1OCc1ccc(F)cc1Cl,Inactive
O=C1CSC(N/N=C/c2ccc(Br)cc2)=N1,Inactive
Nc1nc(Nc2cccc(C(F)(F)F)c2)c2cc(CCc3ccccn3)[nH]c2n1,Inactive
Cc1nc(O)c2c(ccc3[nH]c(Nc4c(Cl)cccc4Cl)nc32)c1C,Inactive
CCOc1cc2ncc(C#N)c(Nc3ccc(OCc4ccccc4)c(Cl)c3)c2cc1NC(=O)/C=C/CN1CCSCC1,Active
COc1cccc(/C=C2\CCC/C(=C\c3cc(OC)cc(OC)c3)C2=O)c1,Inactive
Cl.O=C(NCCn1ccc2ncnc(Nc3ccc(Oc4cccc5sncc45)c(Cl)c3)c21)[C@@H]1CCCN1,Active
C=CC(=O)Nc1cc2c(Nc3ccc(Br)cc3F)ncnc2cc1OCC(CC)NC(=O)CN(C)C,Active
CC(C)(C)CNc1c(C#N)cnc2c(Cl)cc(N[C@H](C3=CN(C4(C(F)(F)F)CC4)NN3)c3cnc4ccccc4c3)cc12,Active
COc1cc2c(Nc3ccc(C)cc3F)ncnc2cc1OCC1CCNCC1,Active
CCCCN(Cc1cccc(C)c1O)C(=O)Nc1ccccc1,Inactive
COc1ccccc1-c1ccc2c(c1)NC(=O)/C2=C\c1cc2c([nH]1)CCCC2,Inactive
C=CC(=O)N1CCC(Oc2cc3c(Nc4cccc(Cl)c4)ncnc3cc2OC)CC1,Active
OCCNc1ncnc2sc3c(c12)CCCC3,Inactive
O=C(CCCCCC(=O)Nc1ccc(O)c(C(=O)Nc2ccc(OCc3cccc(F)c3)c(Cl)c2)c1)NO,Inactive
CN(C)C/C=C/C(=O)Nc1cc2c(Nc3ccc(F)c(Cl)c3)ncnc2cc1O[C@H]1CCOC1.O=C(O)/C=C\C(=O)O.O=C(O)/C=C\C(=O)O,Active
COc1ncccc1C(=O)NCc1ccc(-c2nn(C3CCCC3)c3ncnc(N)c23)cc1,Inactive
C=CC(=O)Nc1cccc(Nc2nc(Nc3ccc(N4CCC(N5CCOCC5)CC4)cc3OC)ncc2C(F)(F)F)c1,Inactive
COc1cc2c(Nc3ccc(F)cc3F)ncnc2cc1O[C@@H]1CO[C@@H]2[C@H]1OC[C@H]2F,Active
C=CC(=O)NC1=CC=C2N=CN=C(Nc3cccc(C(F)(F)F)c3)C21,Active
O=C1NC(=O)c2cc(Nc3ccc(O)cc3)c(Nc3ccc(O)cc3)cc21,Inactive
CC(C)Oc1cc(N2CCC(N3CCCCC3)CC2)ccc1Nc1nccc(-c2c(-c3cccc(C(=O)Nc4c(F)cccc4F)c3)nc3ccccn23)n1,Active
COc1ccccc1Nc1ncc2cc(-c3c(Cl)cccc3Cl)c(=O)n(C)c2n1,Active
COC(=O)C1=C(N)N(c2cccnc2)C2=C(C(=O)CCC2)C1c1cc2ccccc2n2nnnc12,Inactive
O=C1CSC(NN=C2CCCCCC2)=N1,Inactive
COc1ccc2ncnc(Nc3ccccc3)c2c1.Cl,Active
Cn1c(=O)c(-c2c(Cl)cccc2Cl)cc2cnc(NCc3cccnc3)nc21,Inactive
CC(=O)Nc1ccc2ncnc(Nc3ccc(F)c(Cl)c3)c2c1,Active
CN(C)C1CCN(c2ccc(Nc3cc4c(N5CCCC5)nc(Nc5ccccc5)nc4cn3)nc2)CC1,Active
C=CC(=O)Nc1nc2c(Cc3ccc(F)c(Cl)c3)ncnc2cc1OCCOC,Active
C=CC(=O)Nc1cc(Nc2nccc(-c3cc(F)c4nc(C)n(C(C)C)c4c3)n2)c(OC)cc1OCCOC,Active
C#Cc1cccc(Nc2ncnc3ccc(NC(N)=O)cc23)c1,Active
CN(C/C=C/C(=O)N1CCC[C@@H](Nc2nnc(C(N)=O)c(Nc3ccc(S(C)(=O)=O)cc3)n2)C1)C1CC1,Inactive
C=CC(=O)N1CC[C@H](N2C(=O)N(C(C)C)Cc3cnc(Nc4ccc(N5CCN(C)CC5)cc4OC)nc32)C1,Active
O=C(/C=C/c1cccc(-c2ccc3ncnc(Nc4ccc(OCc5cccc(F)c5)c(Cl)c4)c3c2)c1)NO,Active
COc1nc(Nc2ccc(-c3nc4ccccc4s3)cc2)c2cc[nH]c2n1,Inactive
Fc1cccc(COc2ccc(Nc3ncnc4ccc(NC(=S)NCCN5CCOCC5)cc34)cc2Cl)c1,Active
O=c1ccc2ccc(Oc3nc(Nc4ccc(N5CCC(N6CCCCC6)CC5)c(F)c4)nc4ccsc34)cc2[nH]1,Inactive
COc1cc2ncnc(Nc3ccc(Br)c(Br)c3)c2cc1OC,Active
O=C1CCC(N2C(=O)c3ccc(NCCOCCOCCOCC#Cc4cccc5c4C(=O)N(C(C(=O)Nc4nccs4)c4cc(F)ccc4O)C5)cc3C2=O)C(=O)N1,Inactive
COc1ccc(C2CC(c3ccc(Br)cc3)=NN2c2nc(-c3ccc(Cl)cc3)cs2)cc1,Inactive
CCOC(=O)CCCn1c(=O)oc2cc3ncnc(Nc4ccc(OCc5ccccn5)cc4)c3cc21,Inactive
CCOc1cc2ncnc(Nc3ccc4c(cnn4Cc4ccccc4)c3)c2cc1NC(=O)/C=C/CN1[C@H](C)CCC[C@@H]1C,Active
O=C1CSC(N/N=C/c2ccc(F)cc2)=N1,Inactive
Brc1cccc(Nc2ncnc3cc4c(cc23)OCO4)c1,Active
CCOc1cc2ncc(C#N)c(Nc3ccc(OCc4ccco4)c(Cl)c3)c2cc1NC(=O)/C=C/CN(C)C,Active
C=CC(=O)Nc1cccc(Oc2nc(Nc3ccc(N4CCN(CC(=O)N5CCC(Oc6no[n+]([O-])c6S(=O)(=O)c6ccccc6)CC5)CC4)cc3OC)ncc2Cl)c1,Active
CN1CC[C@H](c2c(O)cc(O)c3c(=O)cc(Sc4ccccc4Cl)oc23)[C@H](O)C1,Inactive
CCC(=O)Nc1ccc2ncnc(Nc3cccc(Br)c3)c2c1,Active
COCCO[C@H]1C=C[C@H](n2nc(-c3ccc(CNC(=O)c4ccccc4OC)cc3)c3c(N)ncnc32)C1,Inactive
C=CC(=O)N1CCC(Oc2cc3c(Nc4ccc(Cl)c(CO)c4)ncnc3cc2OC)C1,Inactive
Brc1cccc(Nc2ncnc3cc4c[nH]nc4cc23)c1,Active
CN(C)C/C=C/C(=O)N1CCc2c(sc3ncnc(N[C@@H](CO)c4ccccc4)c23)C1,Inactive
CCS(=O)(=O)N1CCOC(COc2cc3ncnc(Nc4ccc(Cl)c(Cl)c4)c3cc2OC)C1,Active
C[C@@H](Oc1cc(-c2cnn(C3CCNCC3)c2)cnc1N)c1c(Cl)ccc(F)c1Cl,Inactive
CS(=O)(=O)Nc1ccc2c(c1)CNc1c(Nc3cccc(Br)c3)ncnc1O2,Inactive
Nc1ccc2oc3nccc(NCc4ccc(Br)cc4)c3c2c1,Inactive
CCN1CCC(n2cc(CNc3cc(Cl)c4ncc(C#N)c(Nc5ccc(F)c(Cl)c5)c4c3)nn2)CC1,Inactive
O=C1NC(=O)C(c2c[nH]c3ccccc23)=C1c1c[nH]c2ccccc12,Inactive
COc1cc2c(cc1OC)Sc1ncnc(Nc3ccc4c[nH]nc4c3)c1NC2,Inactive
CC(C)(C)CNc1ncnc2c(Cl)cc(NC(c3cn(C4CC4)nn3)c3ccccc3Cl)cc12,Active
O=C1CSC(N2N=C(c3ccncc3)CC2c2ccc(Br)cc2)=N1,Active
C=CC(=O)C1CCOc2ccc(Nc3ncc(F)c(Nc4cccc(Cl)c4)n3)cc21,Inactive
COc1cc(N2CCC[C@H](O)C2)ccc1Nc1nccc(-c2c(-c3cccc(C(=O)Nc4c(F)cccc4F)c3)nc3ccccn23)n1,Active
Cc1cncc([C@H](Nc2cc(Cl)c3ncc(C#N)c(Nc4ccc(F)c(Cl)c4)c3c2)C2=CNNN2)c1,Active
CNc1nc(N/N=C/c2ccc(O)cc2)nc(Nc2ccccc2)n1,Inactive
O=C(Cc1csc2nc3ccccc3n12)Nc1ccccc1O,Inactive
COc1ccc(-c2nc(-c3ccc(-c4nc(-c5nnc(-c6ccncc6)o5)c[nH]4)cc3)no2)cc1,Inactive
N#Cc1cnc2ccc(-c3ccc(CN)cc3)cc2c1N[C@@H]1C[C@H]1c1ccccc1,Inactive
Nc1ncnc(Nc2ccc(OCc3ccccc3)c(Cl)c2)c1C=O,Active
CS(=O)(=O)CCNCCCCOc1ccc2ncnc(Nc3ccc(OCc4cccc(F)c4)c(Cl)c3)c2c1,Active
CNc1nccc(-c2cccnc2Oc2ccc(NC(=O)c3cccc(C(F)(F)F)c3)cc2C)n1,Inactive
CC(C)(C)CNc1c(C#N)cnc2c(Cl)cc(N[C@H](C3=CN(C4(C(F)(F)F)CC4)NN3)c3cccc4ncsc34)cc12,Active
CCS(=O)(=O)n1cc(-c2nc(Nc3cc(Cl)c(N4CCC(N5CCN(C)CC5)CC4)cc3OC)ncc2Cl)c2ccccc21,Active
Cn1cc(NC(=O)c2ccc(NS(=O)(=O)c3ccccc3)cc2)cn1,Inactive
CCOc1cc2ncc(C#N)c(Nc3ccc(OCc4cccs4)c(Cl)c3)c2cc1NC(=O)/C=C/CN(C)C,Active
Nc1nc(Nc2cccc(Br)c2)c2cc(Cc3ccc4ccccc4c3)[nH]c2n1,Inactive
CC(C)n1nc(-c2ccc(C(N)=O)c(Cl)c2)c2c(N)ncnc21,Inactive
C=CC(=O)Nc1cc(-c2c(-c3ccccc3)oc3ncnc(NCC)c23)ccc1N(C)CCN(C)C,Active
COCCOc1cc2ncnc(Nc3cccc(C(=O)Oc4ccc(F)cc4)c3)c2cc1OCCOC,Inactive
CN(C)C/C=C/C(=O)N1CCOc2c1ccc1ncnc(Nc3ccc(Oc4cccc(Cl)c4)cc3)c21,Active
COc1cc2ncc(C#N)c(Nc3ccc(F)c(Cl)c3)c2cc1NC(=O)/C=C/C(C)N(C)C,Inactive
CC(C)(C)OC(=O)NCCNC(=O)c1ccc(S(=O)(=O)Oc2ccc(/C=C/[N+](=O)[O-])cc2)cc1,Inactive
Nc1nc(Nc2ccc(S(N)(=O)=O)cc2)nn1C(=O)c1c(F)cccc1F,Inactive
C=CCCN(C)CCN(C)c1cc(OC)c(Nc2nccc(Nc3ccn(C)n3)n2)cc1NC(=O)C=C,Inactive
COc1cc(N2CCC(N3CCN(CCF)CC3)CC2)ccc1Nc1nccc(-c2c(-c3ccc(OC)c(C(=O)Nc4c(F)cccc4F)c3)nc3ccccn23)n1,Inactive
CCN1CCc2ccc([C@H](Nc3cc(Cl)c4ncc(C#N)c(Nc5ccc(F)c(Cl)c5)c4c3)C3=CN(C(C)C)NN3)cc2C1,Active
COc1cc2sc3c(Nc4cccc(Br)c4)ncnc3c2cc1OC.Cl,Active
COc1ccc(CC(=O)NS(=O)(=O)c2ccccc2)cc1,Inactive
CNc1nccc(-c2cccnc2Oc2ccc(Nc3nnc(-c4ccc(F)cc4)c4ccccc34)cc2)n1,Inactive
C=CC(=O)N1C[C@@H](Nc2cncc(-c3cnc(Oc4cccc(Cl)c4)nc3)n2)[C@@H]1C,Active
Cc1cc(C)c(O)c(CN(Cc2ccccc2)C(=S)Nc2ccccc2)c1,Inactive
CCOc1ccc(Nc2ncnc3cc4oc(=O)n(CCCN5CCOCC5)c4cc23)cc1,Inactive
N#Cc1ccc(O)c(-c2nc(NCc3cnccn3)c3ccccc3n2)c1,Inactive
Nc1cc(Nc2cccc(Oc3cc(Nc4ccc(OCc5cccc(F)c5)c(Cl)c4)ncn3)c2)ncn1,Active
Cc1ccc(C2CC(c3ccc(Cl)c(Cl)c3)=NN2C(N)=S)cc1,Inactive
Nc1nc(Nc2ccc(F)c(Br)c2)c2cc(CCc3ccccc3)[nH]c2n1,Inactive
C=CC(=O)N1CC(Oc2cc3c(Nc4ccc(Cl)c(-c5cnco5)c4)ncnc3cc2OC)C1,Active
COc1cc2ncnc(Nc3cc4ccccc4cn3)c2cc1OC,Active
CC(C)(O)Cn1/c(=N/C(=O)c2ccnc(-c3cccnc3)c2)[nH]c2ccccc21,Inactive
Nc1nc2c(c(Nc3cccc(Cl)c3)n1)-c1ccccc1C2,Inactive
C=CC(=O)Nc1cccc(N2C(=O)N(c3ccc(Oc4ccccc4)cc3)Cc3cnc(Nc4ccc(N5CCN(C)CC5)cc4OC)nc32)c1,Active
COC(=O)c1cc(OCC2=CC(OC)CC=C2OC)ccc1O,Inactive
C=CC(=O)N1CC[C@H](N2C(=O)N(c3ccccc3)Cc3cnc(Nc4ccc(N5CCN(C)CC5)cc4)nc32)C1,Active
Cc1ncsc1-c1ccc(CNC(=O)[C@@H]2C[C@@H](O)CN2C(=O)[C@@H](NC(=O)COCCOCCOCCOCCN2CCN(Cc3ccc(-c4cc5c(NCc6ccccc6Cl)ncnc5[nH]4)cc3)CC2)C(C)(C)C)cc1,Inactive
COc1ccc(CCNC(=O)/C(C#N)=C/c2ccc(O)c(O)c2)cc1OC,Inactive
S=C(NN=C(c1ccccc1)c1ccccc1)Nc1ccc2c(c1)OCO2,Active
COc1ncc(-c2ccc3ncnc(Nc4cnn(CCO)c4)c3c2)cc1NS(C)(=O)=O,Inactive
COc1ccc(CCc2cnc3cc(OC)c(OC)cc3c2)cc1,Inactive
CN(C)CCOc1cccc(Nc2nccc(-c3c(-c4cccc(C(=O)Nc5ccc(F)cc5F)c4)nc4ccccn34)n2)c1,Active
CCc1ccc(C(=O)NNc2ccc(Cl)cc2C)cc1,Inactive
Nc1ccc2ncnc(Nc3ccc4cn[nH]c4c3)c2c1,Inactive
O=C(NN1C(=O)c2c(c3c4cccc(O)c4n(C4OC(CO)C(O)C(O)C4O)c3c3[nH]c4c(O)cccc4c23)C1=O)c1ccccn1,Inactive
CN1CCN(c2ccc(Nc3ncc(Br)c(Nc4ccc5cc[nH]c5c4)n3)cc2)CC1,Active
Cc1nc(F)ccc1[C@H](Nc1cc(Cl)c2ncc(C#N)c(NCC(C)(C)C)c2c1)C1=C(F)N([C@@H](C)CF)NN1,Active
COc1ccc(OC)c(Nc2cc(NCCc3cccs3)ncn2)c1,Active
CCC/C=C/C(=O)Nc1cccc(Oc2nc(Nc3cccc(OC)c3)nc3ccsc23)c1,Inactive
C=CC(=O)Nc1cc(Nc2nccc(-c3c(C(=O)OC(C)C)n(C)c4ccccc34)n2)c(OC)cc1N(C)CCN(C)C,Active
COc1cc2c(Nc3ccc(Cl)c(Cl)c3)ncnc2cc1OCc1c(C(F)(F)F)nn(C)c1Oc1ccc(Cl)cc1Cl,Active
C=CC(=O)N1CC(Nc2nc(Nc3cccc(N4CCOCC4)c3)c3c(c2F)CNC3=O)CCC1C,Inactive
Cn1cnc2cccc([C@H](Nc3cc(Cl)c4ncc(C#N)c(NCC(C)(C)C)c4c3)C3=CN(C4CC4)NN3)c21,Active
C=CC(=O)N1CCC[C@@H](n2nc(-c3cn(-c4cc(C(F)(F)F)cnc4C#N)nn3)c3c(N)ncnc32)C1,Active
Cn1c(SSc2c(CCC(=O)O)c3ccccc3n2C)c(CCC(=O)O)c2ccccc21,Inactive
CN(C/C=C/C(=O)N1CCOc2c1ccc1ncnc(Nc3ccc(Oc4ccn5ncnc5c4)c(Cl)c3)c21)C1CCC1,Active
Cc1ncc([N+](=O)[O-])n1CC(=O)NS(=O)(=O)c1ccccc1,Inactive
NC(=O)c1c(-c2ccc(Oc3ccc(F)cc3F)cc2)nn(C2CCCN(C(=O)/C=C/CF)C2)c1N,Inactive
CN1CCC(n2cc(-c3ccc4c(c3)C(=O)N(Cc3cccc5cc[nH]c35)c3cc(F)ccc3N4)cn2)CC1,Active
N#Cc1cccc(Oc2ccc(Nc3ncnc4cc(OCCCN5CCOCC5)c(NC(=O)c5cc([N+](=O)[O-])ccc5F)cc34)cc2Cl)c1,Active
CC[C@@H]1CN(C(=O)NCC(F)(F)F)C[C@@H]1c1cnc2cnc3[nH]ccc3n12,Inactive
CCC(=O)Nc1ccccc1Nc1nc(Nc2ccc3c(c2)OCCOCCOCCO3)nc2[nH]cnc12,Inactive
FC(F)(F)c1ccc(NC(=S)Nc2ccc3ncnc(Nc4cccc(Br)c4)c3c2)cc1,Active
C=CC(=O)N1CCC[C@@H](N(C)c2nc(-c3cnn(C)c3)c3c(c2F)CNC3=O)C1,Inactive
COc1cc(N(C)CCN(C)C)c([N+](=O)[O-])cc1Nc1nccc(-c2cc(F)c3c(cnn3C3CCCCO3)c2)n1,Active
COc1cc(-c2nn(C(C)C)c3ncnc(N)c23)ccc1N,Inactive
O=C(/C=C/CNC1CC1)Nc1cc2c(Nc3ccc(F)c(Cl)c3)ncnc2cc1OCC(F)(F)F,Active
C#Cc1cccc(Nc2ncnc3cc(OC)c(OCCCCCC(=O)NO)cc23)c1,Active
COc1ccc(C(=O)n2nc(-c3cccnc3)nc2N)cc1,Inactive
O=C(Cc1ccc(F)cc1)NS(=O)(=O)c1ccc(F)cc1,Inactive
O=C1NC(c2ccc(OCc3ccc(Cl)cc3)cc2)Nc2ccccc21,Inactive
N#C/C(=C\c1ccc(O)cc1)C(N)=O,Inactive
COc1cc(N2CCCC2=O)ccc1Nc1ncc(Cl)c(Nc2ccccc2NC(C)=O)n1,Inactive
CCC/C=C\C(=O)Nc1cc(Nc2nccc(-c3cn(C)c4ccc(F)cc34)n2)c(OC)cc1N(C)CCN(C)C,Active
C=CC(=O)N1CCC(Oc2cc3c(Nc4ccc(Br)c(Cl)c4)c(C#N)cnc3cc2OC)CC1,Inactive
CC(C)n1nc(-c2cccc3[nH]ccc23)c2c(N)ncnc21,Inactive
NS(=O)(=O)c1ccc(Nc2nc3ncnc(Nc4ccc(N5CCOCC5)cc4)c3s2)cc1,Inactive
OC1(c2nc(-c3ccc(F)cc3)c(-c3ccnc(NC4CCCCC4)c3)o2)CCNCC1,Inactive
CCOC(=O)CCCn1c(=O)oc2cc3ncnc(Nc4ccc(C(=O)OCc5ccc(C#N)cc5)cc4)c3cc21,Inactive
CC(C)Oc1cccc(Nc2ncnc3cc4oc(=O)n(CCCN5CCOCC5)c4cc23)c1,Inactive
COc1cc(N(C)CCN(C)C)c(NC(=O)/C=C\C(C)C)cc1Nc1nccc(-c2cn(C)c3ccccc23)n1,Inactive
C=CC(=O)Nc1cc(Nc2ncc(Cl)c(-c3cnn4ccccc34)n2)c(OC)cc1N1CCN(C(=O)[C@H]2CCCCN2)CC1,Inactive
COc1nc(N2CC(O)C2)ccc1Nc1ncc(Cl)c(Nc2ccccc2NS(C)(=O)=O)n1,Inactive
CCN(CCO)CCCOc1ccc2c(Nc3cccc(NC(=O)Nc4ccc(F)c(Cl)c4)c3)ncnc2c1,Active
N#CN1CCCC(n2nc(-c3ccc(Oc4ccccc4)cc3)c(C(N)=O)c2N)C1,Inactive
N#C/C(=C\c1cc(O)ccc1O)C(N)=O,Inactive
COc1cc(CNCCN(C)C)ccc1-c1cc2c(N[C@H](C)c3ccccc3)ncnc2[nH]1,Active
Cc1ccc(NC(=O)/C=C/c2ccccc2)cc1,Inactive
CCOc1cc(N2CCC(N3CCN(S(C)(=O)=O)CC3)CC2)ccc1Nc1nccc(-c2c(-c3cccc(C(=O)Nc4c(F)cccc4F)c3)nc3ccccn23)n1,Inactive
Nc1cccc2ncnc(NCc3ccccc3)c12,Inactive
Cc1nc(F)ccc1[C@H](Nc1cc(C#N)c2ncc(C#N)c(NCC(C)(C)C)c2c1)C1=C(F)N(C2(C3CC3)CC2)NN1,Active
CCOc1cc2ncnc(Nc3ccc4c(cnn4Cc4ccccc4)c3)c2cc1NC(=O)/C=C/CN(C(C)C)C(C)C,Active
COc1cc2ncnc(Nc3ccc(-c4nc5ccccc5s4)cc3O)c2cc1OC,Inactive
CN1CCN(c2ccc(Oc3ccc4c(c3)C(=O)N(Cc3ccccc3)c3cc(F)ccc3N4)cc2)CC1,Active
N#Cc1cnc2c(Cl)cc(NCc3cccnc3)cc2c1Nc1ccc(F)c(Cl)c1,Inactive
O=C1NC(=O)N(CCc2ccccc2)/C1=C/c1ccc(O)cc1,Inactive
O=C(Nc1cc(-c2cncnc2)cc(C(F)(F)F)c1)Nc1nccs1,Active
Clc1cc(Nc2ncnc3cccc(OC4CCOCC4)c23)ccc1OCc1ccccn1,Inactive
C=CC(=O)NCc1cccc(Nc2cc(-c3[nH]c(SC)nc3-c3ccc(F)cc3)ccn2)c1,Active
CCC(C)(C)Nc1c(C#N)cnc2cnc(NCc3cccnc3)cc12,Inactive
c1ccc(Nc2ncnc3ccccc23)cc1,Active
C=CC(=O)Nc1cc(Nc2cncc(-c3cn(C)c4ccccc34)n2)c(OC)cc1N(C)CCN(C)C,Active
c1cncc(Nc2ncnc3ccccc23)c1,Inactive
COc1cc2nc(Cl)nc(Nc3ccc(S(C)(=O)=O)cc3)c2cc1OC,Inactive
C=C=CC(=O)Nc1cc(Nc2nccc(-c3cn(C)c4ccccc34)n2)c(OC)cc1N(C)CCN(C)C,Active
C=C(F)C(=O)Nc1cc(Nc2nccc(-c3cn(C)c4ccccc34)n2)c(OC)cc1N(C)CCN(C)C,Active
COc1ccc2c(c1)NC(=O)/C2=C\c1[nH]cc(CCC(=O)O)c1C,Inactive
CN1CCC(O)(c2cn(-c3ccnc(NC4CCCC4)n3)c(-c3cccc(C(F)(F)F)c3)n2)CC1,Inactive
COCCN1CCN(c2ccc(Nc3nccc(-c4c(-c5ccc(OC)c(C(=O)Nc6c(F)cccc6F)c5)nc5ccccn45)n3)c(OC)c2)CC1,Inactive
CCC(=O)Nc1cc2c(Oc3ccc(NC(=O)CCCc4ccc(C)cc4)cc3F)ncnc2cc1OC,Inactive
COc1ccc(/C=N/NC(=O)Cc2csc3nc(-c4ccc(C#N)cc4)cn23)cc1,Inactive
O=C1CSC(N2N=C(c3ccc(Cl)cc3)CC2c2ccc(F)cc2)=N1,Inactive
CCC(=O)Nc1cc2c(Nc3ccc4[nH]ncc4c3)ncnc2cc1OC,Active
CN(C)C/C=C/C(=O)N1CCOc2c1ccc1ncnc(Nc3ccc(OCc4cccnc4)cc3)c21,Inactive
COC1CCN(c2nccc(Nc3cc4c(cn3)nc(C)n4C(C)C)n2)CC1,Inactive
Cc1cccc(Nc2ncnc3cc(NCCCn4ccnc4)ncc23)c1,Active
COc1cc2nccc(Oc3ccc(NC(=O)C4(C(=O)NC5CC5)CC4)c(Cl)c3)c2cc1C(N)=O,Inactive
COCCOc1cnccc1-c1[nH]c2c(c1Nc1ccccc1CC(F)F)C(=O)NCC2,Active
Cn1c(=O)c(-c2c(Cl)cccc2Cl)cc2cnc(NCc3ccccc3)nc21,Inactive
Cc1cc(Nc2ncc(C(=O)Nc3c(C)cccc3Cl)s2)nc(C)n1,Inactive
C=CC(=O)N1CCC(Oc2cc3c(Nc4ccc(Cl)c(Cl)c4)ncnc3cc2OC)CC1,Active
CCCN1CCC(N2C=C([C@@H](Nc3cc(Cl)c4ncc(C#N)c(Nc5ccc(F)c(Cl)c5)c4c3)c3cncs3)NN2)CC1,Active
C=CC(=O)Nc1cccc(-c2c(-c3ccc(N4CCN(C)CC4)cc3)oc3ncnc(N[C@H](CO)c4ccccc4)c23)c1,Active
Cc1cccc(Nc2cc(NCCO)ncn2)c1,Active
CCOc1cc(N2CCC(O)CC2)ccc1Nc1ncc2c(n1)N(C)c1ccccc1C(=O)N2C,Inactive
CC(=O)c1cccc(-c2nn(C(C)C)c3ncnc(N)c23)c1,Inactive
COc1cc2c(Nc3cc(Cl)c(Br)cc3F)ncnc2cc1OCC1CN(C)C(C)(C)CO1,Active
COc1cc(Cc2cc3c(Nc4cccc(Br)c4)nc(N)nc3[nH]2)cc(OC)c1OC,Inactive
N#Cc1cnc2c(Cl)cc(N[C@H](C3=CNNN3)c3ccc4c(c3)CNC4)cc2c1Nc1ccc(F)c(Cl)c1,Active
Cn1cc(-c2cc(C(=O)/N=c3\[nH]c4cc(CN5CCOCC5)ccc4n3[C@H]3CC[C@@H](O)CC3)cc(F)n2)cn1,Active
CN1CCN(Cc2ccc(C(=O)N[C@@H]3[C@H]4Oc5ccc(Oc6ccnc7c6CCC(=O)N7)cc5[C@@H]34)cc2C(F)(F)F)CC1,Active
C=CC(=O)Nc1cc2c(Nc3ccc(F)c(C#N)c3)ncnc2cc1O[C@H]1CCOC1,Active
Cc1cc(C(=O)/N=c2\[nH]c3ccc(CN4CCN(C)CC4)cc3n2C2CCCCC2)cc(-c2cnn(C)c2)n1,Active
N#CC(C#N)Cc1ccc(O)cc1,Inactive
CN1CCN(c2ccc(Nc3nc(Oc4ccc5ccc(=O)[nH]c5c4)c4sccc4n3)cc2F)CC1,Inactive
N#CCCNN1C(=O)c2c(c3c4cccc(O)c4n(C4OC(CO)C(O)C(O)C4O)c3c3[nH]c4c(O)cccc4c23)C1=O,Inactive
O=C(O)c1ccc(C(=O)/C(=C\c2ccc(F)c([N+](=O)[O-])c2)SCc2ccc(Br)cc2)cc1,Inactive
NC(=O)c1ccc2c(c1)NC(=O)/C2=C(\Nc1ccc(CN2CCCCC2)cc1)c1ccccc1,Inactive
Cn1cc(-c2ccnc(Nc3cccc(COCCOCCn4ccnc4[N+](=O)[O-])c3)n2)c2ccccc21,Inactive
CC[C@@H](Nc1c(C#N)cnc2c(Cl)cc(N[C@H](C3=CN(CC4(O)COC4)NN3)c3cccnc3)cc12)c1ccccc1,Active
COC1=C([C@@H](Nc2cc(C#N)c3ncc(C#N)c(NCC(C)(C)C)c3c2)c2ccc(F)nc2C)NNN1C1CC1,Active
CN(C)C/C=C/C(=O)Nc1cc2c(Nc3ccc(Cc4ccccn4)cc3)ncnc2cn1,Active
CCOC(=O)N1CCN(CCC(=O)Nc2cccc(Oc3nc(Nc4ccc(N5CCN(C)CC5)cc4OC)ncc3Cl)c2)CC1,Inactive
COc1ccc(F)cc1C(=O)NCc1ccc(-c2nn(C3CCCC3)c3ncnc(N)c23)cc1,Active
C=CC(=O)N1CCC(Sc2nc(-c3ccc(F)cc3)c(-c3ccnc(Nc4ccccc4)c3)[nH]2)C1,Active
C[C@@H](Oc1ccc2ncc(C3CC3C(N)=O)cc2c1)c1c(Cl)ccc(F)c1Cl,Inactive
C=CC(=O)N1CCCCC(Nc2nc(Nc3ccc(N4CCOCC4)cc3)c3c(c2F)CNC3=O)C1,Inactive
CCS(=O)(=O)Nc1nc(-c2ccc(F)cc2)c(-c2ccnc(Nc3ccc(N4CCN(C)CC4)c(C)c3)n2)s1,Active
c1ccc2ncncc2c1,Active
Cc1cc(C(=O)N2CCOCC2)[nH]c1/C=C1\C(=O)Nc2ncnc(Nc3ccc4c(c3)CCC4)c21,Inactive
CC(C)(C)c1ccc(-c2ccc(C(=O)NCc3ccccc3)cc2)c(O)c1,Inactive
COc1cc2c(Oc3ccc(C4SCC(=O)N4NC(=O)Nc4cc(F)cc(F)c4)cc3)ccnc2cc1OCCCN1CCOCC1,Inactive
COc1cc2cc(OCc3ccccc3)cnc2cc1OC,Inactive
C#CCNC(=O)Nc1cc2c(Nc3ccc(F)c(Cl)c3)ncnc2cc1O[C@H]1CCOC1,Active
CS(=O)(=O)Nc1cc(-c2ccc3ncnc(NCc4ccccc4)c3c2)cnc1Cl,Active
FC(F)(F)c1ccc(COc2ccc(Nc3ncnc4cc5c(cc34)OCCOCCOCCOCCO5)cc2)cc1,Active
O=C(Nc1cccc([N+](=O)[O-])c1)Nc1ncnc2nn3ccccc3c12,Inactive
Br.Cc1ccccc1C(C)Nc1ncnc2[nH]c(-c3ccc(O)cc3)cc12,Active
CCCCCCCCCC(=O)N[C@@H]1[C@H]2Oc3ccc(Oc4ccnc5c4CCC(=O)N5)cc3[C@@H]12,Active
CC(C)c1nc(-c2ccc(F)cc2)c(-c2ccnc(Nc3ccc4c(ccn4CCN(C)C)c3)n2)s1,Active
C=CC(=O)N(c1cccc(Cl)c1F)c1ncnc2cc(OC)c(OCCCN3CCOCC3)cc12,Active
CC(C)(C)CNc1ncnc2c(C#N)cc(N[C@H](c3cn(C4(C(F)(F)F)CC4)nn3)c3cccc4ncsc34)cc12,Active
CC(C)(C)OC(=O)c1cc(NCc2cc(O)ccc2O)ccc1O,Inactive
C=CC(=O)Nc1cccc(Oc2nc(Nc3ccccc3OC)ncc2F)c1,Active
CCOc1cc2ncnc(Nc3ccc4c(cnn4Cc4ccccc4)c3)c2cc1NC(=O)/C=C/CN1CCCC1,Active
COc1cc(N2CCC[C@@H](O)C2)ccc1Nc1nccc(-c2c(-c3cccc(C(=O)Nc4c(F)cccc4F)c3)nc3ccccn23)n1,Active
C#CC(=O)N1CCC(c2cnn3c(C(N)=O)c(-c4ccc(Oc5ccccc5F)cc4)[nH]c23)CC1,Active
Brc1cccc(Nc2ncnc3cnc(NCCc4ccccn4)cc23)c1,Active
COc1cc2c(Nc3ccc(Cl)c(Cl)c3)ncnc2cc1OCC1CN(CCCCCC#N)CCO1,Active
COc1cc2c(Nc3ccc(Cl)c(Cl)c3)ncnc2cc1OCC1CN(C)CCCO1,Active
CCN1CC2(C1)CN(c1cc3c(Nc4cccc(Cl)c4F)ncnc3cc1OC)C(=O)O2,Active
COc1cc2c(Nc3ccc(Cl)c(Cl)c3)ncnc2cc1OCC1CO[C@@H]2C(OC)CO[C@H]12,Active
COc1ccc(C(Nc2cc(Cl)c3ncc(C#N)c(NCC(C)(C)C)c3c2)C2=CN(C3(C(F)(F)F)CC3)NN2)c(C)n1,Active
C=CC(=O)N1C[C@H](COc2nc(Nc3cnn(C)c3)nc3[nH]cc(Cl)c23)[C@@H](O)C1,Inactive
Cc1cc2cc(Nc3ccnc4cc(-c5ccc(CNCCOCCO)cc5)sc34)ccc2[nH]1,Active
COc1cc(/C=C2\CCC/C(=C\c3ccc(N(C)C)cc3)C2=O)cc(OC)c1,Inactive
N#CC(C#N)=Cc1cc(O)c(O)c(O)c1,Inactive
C=CC(=O)Nc1cccc(Nc2nc(Nc3ccc(/C=C/c4cc(Cl)cc(Cl)c4)cc3)ncc2Cl)c1,Active
Cc1ccc2c(c1)nc(CCN1C(=O)c3cccc4cccc(c34)C1=O)n2-c1ccncc1,Inactive
Cc1cccc(Nc2nc(Nc3cccc(NC(=O)/C=C/Cn4cccn4)c3)ncc2F)c1,Inactive
CCOC(=O)N[C@H]1CN[C@H](C#Cc2cc3ncnc(Nc4ccc(OCc5cccc(F)c5)c(Cl)c4)c3s2)C1,Active
Nc1nc(Nc2cccc(Br)c2)c2ccn(Cc3ccc(-c4ccccc4)cc3)c2n1,Inactive
O=C1NN(c2ccc(F)c(Cl)c2)C(=O)/C1=C\c1cccc(OC(=O)c2cccs2)c1,Inactive
C=CC(=O)Nc1cccc(-c2coc3ncnc(N[C@H](CO)c4ccccc4)c23)c1,Inactive
CC(C)(C)CNc1c(C#N)cnc2c(Cl)cc(N[C@H](C3=CN(C45CC(C4)C5)NN3)c3cccc4c(=O)[nH]ccc34)cc12,Active
C=CC(=O)Nc1cc(Nc2nc(Nc3ccc(OCCOC)cc3)ncc2F)ccc1F,Active
OC[C@@H](Nc1ncnc2sc3c(c12)CCCC3)c1ccccc1,Active
COc1cc(CCN2CCCCC2)c(F)cc1Nc1nccc(-c2c(-c3cccc(C(=O)Nc4c(F)cc(F)cc4F)c3)nc3ccccn23)n1,Active
CCOC(=O)/C=C/C(=O)Nc1cc2c(Nc3cccc(Br)c3)ncnc2cn1,Active
CN(C)C(=O)N[C@@H]1CCCN(c2cnc(C(N)=O)c(Nc3ccc(C4CCN(C(=O)CC#N)CC4)cc3)n2)C1,Inactive
C=CC(=O)N(CCN(C)C)c1cc2c(Nc3cccc(Br)c3)ncnc2cn1,Inactive
CC(=O)N1N=C(c2ccc(C)c(C)c2)CC1c1ccc(Cl)cc1,Inactive
CN(C)C/C=C/C(=O)Nc1cccc(-c2c(-c3ccccc3)oc3ncnc(NCCO)c23)c1,Inactive
Brc1cccc(Nc2ncnc3ccc(NCCCN4CCCCC4)cc23)c1,Active
Cc1c([C@H](Nc2cc(Cl)c3ncc(C#N)c(NCC(C)(C)C)c3c2)C2=CN(C3(C(F)F)CC3)NN2)ccc(=O)n1C,Active
COc1cc(NC(=O)Nc2nccs2)cc(-c2cn(C)cn2)c1OC,Active
N#Cc1cnc2c(Cl)cc(N[C@@H](C3=CNNN3)c3cccnc3)cc2c1Nc1cnc(F)c(F)c1,Active
Cc1cc(Nc2ncnc3ccc(NC(=O)/C=C/[C@H]4CCCN4C)cc23)ccc1Oc1cc2nncn2cn1,Active
COc1cc2c(Nc3ccccc3Br)ncnc2cc1O[C@@H]1CO[C@@H]2[C@H]1OC[C@H]2F,Active
N#C/C(=C\c1cc(O)c(O)c(Br)c1)S(=O)(=O)/C(C#N)=C/c1cc(O)c(O)c(Br)c1,Inactive
CN1CCN(c2ccc(Nc3nc(N4CCC[C@@H](NC(=O)c5ccc(C(C)(C)C)cc5)C4)cnc3C(N)=O)cc2)CC1,Inactive
O=C(NOCc1ccccc1)c1cc(NCc2cc(O)ccc2O)ccc1O,Active
COc1cc2c(Nc3ccc(F)c(Cl)c3)ncnc2cc1OCCCCCCC(=O)NO,Active
CCOc1cccc(Oc2ccc(C(O)c3cncc(F)c3Cl)cc2)c1F,Active
O=C(/C=C/c1ccccc1)Nc1ccc2ncnc(Nc3cccc(Cl)c3)c2c1,Inactive
C=CC(=O)Nc1cc(Nc2nccc(-c3cn(C)c4ccccc34)n2)c(OC)cc1N1CCN(C)CC1,Active
N#CC1=C(N)N(c2cccnc2)C2=C(C(=O)CCC2)C1c1cc2ccccc2n2nnnc12,Inactive
CC(C)(C)ONC(=O)c1cc(NCc2cc(O)ccc2O)ccc1O,Active
O=[N+]([O-])c1cccc(Nc2nccc(-c3ccncc3)n2)c1,Inactive
CC(=O)c1c(SSc2c(C(C)=O)c3ccccc3n2C)n(C)c2ccccc12,Inactive
CC(=O)Nc1ccc2ncnc(Nc3ccc(OCc4ccccn4)c(Cl)c3)c2c1,Active
COc1cc(Cl)ccc1C(=O)NCc1ccc(-c2nn(C3CCCC3)c3ncnc(N)c23)cc1,Inactive
C=CC(=O)N1CCCC(n2nc(-c3ccc(Oc4ccc(Cl)cn4)cc3)c(C(N)=O)c2N)C1,Active
O=C(O)CCc1c(/C=C2\C(=O)Nc3ccc(Br)cc32)[nH]c2c1CCCC2,Inactive
C=COC(=O)N(CCN(C)C)/N=N/c1ccc2ncnc(Nc3cccc(Cl)c3)c2c1,Active
C=CC(=O)N1CCC(n2c(NC(=O)c3cccc(C(F)(F)F)c3)nc3cc(C)ccc32)C1,Inactive
CCOC(=O)Nc1ccc(Nc2ncnc3cc(OC)c(OC)cc23)cc1C.Cl,Active
CCN1CCC(Nc2ccc3c(c2)C(=C(c2ccc(Cl)cc2)c2ncc[nH]2)C(=O)N3)CC1,Active
COc1cc2c(cc1OC)Nc1ncnc(O)c1C2,Inactive
CCOc1cc2ncnc(Nc3ccc(F)c(Cl)c3)c2cc1NC(=O)/C=C/CN(C1CC1)C1CC1,Inactive
CSc1nc(-c2cccc(NC(=O)c3c(F)ccc(O)c3CN3C(=O)c4ccccc4C3=O)c2)c(-c2ccnc(NC(C)=O)c2)[nH]1,Inactive
O=C1CCC(N2C(=O)c3cccc(NCCOCCOCCOCCOCCOCC#Cc4cccc5c4C(=O)N([C@@H](C(=O)Nc4nccs4)c4cc(F)ccc4O)C5)c3C2=O)C(=O)N1,Inactive
C=CC(=O)Nc1cccc(Nc2nc(Nc3ccc(N4CCN(C(C)=O)CC4)c(OC)c3)ncc2C(F)(F)F)c1,Active
CC[C@@H](Nc1c(C#N)cnc2c(Cl)cc(N[C@H](C3=CN(C4CCCC4)NN3)c3cccnc3)cc12)c1ccccc1,Active
C=CS(=O)(=O)Nc1cccc(-c2c(-c3ccccc3)oc3ncnc(N[C@H](CO)c4ccccc4)c23)c1,Inactive
Cc1ccc2c(c1)[nH]/c(=N\C(=O)c1ccnc(-c3cccc(CN(C)C)c3)c1)n2[C@H]1CC[C@@H](O)CC1,Inactive
COc1cc(N2CCC(CCS(C)(=O)=O)CC2)ccc1Nc1nccc(-c2c(-c3ccc(OC)c(C(=O)Nc4c(F)cccc4F)c3)nc3ccccn23)n1,Inactive
O=C(CCCCCCCNCc1ccc(-c2ccc3ncnc(Nc4ccc(OCc5cccc(F)c5)c(Cl)c4)c3c2)o1)NO,Active
C/C=C/C(=O)Cc1cc2c(Nc3cccc(Br)c3)ncnc2cn1,Active
CN1CCC(c2c(O)cc(O)c3c(=O)cc(-c4ccccc4Cl)oc23)[C@@H](O)C1,Inactive
N#CCCCn1nc(-c2ccc(F)c(O)c2)c2c(N)ncnc21,Inactive
C=CC(=O)Nc1cccc(Nc2nc(Nc3ccc(CN4CCOCC4)cc3)ncc2Cl)c1,Active
C=CC(=O)N1CCC(Cn2nc(C(=O)Nc3nc4ccccc4o3)c3c(N)ncnc32)CC1,Active
C=CC(=O)Nc1ccc(OC)c(Nc2ncc(Cl)c(-c3c[nH]c4ccccc34)n2)c1,Active
COc1cc2ncnc(Nc3cccc(Cl)c3F)c2cc1Oc1ccnc(C=C(C)C)c1,Active
OC(c1cccs1)c1cc2ccccc2nc1Cl,Inactive
COC[C@@H]1CCCN1/N=C/c1c(N)ncnc1Nc1ccc2c(cnn2Cc2cccc(F)c2)c1,Active
Cc1nc(F)ccc1[C@H](Nc1cc(C#N)c2ncc(C#N)c(NC3CCCCC3)c2c1)C1=CN(C2(C(F)(F)F)CC2)NN1,Active
C=CC(=O)Nc1cc2c(Nc3ccc(Br)cc3F)ncnc2cc1OCCNC(=O)NC(C)C,Active
Cn1c(-c2csc(N/N=C\c3ccncc3)n2)nc2ccccc21,Active
COC(=O)c1ccc2c(c1)S(=O)(=O)N=S2c1ccc(Br)cc1,Inactive
CC(C)n1nc(-c2ccc3c(ccn3C)c2)c2c(N)ncnc21,Active
COc1cc2c(Nc3ccc(Oc4ccc(Br)cc4)cc3)ncnc2cc1OCC1CCN(C)CC1,Inactive
C=CC(=O)N1CCC(Oc2cc3c(Nc4ccc(Cl)c(-c5cnco5)c4)ncnc3cc2OC)C1,Active
Cn1c(SSc2c(C(=O)Nc3ccncc3)c3ccccc3n2C)c(C(=O)Nc2ccncc2)c2ccccc21,Inactive
COc1cc2ncnc(Nc3ccc(F)c(Cl)c3)c2cc1NC(=O)Nc1ccc(C(=O)NO)cc1,Active
CC#CC(=O)N1CC[C@@H](Nc2nnc(C(N)=O)c(Nc3ccc(C(=O)N4CCOCC4)cc3)n2)C1,Inactive
C=CC(=O)Nc1cc(Nc2nccc(-c3cn(C)c4c(C(=O)OC(C)C)cccc34)n2)c(OC)cc1N(C)CCN(C)C,Active
O=C1/N=C2\Nc3ccccc3N2CCCCCOc2ccccc2-c2cc1ccn2,Active
COc1cc(OCc2cccc(-c3ccccc3)c2C)ccc1CNCCCCOc1cc2c(Nc3cccc(Cl)c3F)ncnc2cc1OC,Active
CCCCNC(=O)c1ccc(N(CCCl)CCCl)cc1,Inactive
COc1ccccc1C(=O)NC1(c2ccc(-c3nn(C4CCCC4)c4ncnc(N)c34)cc2)CC1,Inactive
COc1ccccc1C(=O)NCc1ccc(-c2nn(C(C)C)c3ncnc(N)c23)cc1,Inactive
Cc1ncsc1-c1ccc([C@H](C)NC(=O)[C@H]2C[C@H](O)CN2C(=O)[C@@H](NC(=O)COCCOCCOCCOCCOCCOc2ccc(-c3nccc(Nc4cc5c(cn4)nc(C)n5C(C)C)n3)cc2)C(C)(C)C)cc1,Inactive
CN(C)C/C=C/C(=O)N1CCOc2c1ccc1ncnc(Nc3ccc(Oc4ccccn4)cc3)c21,Inactive
COc1ccc(C(=O)N[C@@H]2CCCN(c3cnc(C(N)=O)c(Nc4ccc(C5CCN(C(=O)N(C)C)CC5)cc4)n3)C2)cc1,Inactive
C=CC(=O)Nc1cccc(-n2c(=O)cnc3cnc(Nc4ccc(C(N)=O)cc4)nc32)c1,Active
CN(C)c1nc(Cl)nc(NC2=NN(c3ccc(C(F)(F)F)cc3)C(c3ccc(C(F)(F)F)cc3)C2)n1,Active
Nc1nc(Nc2cccc(Br)c2)c2cc(CCc3ccc4ccccc4c3)[nH]c2n1,Inactive
CNc1cc2ncnc(Nc3cccc(Br)c3)c2cc1N,Active
Clc1cccc(Nc2ncnc3cc(OCCCN4CCOCC4)c4c(c23)OCCO4)c1,Active
CC(C)N1C=C([C@@H](Nc2cc(Cl)c3ncc(C#N)c(Nc4ccc(F)c(Cl)c4)c3c2)c2cncc(C(=O)N3CCCC3)c2)NN1,Active
Cc1cccc(NC(=O)/C=C/c2ccccc2)c1,Inactive
COC(=O)c1c(OCCN(C)C)c2ccccc2c2oc3c(c12)C(=O)c1ccccc1C3=O,Inactive
CCOc1cc(/C=C2/CCNC2=O)cc(CSc2ccccc2)c1O,Active
CCC1=C2C(Nc3ccc4c(cnn4Cc4ccccc4)c3)=NC=NC2N=C1NC(=O)OCCC1CCNCC1,Active
CC(C)N1C=C([C@@H](Nc2cc(Cl)c3ncc(C#N)c(N[C@H](CCO)c4ccccc4)c3c2)c2cccnc2)NN1,Active
C=CC(=O)Nc1cccc(-c2c(-c3ccccc3)oc3ncnc(NC4CC4)c23)c1,Active
Cc1cccc(Nc2ncnc3ccc(NC(=S)NCc4ccccc4)cc23)c1C,Active
O=C(/N=c1\[nH]c2ccccc2n1[C@H]1CC[C@@H](O)CC1)c1ccnc(-c2coc3cccnc23)c1,Inactive
C#Cc1cccc(Nc2ncnc3cc(OC)c(OCCCCCCn4ccnc4[N+](=O)[O-])cc23)c1,Active
Cc1nnc2n1N=C(c1ccccc1OCCNCCCNCCOc1ccccc1C1=Nn3c(C)nnc3SC1)CS2,Active
C=CC(=O)Nc1cccc(Nc2nc(Nc3ccc(/C=C/c4cc(C)cc(C)c4)cc3)ncc2Cl)c1,Active
CNc1ccc2c(Nc3cccc(Br)c3)ncnc2c1,Active
Fc1ccc(Nc2ncnc3[nH]c(CCc4ccccc4)cc23)cc1C(F)(F)F,Inactive
N#CCC[C@@H](Nc1ncnc2c(Cl)cc(NC(c3ccc(F)cc3)c3cn(C4CC4)nn3)cc12)c1ccccc1,Active
C=CC(=O)N1CCC[C@@H](Nc2nc(Nc3ccc4c(c3)OCCOCCOCCO4)nc3[nH]cnc23)C1,Active
C=CC(=O)Nc1cc2c(Nc3ccc(Br)cc3F)ncnc2cc1OCC1CCN(C(=O)NC(C)(C)C)CC1,Active
CN(c1cnccc1CNc1nc(Nc2ccc3c(c2)OCCOCCOCCO3)nc2[nH]ccc12)S(C)(=O)=O,Inactive
Cc1nc(F)ccc1[C@H](Nc1cc(C#N)c2ncc(C#N)c(NCC(C)(C)C(F)(F)F)c2c1)C1=CN(C2(C(F)F)CC2)NN1,Active
CCC(=O)Nc1cc(Nc2nccc(-c3cn(CCO)c4ccccc34)n2)c(OC)cc1F,Active
C=CC(=O)N(C)Cc1cccc(Nc2nc(Nc3cccc(OC)c3)ncc2F)c1,Inactive
C=CC(=O)Nc1cccc(Nc2nc(Nc3ccc(OCCN4CCCC4=O)cc3)ncc2F)c1,Active
N#Cc1ccc(-c2cn3c(CC(=O)N/N=C/c4ccc(O)cc4)csc3n2)cc1,Inactive
COc1ccc(NC(=O)/C=C/CN(C)C)cc1Nc1nccc(-c2cnn3ccccc23)n1,Inactive
C=CC(=O)Nc1ccc(Nc2ncnc3cc(OC)c(OCCN4CCOCC4)cc23)cc1,Active
COc1cc(Nc2ncnc3ccc(-c4ccc(CNCCS(C)(=O)=O)o4)cc23)ccc1OCc1cccc(F)c1,Active
CNS(=O)(=O)c1ccc(Nc2nc(Cl)nc3cc(OC)c(OC)cc23)cc1,Inactive
C=CC(=O)N1CCCC[C@H]1c1nc(-c2ccc(Oc3cccc(OC)c3F)cc2)c2c(C)nccn12,Active
Oc1ccc2ncnc(Nc3ccc(OCc4ccccc4)cc3)c2c1,Active
COC1CCN(c2nccc(Nc3cc4c(cn3)nc(COCCN3CCN(CCOc5ccc6c(c5)C(=O)N(C5CCC(=O)NC5=O)C6=O)CC3)n4C(C)C)n2)CC1,Inactive
O=C(CNc1ccc(Cl)cc1)Nn1c(-c2ccccc2)nc2ccccc2c1=O,Active
COC(=O)c1ccc(S(=O)(=O)Oc2ccc(/C=C/[N+](=O)[O-])cc2)cc1O,Inactive
O=C1N=C(N2CCC[C@H]2C(=O)Nc2ccc3ncnc(Nc4cccc(Cl)c4)c3c2)S/C1=C/c1cccs1,Inactive
COc1ccc(C2=NN(C3=NC(=O)CS3)C(c3cccc4ccccc34)C2)cc1,Inactive
C=CC(=O)Nc1cccc(-n2c(=O)cc(C)c3cnc(Nc4ccc(N5CCN(C)C(C)C5)cc4OC)nc32)c1,Active
O=C(Nc1cc2c(Nc3ccc(F)c(Cl)c3)ncnc2cc1OCCCN1CCOCC1)c1cccc([N+](=O)[O-])c1F,Active
O=C1Nc2ccccc2/C1=C/c1cc2c([nH]1)CCC(Br)C2,Inactive
C=CC(=O)Nc1cccc(Oc2nc(Nc3cccc(OCCCN4CCCC4=O)c3)ncc2F)c1,Active
CCC(=O)Nc1cc2c(Nc3ccc(F)c(Cl)c3)ncnc2cc1OCCCN1CCOCC1,Active
C/C=C/C(=O)Nc1ccc2ncc(C#N)c(Nc3cccc(Br)c3)c2c1,Inactive
Cc1nc(F)ccc1[C@H](Nc1cc(Cl)c2ncc(C#N)c(NCC(C)(C)C(F)(F)F)c2c1)C1=C(F)N([C@@H](C)CF)NN1,Active
CNC(=O)c1ccccc1Nc1nc(Nc2ccc3c(NC(=O)CN4CCCC4)n[nH]c3c2)ncc1Cl,Inactive
COc1cc(/C=C2\CC(C)c3ccccc3\C2=N\O)c(Br)c(OC)c1OC,Inactive
c1ccc2c(c1)CCN2c1ncnc2cc3c(cc12)NCN3CCN1CCCC1,Active
COc1cc(Nc2c(C#N)cnc3cc(-c4ccc(CN5CCN(C)CC5)cn4)sc23)c(Cl)cc1Cl,Inactive
Cc1nc(F)ccc1[C@H](Nc1cc(C#N)c2ncc(C#N)c(NCC(C)(C)C)c2c1)C1=CN(CC2(C(F)F)CC2)NN1,Active
C#Cc1cccc(Nc2ncnc3cc(OC4CCOCC4)c4c(c23)OCCO4)c1,Active
C#Cc1cccc(Nc2ncnc3cc4oc(=O)n(CCCC(=O)OCC)c4cc23)c1,Inactive
O=C(Nc1nccs1)C(c1ncn2c1CCC2)N1Cc2c(F)cc(C#Cc3ccc(CN4CCCCC4)cc3)cc2C1=O,Active
COc1ccccc1-c1cc2c(NCc3ccccc3)ncnc2s1,Active
C=CC(=O)N1CCC2(CC1)CNC(=O)c1cc(-c3nc(Nc4ccccc4OC)ncc3Cl)[nH]c12,Active
CCOc1ccc2cc(-c3nn(CC4CCNCC4)c4ncnc(N)c34)ccc2c1.Cl,Inactive
OC[C@H](Nc1ncnc2sc(Br)cc12)c1ccccc1,Inactive
CNC(=O)CCc1c(SSc2[nH]c3ccccc3c2CCC(=O)NC)[nH]c2ccccc12,Inactive
CN1CCN([C@@H]2CCCN(c3cnc(C(N)=O)c(Nc4ccc(C5(C)CCN(C=O)CC5)cc4)n3)C2)C1=O,Active
CCC(=O)N1CCC[C@@H](n2c(=O)c(-c3cccc(F)c3Cl)c(C)c3cnc(Nc4ccc(N5CCN(C)CC5)c(C)c4)nc32)C1,Active
CCOCCOc1cc2ncnc(Nc3ccc(F)c(Cl)c3)c2cc1NC(=O)/C=C/CN(CC)CC,Active
CS(=O)(=O)CCNc1nc(-c2ccc3ncnc(Nc4ccc(OCc5cccc(C(F)(F)F)c5)cc4)c3c2)cs1,Inactive
COc1cc(N(C)CCN(C)C)c(NC(=O)C(Cl)=C(Cl)Cl)cc1Nc1nccc(-c2cn(C)c3ccccc23)n1,Inactive
Fc1ccc(Nc2ncnc3cc(OCC4CCCO4)c4c(c23)OCCO4)cc1Cl,Active
O=C(O)CCCC(=O)Nc1cc(Nc2ccccc2)ncn1,Inactive
NC(=S)N/N=C(/C=C/c1ccc(F)cc1)c1ccc(Br)cc1,Inactive
C=CC(=O)N1CCC[C@@H](n2nc(-c3cn(-c4ccc(C(C)=O)cc4)nn3)c3c(N)ncnc32)C1,Inactive
COC(=O)c1cccc(-c2cc3c(N(C)Cc4cccc(C)c4)ncnc3[nH]2)c1,Inactive
C=CC(=O)N(C)Cc1c[nH]c2ncnc(-c3cccc(NC(=O)c4ccc(C(C)(C)C)cc4)c3C)c12,Inactive
Cc1[nH]c2ncnc(Nc3ccc(F)cc3)c2c1C,Active
CCC(CC)CN1CCOC(COc2cc3ncnc(Nc4ccc(Cl)c(Cl)c4)c3cc2OC)C1,Active
OC[C@@H](Nc1ncnc2oc(-c3ccccc3)c(-c3ccc4c(c3)OCO4)c12)c1ccccc1,Active
CCOc1cc([N+](=O)[O-])c(C(=O)Nc2ccc(OCc3cccc(F)c3)c(Cl)c2)cc1NC(=O)c1ccc(CN2CCN(C)CC2)cc1,Inactive
COc1cc2ncc(C=O)c(Nc3cccc(Br)c3)c2cc1OC,Inactive
CNc1ncc(C(C)C)c2cc(Nc3ccnc(N4CC[C@@H](O)[C@@H](F)C4)n3)ncc12,Inactive
CN1C(=S)C(C(=O)Nc2ccccc2)c2cc(Cl)ccc21,Inactive
COc1cc(N2CCC(N3CCCN(C)CC3)CC2)ccc1Nc1nccc(-c2c(-c3cccc(C(=O)Nc4c(F)cccc4F)c3)nc3ccccn23)n1,Active
Nc1ccc(-c2cc(=O)c3cc(N)c(O)c(N)c3o2)cc1,Inactive
CCN1CCCCC1c1nc(COc2cc3ncnc(Nc4ccc(Cl)c(Cl)c4)c3cc2OC)no1,Active
COc1cc2ncnc(NC3CCc4ccccc43)c2cc1OC,Inactive
COc1cc(OCC2CCCO2)ccc1Nc1ncc(Cl)c(Nc2ccccc2NS(C)(=O)=O)n1,Inactive
c1csc(-c2cc3ncnc(Nc4ccc5[nH]ccc5c4)c3s2)c1,Active
O=C(O)CCc1c(/C=C2\C(=O)Nc3ccccc32)[nH]c2c1CCCC2,Inactive
C=CC(=O)Nc1cccc(N2C(=O)N(C)Cc3cnc(Nc4ccc(N5CCN(C)CC5)cc4OCC)nc32)c1,Active
COc1cc2c(Nc3ccc(Cl)c(Cl)c3F)ncnc2cc1OC[C@H]1C[C@@H]2CN(C)C[C@@H]2C1,Active
NS(=O)(=O)c1ccc(Nc2nc3ncnc(Nc4ccccc4)c3s2)cc1,Active
C=CC(=O)Nc1cc(Nc2nccc(-c3cc(F)c4nc(SC)n(C(C)C)c4c3)n2)c(OC)cc1N(C)CCN(C)C,Active
COc1ccc(N(C)c2nc(C)nc3oc(C)cc23)cc1,Active
Nc1ncnc2c1c(-c1ccc(F)c(O)c1)nn2[C@@H]1CCOC1,Inactive
CO/N=C/c1c(N)ncnc1Nc1ccc2c(cnn2Cc2cccc(Cl)c2)c1,Active
CN1CCN(C2CCN(c3ccc(Nc4ncc(C(F)(F)F)c(Nc5ccccc5P(C)(C)=O)n4)cc3Cl)CC2)CC1,Inactive
CC(C)Cn1c2ccc(C3CCCCO3)cc2c2c3c(c4c(c21)CCc1nn(C)cc1-4)C(=O)NC3,Inactive
C[C@@H](CN)n1nc(-c2ccc(F)c(O)c2)c2c(N)ncnc21,Inactive
COCCOc1ccc(Nc2ncc(F)c(Nc3ccc(CC(=O)C=C(C)C)cc3)n2)cc1F,Inactive
C=C=CC(=O)Nc1cc(Nc2nccc(-c3cn(C)c4ccccc34)n2)c(OCC)cc1N(C)CCN(C)C,Active
CCc1cc(Nc2nccc(-c3c(-c4ccc(OC)c(C(=O)Nc5c(F)cccc5F)c4)nc4ccccn34)n2)c(OC)cc1N1CCC(CCS(C)(=O)=O)CC1,Inactive
O=C(C#CCN1CCOCC1)Nc1cc2c(Nc3ccc(F)c(Cl)c3)ncnc2cn1,Active
O=S(=O)(Nc1nccs1)c1ccc(Nc2nncc3ccccc23)cc1,Active
C=CC(=O)Nc1cc2c(Nc3ccc(F)c(Cl)c3)ncnc2s1,Active
Cc1ccc(C2CC(c3ccc(C)c(C)c3)=NN2C(N)=S)cc1,Active
CCCCNC(=S)NNc1nncc2ccccc12,Active
O=C1OCC/C1=C\c1ccc2c(c1)OCO2,Inactive
COc1cc2c(Oc3ccc(NC(=O)c4c(Cl)c5ccccc5n(-c5ccc(F)cc5)c4=O)cc3F)ccnc2cc1OCCCN1CCN(C)CC1,Inactive
C=CC(=O)Nc1cccc(Oc2nc(Nc3ccc(N4CCOCC4)cc3OC(F)F)ncc2C(F)(F)F)c1,Active
C=CC(=O)Nc1cc(Nc2ncc(F)c(Nc3ccccc3P(C)(C)=O)n2)c(OC)cc1N(C)CCN(C)C,Active
COC(=O)c1ccc2c(c1)NC(=O)/C2=C(\Nc1ccc(CN(C)C(=O)N(C)C)cc1)c1ccccc1,Inactive
c1ccc2sc(-c3ccc(Nc4ncnc5ccsc45)cc3)nc2c1,Inactive
COc1cc2c(cc1OC)Sc1nc(C)nc(Nc3cccc(Br)c3)c1NC2,Inactive
CCCC(=O)Nc1cc2c(Oc3ccc(NC(=O)c4c(-c5c(Cl)cccc5Cl)noc4C)cc3F)cccc2cc1OC,Inactive
CCN(CC)CCNC(=O)c1c([Se][Se]c2[nH]c3ccccc3c2C(=O)NCCN(CC)CC)[nH]c2ccccc12,Inactive
CCN(CC)CCCNc1ncc2cc(-c3c(Cl)cccc3Cl)c(NC(=O)NC(C)(C)C)nc2n1,Inactive
COCCOCc1ccn2ncnc(Nc3ccc4c(cnn4Cc4cccc(F)c4)c3)c12,Active
COc1cc(N(C)CCN(C)C)c(NC(=O)c2nccn2C)cc1Nc1nc(-c2cn(C)c3ccccc23)c2cccnc2n1,Active
O=C(Nc1ccc(C2NCCc3c2[nH]c2ccccc32)cc1)c1ccc(F)c(C(F)(F)F)c1,Inactive
CCCCCCN1CCOC(COc2cc3ncnc(Nc4ccc(Cl)c(Cl)c4)c3cc2OC)C1,Active
C=CC(=O)Nc1cccc(Nc2nc(NCc3ccc(OC)cc3)ncc2F)c1,Inactive
Nc1cc2sc3c(Nc4cccc(Br)c4)ncnc3c2cc1F,Active
COCCN(C)CCN1CCC(n2cc(-c3cccc(OC)c3)c3c(N)ncnc32)CC1,Inactive
C=CC(=O)Nc1cccc(Nc2cc(Nc3cccc(Br)c3)ncn2)c1,Active
COc1cc2c(Nc3ccc(N4CCN(C)CC4)c(Cl)c3Cl)ncnc2cc1O[C@H]1CO[C@H]2[C@@H]1OC[C@@H]2F,Active
CC(C)(C)CNc1ncnc2c(Cl)cc(NC(c3cn(CC(=O)O)nn3)c3ccccc3Cl)cc12,Active
Cc1ncsc1-c1ccc(CNC(=O)C2CC(O)CN2C(=O)C(NC(=O)CCCCCCCCCCn2cc(COc3cc4ncnc(Nc5ccc(F)c(Cl)c5)c4cc3NC(=O)/C=C/CN3CCCCC3)nn2)C(C)(C)C)cc1,Inactive
Cc1cc(=O)n2nc(SCc3ccc(C(C)C)cc3)nc2[nH]1,Active
Cc1ncsc1-c1ccc(CNC(=O)[C@@H]2C[C@@H](O)CN2C(=O)[C@@H](NC(=O)COCCOCCOCCOCC#Cc2cccc3c2C(=O)N(C(C(=O)Nc2nccs2)c2cc(F)ccc2O)C3)C(C)(C)C)cc1,Inactive
CCNCc1ccc(-c2cc3ncnc(Nc4ccc(OCc5cccc(F)c5)c(Cl)c4)c3s2)[nH]1,Active
C=CC(=O)N1CCC(C2CCNc3c(C(N)=O)c(-c4cc(Cl)c(Br)c(Cl)c4)nn32)CC1,Active
COC[C@H]1OC(=O)/C(=C/N(C)CCCN(C)C)C2=C(O)C(=O)C3=C([C@H](OC(C)=O)C[C@]4(C)[C@@H](O)CC[C@@H]34)[C@]21C,Inactive
COc1cccc(/C=N/NC2=NC(=O)CS2)c1,Inactive
O=C1c2cc(-c3ccc(N4CCNCC4)cc3)ccc2Nc2ccc(F)cc2N1Cc1cccnc1,Inactive
CC(C)(C)S(=O)(=O)c1cc2c(Nc3ccc4scnc4c3)ncnc2cc1OCCO,Inactive
C=CC(=O)Nc1cccc(NC(=O)Nc2ccnc(Nc3ccc(C4CCN(C)CC4)cc3OC)n2)c1,Inactive
CN(C)CCCCNc1cc2ncnc(Nc3cccc(Br)c3)c2cn1,Active
Nc1ncnc2c1c(-c1ccc(F)c(O)c1)nn2CC1CCNCC1,Inactive
Fc1ccc2c(c1)CNc1c(Nc3cccc(-c4ccccc4)c3)ncnc1O2,Inactive
COc1cc2ncc(C#N)c(Nc3cccc(NC(C)=O)c3)c2cc1OC,Inactive
CCN1CCN(Cc2ccc(-c3cc4c(N[C@H](C)c5ccccc5)ncnc4[nH]3)cc2)CC1,Active
CCOc1cc2ncnc(NC3=CC(=O)C(OC(CF)CF)=CC3=O)c2cc1NC(=O)/C=C/CN(C)C,Inactive
C=CC(=O)N1CCC[C@@H](n2nc(C(=O)Nc3nc4cc(F)ccc4o3)c3c(N)ncnc32)C1,Active
COC(=O)CNC(=O)c1ccc(Nc2ncnc3cc(OCCN4CCCCC4)c(OC)cc23)cc1,Inactive
COc1cc2ncnc(Nc3ccc(F)c(Cl)c3)c2cc1OCCCNCCN,Active
C=CC(=O)N1CC(Nc2cncc(-c3cnc(Oc4cccc(OC(F)F)c4)nc3)c2)C1,Active
CC(C)(C)OC(=O)N1CCC(n2cc(-c3ccccc3)c3c(N)ncnc32)C1,Inactive
N#Cc1cnc2cc(OC[C@@H](O)CO)c(NC(=O)C3CSSC3)cc2c1Nc1ccc(OCc2cccc(F)c2)c(Cl)c1,Inactive
Cc1ccc(C(=O)Nc2cccc(N3CCOCC3)c2)cc1-c1ccc2c(C3CCNCC3)noc2c1,Inactive
Cc1ccc(C(=O)NCCO)cc1-n1cnc(OCc2ccc(F)cc2F)c(Cl)c1=O,Inactive
C=CC(=O)Nc1cccc(-c2c(-c3ccccc3)oc3ncnc(NC4CCCC4)c23)c1,Inactive
O=C(Nc1cnn(-c2ccccc2)c1)c1cccc(NS(=O)(=O)c2ccccc2)c1,Inactive
Cc1ccc(NC(=O)c2cccc(C(F)(F)F)c2)cc1NC(=O)c1cccc2c(N)nccc12,Inactive
C=CC(=O)Nc1cc(Nc2ncc(Br)c(Nc3ccc4c(c3)CCC4)n2)ccc1N(C)CCN(C)C,Active
C=CC(=O)Nc1cccc(Oc2nc(Nc3n[nH]c4ccccc34)cc(N3CCN(C)CC3)n2)c1,Active
O=C(Nc1ccc(C2NCCc3c2[nH]c2ccccc32)cc1)c1ccccc1,Inactive
C=CC(=O)Nc1cc(Nc2n[nH]c3cc(-c4ccc(F)cc4)ccc23)c(OC)cc1N(C)CCN(C)C,Active
CCS(=O)(=O)n1cc(-c2ccnc(Nc3cc(NC(C)=O)c4c(cnn4CCN(C)C)c3)n2)c2ccccc21,Active
NS(=O)(=O)c1ccc(CCNC(=S)Nc2ccc3ncnc(Nc4ccc(OCc5cccc(F)c5)c(Cl)c4)c3c2)cc1,Active
CN1C(=O)[C@@H](N2CCc3cn(Cc4ccccc4)nc3C2=O)COc2ccccc21,Inactive
Cn1ncc2c([C@H](Nc3cc(C#N)c4ncc(C#N)c(NCC(C)(C)C)c4c3)C3=CN(C4CC4)NN3)cccc21,Active
CCN1CCOCCn2cc(c3ccccc32)C2=C(C(=O)NC2=O)c2cn(c3ccccc23)CCOCC1,Inactive
O=C(CO)N1CCC[C@H]1COc1cccc2ncnc(Nc3ccc(OCc4ccccn4)c(Cl)c3)c12,Active
CCCOc1c(C(=O)OC)c2c3c(oc2c2ccccc12)C(=O)c1ccccc1C3=O,Inactive
CN(C)CCn1ccc2cc(Nc3nccc(-n4ccnc4-c4ccc(C(F)(F)F)cc4)n3)ccc21,Inactive
CS(=O)(=O)CCNCc1ccc(-c2cc3ncnc(Nc4ccc(OCc5cccc(F)c5)c(Cl)c4)c3s2)[nH]1,Active
COc1cc2ncnc3c2cc1OCCOCCOCCOc1ccc(Cl)cc1N3,Inactive
CCCS(=O)(=O)Nc1ccc(F)c(C(=O)c2c[nH]c3ncc(-c4ccc(Cl)cc4)cc23)c1F,Inactive
C=CC(=O)N1CC(Oc2cc3c(Nc4ccc(Cl)c(CO)c4)ncnc3cc2OC)C1,Active
COCCNCCN1CCC(n2cc(-c3cccc(OC)c3)c3c(N)ncnc32)CC1,Inactive
CCN(C)C/C=C/C(=O)N1CC[C@@H](n2cc(C(=O)Nc3nc4cc(Cl)ccc4o3)c3c(N)ncnc32)C1,Active
COc1cc2cc(NCc3ccccc3)cnc2cc1OC,Inactive
COc1cc(N2CCN(C)CC2)ccc1Nc1ncc(Cl)c(Oc2cccc(NC(=O)/C(C#N)=C/C(C)C)c2)n1,Inactive
Clc1cccc(Nc2ncnc3ccc(NCc4ccc5c(c4)OCCCCO5)cc23)c1,Active
CNc1cc2c(Nc3cccc(Cl)c3)ncnc2cn1,Active
CN(C)C/C=C/C(=O)N1CCOc2c1ccc1ncnc(Nc3ccc(OCc4cccc(F)c4)cc3)c21,Active
CC(C)N(CC#CC(=O)Nc1cc2c(Nc3ccc(F)c(Cl)c3)ncnc2cn1)C(C)C,Active
C=CC(=O)N1CCCC(Nc2nc(Nc3ccc(N4CCC(O)C(C)(C)C4)cn3)c3c(c2F)CNC3=O)C1,Inactive
C[C@@H]1C[C@H]2[C@@H]3CCC4=CC(=O)C=C[C@]4(C)C3=CC[C@]2(C)[C@H]1C(=O)CN1CCN(c2cc(N3CCCC3)nc(N3CCCC3)n2)CC1,Inactive
CN1CCN(c2ccc(Nc3ncnc4cc5oc(=O)n(CCOC(=O)CCl)c5cc34)cc2Cl)CC1,Active
CNc1ccc2ncnc(Nc3cccc(Br)c3)c2c1,Active
Cc1c(C(=O)NCCN2CCN(C)CC2)[nH]c2cnnc(Nc3ccc(OCc4cccc(F)c4)c(Cl)c3)c12,Inactive
COc1cc(Nc2ncnc3ccc(-c4ccc(CN5C[C@@H]6[C@@H](CO)[C@@H]6C5)cc4)cc23)ccc1Oc1ccccc1,Active
C=CC(=O)N1CCOc2ccc(Nc3ncc(F)c(Nc4ccc5c(c4)CC(=O)N5)n3)cc21,Active
C=CC(=O)Nc1cccc(Nc2nc(Nc3ccc(OC)nc3)ncc2C(=O)NC2CC2)c1,Active
COc1cc(N2CCN(C)CC2)ccc1Nc1ncc(Cl)c(Oc2ccc(NC(=O)/C=C/CN(C)C)cc2)n1,Inactive
CCC(=O)N1CC[C@@H](Oc2nc(Nc3ccc(N4CCN(C)CC4)cc3)c(C(N)=O)nc2CC)C1,Active
CC(C)(C)N1CCC(N2C=C([C@@H](Nc3cc(Cl)c4ncc(C#N)c(Nc5ccc(F)c(Cl)c5)c4c3)c3ccc4c(c3)CNC4)NN2)CC1,Active
Cc1ccc(-c2ccc3occ(-c4ccc([S@+](C)[O-])cc4)c3c2)o1,Inactive
O=C1c2c(c3c4cccc(O)c4n(C4OC(CO)C(O)C(O)C4O)c3c3[nH]c4c(O)cccc4c23)C(=O)N1NCC(O)CO,Inactive
Cn1c(=O)c(-c2c(Cl)cccc2Cl)cc2cnc(NCCc3ccccn3)nc21,Inactive
C=CC(=O)N1CCc2ccc(Nc3nc(Nc4ccc(OCCOC)cc4)ncc3F)cc21,Active
COC(=O)c1ccc(-c2cc(O)cc(C(C)(C)C)c2)cc1,Inactive
NC(=S)N1N=C(c2ccc(Br)c(Br)c2)CC1c1ccc(Cl)cc1,Inactive
Cc1cnc(Nc2ccccc2)nc1Nc1cccc(NC(=O)/C=C/CN(C)C)c1,Active
CC1=C(C(=O)Nc2ccc(C)cc2)C(c2ccc(O)cc2O)NC(SCc2ccccc2)=N1,Inactive
C=CC(=O)Nc1cc(Nc2nccc(Nc3ccccc3-c3ccn(C)n3)n2)c(OC)cc1N1CCN(C)CC1,Inactive
CC(C)(CNc1c(C#N)cnc2c(Cl)cc(N[C@H](C3=CN(C4(C5CC5)CC4)NN3)c3cccc4ncccc34)cc12)C(F)(F)F,Active
CCCCC(=O)Nc1cc2c(Oc3ccc(NC(=O)CCCc4ccc(OC)cc4)cc3F)ncnc2cc1OC,Inactive
Fc1ccc(Nc2ncnc3cc(OC4CCOCC4)c4c(c23)OCCO4)cc1Cl,Active
CCS(=O)(=O)Nc1nc(-c2ccc(F)cc2)c(-c2ccnc(Nc3cc(-c4cnn(C)c4)c(N4CCOCC4)cc3OC)n2)s1,Active
Cc1ocnc1[C@H](Nc1cc(Cl)c2ncc(C#N)c(Nc3ccc(F)c(Cl)c3)c2c1)C1=CN(C2CCN(C(C)(C)C)CC2)NN1,Active
C/C=C/C(=O)Nc1ccc2ncnc(Nc3cccc(Br)c3)c2c1,Active
O=CN1CCN(c2ccc(/C=C3\C(=O)Nc4ccccc43)cc2)CC1,Inactive
C=CC(=O)N1CC[C@@H](COc2nc(Nc3cnn(C)c3)nc3[nH]cc(Cl)c23)C1,Inactive
O=C(NS(=O)(=O)c1ccc(Cl)cc1)c1cncc(Br)c1,Active
COc1cc2ncnc(Nc3ccc(F)c(Cl)c3)c2cc1NC(=O)[C@H]1NC(=O)O[C@@H]1C,Active
COc1ccccc1CNc1ccc2ncnc(Nc3cccc(Cl)c3)c2c1,Inactive
C=CC(=O)Nc1cccc(-n2c(=O)cnc3cnc(Nc4ccc(Cl)cc4)nc32)c1,Active
C=CC(=O)N1CC[C@H](N2C(=O)N(c3ccccc3)Cc3cnc(Nc4ccc(N5CCN(C)CC5)c(C)c4)nc32)C1,Active
COc1cc2c(cc1OC)Sc1ncnc(Oc3cccc(Cl)c3F)c1NC2,Inactive
Cn1c(SSc2c(C(=O)Nc3ccccc3)c3cc([N+](=O)[O-])ccc3n2C)c(C(=O)Nc2ccccc2)c2cc([N+](=O)[O-])ccc21,Inactive
COc1ccc(C#CC(C)(C)N)cc1-c1[nH]nc2nc(Nc3ccc(F)cc3F)ncc12,Inactive
COc1cc2ncnc(Nc3cc(NC(=O)c4cccc(N(C)C)c4)ccc3Cl)c2cc1OC,Inactive
NC(=O)c1c(OCc2c(F)cc(Br)cc2F)nsc1NC(=O)NCCCCN1CCCC1,Inactive
COCCOc1cc(OC2CCOCC2)c2c(Nc3ccc(F)c(Cl)c3)ncnc2c1,Active
CN(C)C/C=C/C(=O)NCCSc1nc(-c2ccc(F)cc2)c(-c2ccnc(Nc3ccccc3)c2)[nH]1,Active
COc1ccc2ccccc2c1C(=O)NCc1ccc(-c2nn(C3CCCC3)c3ncnc(N)c23)cc1,Inactive
C[C@@H](Oc1ccc2[nH]nc(-c3nc4cc(N5CCN(C)CC5)ccc4[nH]3)c2c1)c1c(Cl)cncc1Cl,Inactive
Cl.O=[N+]([O-])c1ccc2sc3c(Nc4cccc(Br)c4)ncnc3c2c1,Active
O=C1CCc2c(Oc3ccc4c(c3)[C@H]3[C@H](NC(=O)c5ccccc5C(F)(F)F)[C@H]3O4)ccnc2N1,Inactive
CS(=O)(=O)Nc1ccc2c(c1)CNc1c(Nc3ccc(F)c(Cl)c3)ncnc1O2,Inactive
COc1ccc(NC(=O)Nc2cccc(N(C)c3ncnc4cc(OC)c(OC)cc34)c2)cc1,Inactive
C#Cc1cccc(Nc2ncnc3cc4c(cc23)N(CCCN2CCCCC2)C(=O)CO4)c1,Active
C=CC(=O)N1CC[C@H](Oc2ccc3ncnc(Nc4ccc(OCc5cccc(F)c5)c(Cl)c4)c3c2)C1,Active
Brc1cccc(Nc2ncnc3cc4[nH]ccc4cc23)c1,Active
C=CC(=O)Nc1cc(Nc2nccc(-c3cnc4c(C)cccn34)n2)c(OC)cc1N(C)CCN1CCOCC1,Active
COc1cc2c(Nc3ccc(Cl)c(Cl)c3)ncnc2cc1OCCC1CNC(C)(C)CO1,Active
COc1cc(Nc2c(C#N)cnc3cc(/C=C/CCN4CCN(C)CC4)c(OC)cc23)c(Cl)cc1Cl,Inactive
COc1cc(N(C)CCN(C)C)c(NC(=O)c2ccnc(O)c2)cc1Nc1nccc(-c2cn(C)c3ccccc23)n1,Active
C=CC(=O)N1[C@@H]2CC[C@H]1C[C@@H](n1nc(-c3ccc(Oc4ccc5c(c4)ncn5C)c(Cl)c3)c3c(C)ncnc31)C2,Inactive
Cc1ncsc1-c1ccc([C@H](C)NC(=O)[C@@H]2C[C@@H](O)CN2C(=O)[C@@H](NC(=O)COCCOCCOCCc2ccc(OC3CCN(c4nccc(Nc5cc6c(cn5)nc(C)n6C(C)C)n4)CC3)cc2)C(C)(C)C)cc1,Inactive
Cc1ncnc(Nc2ccc(OCc3cccc(F)c3)c(Cl)c2)c1C#Cc1ccc(CN2CCCC2)o1,Active
COc1ccccc1CO/N=C/c1c(N)ncnc1Nc1ccc2c(cnn2Cc2cccc(F)c2)c1,Active
C=CC(=O)N1CCC[C@H](n2nc(-c3ccc(Oc4ccccc4)cc3C)c3c(N)ncnc32)C1,Active
C=CC(=O)NCc1cccc(Nc2nc(Nc3cccc(OC)c3)ncc2C(F)(F)F)c1,Inactive
C#CCCCCOc1cc2c(Nc3ccc(F)c(Cl)c3)ncnc2cc1OC,Active
Cc1ccc(NC(=O)c2ccc(Cl)cc2)cc1Nc1nccc(-c2cccnc2)n1,Inactive
O=C(Nc1cccc(Nc2ncnc3cc(OCCCN4CCOCC4)ccc23)c1)Nc1ccc(F)c(Cl)c1,Inactive
Cc1ccc(-n2cc3c(-c4c[nH]c(-c5ccccc5)c4-c4ccccc4)nnc(O)c3n2)cc1,Inactive
O=C1NC(=O)c2cc3c(cc21)N(c1ccccc1)CCN3c1ccccc1,Inactive
CN(C)C/C=C/C(=O)Nc1ccc(-c2cncc(C#N)c2Nc2ccc(OCc3ccccn3)c(Cl)c2)cc1,Inactive
C=CC(=O)N1CCC[C@@H](n2nc(-c3ccc(Oc4ncc(Cl)cc4F)cc3)c(C(N)=O)c2N)C1,Active
Cc1cc(=O)n2nc(SCc3cccc(C(F)(F)F)c3)nc2[nH]1,Active
COc1cc(/C=N/c2c(C#N)nc3c(-c4cc(OC)c(OC)c(OC)c4)nc4ccccc4n23)cc(OC)c1OC,Active
CCOC(=O)c1csc(NC(=S)Nc2ccc(Cl)cc2)n1,Inactive
COC(=O)N(C)[C@H]1C[C@@H]2O[C@](C)([C@H]1OC)n1c3ccccc3c3c4c(c5c6ccccc6n2c5c31)C(=O)NC4,Inactive
C=CC(=O)Nc1cccc(Oc2nc(Nc3cccc(OC)c3)ncc2C(=O)Nc2ccccc2)c1,Active
CNc1nccc(-c2cccnc2Oc2ccc(NC(=O)c3ccccc3Nc3ccccc3)cc2)n1,Inactive
CC(C)n1nc(-c2ccc3[nH]c(=O)ccc3c2)c2c(N)ncnc21,Inactive
CC(=O)Nc1ccc2c(c1)C(c1ccccc1Cl)=Nc1c[nH]nc1N2,Active
Cc1ccccc1Cc1cc2c(N(C)c3cccc(Br)c3)nc(N)nc2[nH]1,Inactive
Cc1nc(F)ccc1[C@H](Nc1cc(C#N)c2ncc(C#N)c(NCC(C)(C)C)c2c1)C1=C(F)N(C2CC2)NN1,Active
COc1cc2ncnc(Nc3ccc(F)c(Cl)c3)c2cc1NC(=O)/C=C/CN1CC[S+]([O-])CC1,Inactive
NC(=O)CCn1cc(-c2ccc3ncnc(Nc4cc(O)c(F)cc4F)c3c2)nn1,Active
OCCNCc1ccc(-c2cc3nccc(Nc4ccc5[nH]ccc5c4)c3s2)cc1,Active
C=CC(=O)Nc1cc(Nc2n[nH]c3ccc(-c4ccc5ccccc5c4)cc23)c(OC)cc1N(C)CCN(C)C,Active
CO[C@H]1[C@@H](N(C)C(=O)c2ccccc2Cl)C[C@@H]2O[C@@]1(C)n1c3ccccc3c3c4c(c5c6ccccc6n2c5c31)C(=O)NC4,Inactive
S=C(Nc1ccccc1)Nc1ccc2ncnc(Nc3cccc(Br)c3)c2c1,Active
O=C(NO)c1ccc(-c2ccc3ncnc(Nc4ccc(OCc5cccc(F)c5)c(Cl)c4)c3c2)o1,Active
Cc1ccc(C2=NN(c3nc(-c4ccccc4)cs3)C(c3ccc(F)cc3)C2)cc1C,Inactive
COc1cc(N2CCN(C)CC2)ccc1Nc1ncc(Cl)c(Oc2cccc(NC(=O)/C(C#N)=C/C(C)(C)C)c2)n1,Inactive
C=CC(=O)Nc1cccc(CNc2nc(Nc3ccc(N4CCN(C)CC4)cc3OC)ncc2Cl)c1,Active
N#C/C(=C\c1ccc(O)c(O)c1)C(=O)NCCCCCCNC(=O)/C(C#N)=C/c1ccc(O)c(O)c1,Inactive
COc1cc2ncc(C#N)c(Nc3cccc(C(C)=O)c3)c2cc1OC,Inactive
O=C1CCC(N2C(=O)c3ccc(N4CCN(CCCC#Cc5cccc6c5C(=O)N(C(C(=O)Nc5nccs5)c5cc(F)ccc5O)C6)CC4)cc3C2=O)C(=O)N1,Inactive
COc1cc2ncnc(C#Cc3ccccc3)c2cc1OC,Inactive
COc1ccc2nc(Cl)c(C3CC(c4ccc(C)cc4)=NN3c3nc(C)c(C(=O)Nc4ccccc4)s3)cc2c1,Active
COc1cc2ncnc(Nc3ccc(Cl)c(NC(=O)c4cccc(N(C)C)c4)c3)c2cc1OC,Inactive
C=CC(=O)N1CC(Nc2cncc(-c3cnc(Nc4cccc(C)n4)nc3)n2)C1,Active
Cn1cc(CNc2cc(Cl)c3ncc(C#N)c(Nc4ccc(F)c(Cl)c4)c3c2)nn1,Inactive
COc1cc2cc(-c3cc(OC)c(OC)c(OC)c3)cnc2cc1OC,Inactive
O=C(Nc1cc2c(Nc3ccc(F)c(Cl)c3)ncnc2cc1O[C@H]1CCOC1)N1CCC(F)CC1,Inactive
Nc1ncnc2c1c(C(=O)Nc1nc3cc(Cl)ccc3o1)nn2[C@@H]1CCCN(C(=O)/C=C/CN2CCCCC2)C1,Active
NC(=O)CCc1c(SSc2[nH]c3ccccc3c2CCC(N)=O)[nH]c2ccccc12,Inactive
COc1cc(/C=C(\C#N)C(N)=O)cc(CSc2ccccc2)c1O,Inactive
Nc1ncnc2occ(-c3ccc(NC(=O)Nc4cc(C(F)(F)F)ccc4F)cc3)c12,Inactive
C=C/C=C/C(=O)Cc1cc2c(Nc3cccc(Br)c3)ncnc2cn1,Active
C=C(CN1CCOCC1)C(=O)c1ccc(OCc2ccccc2)cc1.Cl,Inactive
Cl.NCCc1cn(Cc2ccc(-c3ccccc3)cc2)c2ccc(OCCc3ccc(O)cc3)cc12,Inactive
C=CC(=O)N1CCC[C@@H](c2nc(-c3ccc(Oc4cccc(OC)c4F)cc3)c3cnccn23)C1,Active
Nc1ccc(-c2[nH]nc3ncnc(Nc4cccc(Cl)c4)c23)cc1,Active
Cc1ccc(NC(=O)c2ccc(CN3CCN(C)CC3)cc2)cc1-c1ccc(-c2csc(N)n2)cc1,Inactive
CCN(CC)CC(=O)Nc1n[nH]c2cc(Nc3ncc(Cl)c(Nc4ccccc4S(=O)(=O)C(C)C)n3)ccc12,Inactive
CCOc1cc2ncnc(Nc3ccc4c(ccn4S(=O)(=O)c4ccccc4)c3)c2cc1NC(=O)/C=C/CN1CCOCC1,Active
COc1cc(N2CCC(N3CCN(C)CC3)CC2)ccc1Nc1ncc(Cl)c(-c2cn(S(=O)(=O)C(C)C)c3ccccc23)n1,Active
CNc1nc(N/N=C\c2ccc(OC)cc2)nc(Nc2ccccc2)n1,Inactive
CC(C)(C)C(=O)NCCn1ccc2ncnc(Nc3ccc(Oc4cccc5sncc45)c(Cl)c3)c21.CS(=O)(=O)O,Active
COc1cc2c(Nc3ccc(Cl)c(Cl)c3)ncnc2cc1OCc1noc(COCc2ccccc2)n1,Active
CC(C(=O)NCCn1ccc2ncnc(Nc3ccc(Oc4cccc(C(F)(F)F)c4)c(Cl)c3)c21)S(C)(=O)=O,Active
COc1cc(OC)c2c(=O)n(-c3ccc(F)c(Cl)c3)ccc2c1,Inactive
C=CC(=O)Nc1cc(Nc2nccc(-c3cn(C)c4cc(C#N)ccc34)n2)c(OC)cc1N(C)CCN(C)C,Active
COc1cc(Nc2nccc(Nc3cc(C)[nH]n3)n2)ccc1-c1nc2ccccc2s1,Inactive
C=CC(=O)Nc1cccc(NC(=O)Nc2ccnc(Nc3ccccc3OC)n2)c1,Active
C=CC(=O)Nc1cccc(-c2c(-c3ccccc3)oc3ncnc(N[C@H](CO)c4ccccc4)c23)c1,Active
CC(c1cccc(F)c1)n1ncc2cc(Nc3ncnc4cc(C#C[C@@H]5C[C@@H](OC(=O)N6CCOCC6)CN5)sc34)ccc21,Active
C=CC(=O)N1CCC(Nc2cncc(-c3cnc(Nc4cccc(C(F)(F)F)n4)nc3)c2)CC1,Inactive
COc1cc2ncnc(Nc3ccc(F)c(Cl)c3)c2cc1SCCCCC(=O)NO,Active
Cc1nc(Nc2cccc(Cl)c2)c2c(C)c(C)[nH]c2n1,Inactive
C#Cc1cccc(Nc2ncnc3cc4c(cc23)N(C(=O)/C=C/CN(C)C)CCCO4)c1,Inactive
C=CC(=O)Nc1cccc(Nc2nc(Nc3cc(OC)c(OC)c(OC)c3)ncc2F)c1,Inactive
COc1ccc(C2=NN(c3nc(-c4ccccc4)cs3)C(c3ccc(C)cc3)C2)cc1,Inactive
COc1cc(C2=C(c3c[nH]c4ccccc34)CNC2=O)cc(OC)c1OC,Inactive
Cc1cc(C)c(NC(=O)/C(C#N)=C/c2ccc(O)c(O)c2)c(C)c1,Inactive
O=C(/C=C/c1ccccc1Br)Nc1ccc2ncnc(Nc3cccc(Br)c3)c2c1,Inactive
COc1cc(N2CCN(C(C)=O)CC2)ccc1Nc1ncc(Cl)c(Nc2cccc(NC(C)=O)c2)n1,Inactive
COc1cc(N2CCN(C(C)C)CC2)ccc1Nc1nccc(-c2c(-c3ccc(OC)c(C(=O)Nc4c(F)cccc4F)c3)nc3ccccn23)n1,Inactive
Oc1c(Cl)cc(Cl)cc1Sc1cc(Cl)cc(Cl)c1O,Active
CCNC(=O)Nc1nc2nc(N)ncc2cc1-c1c(Cl)cccc1Cl,Inactive
C#Cc1cc2c(Nc3ccc(OCc4cccc(F)c4)c(Cl)c3)ncnc2s1,Active
O=C(O)/C=C/c1ccc(O)c(O)c1,Inactive
CCc1cc(Nc2ncc(Br)c(Nc3ccc4nccnc4c3P(C)(C)=O)n2)c(OC)cc1N1CCC(N2CCN(C)CC2)CC1,Active
Cn1ccc2c([C@H](Nc3cc(C#N)c4ncc(C#N)c(NCC(C)(C)C)c4c3)C3=CN(C4(C(F)(F)F)CC4)NN3)ccnc21,Active
CC(C)c1ccccc1Nc1nc(N)nc2c1-c1ccccc1C2,Inactive
COc1cc(NCc2c[nH]cn2)cc2c(Nc3ccc(F)c(Cl)c3)c(C#N)cnc12,Inactive
Cc1nc(F)ccc1[C@H](Nc1cc(Cl)c2ncc(C#N)c(NCC3C(C)(C)C3(C)C)c2c1)C1=CN(C2(C(F)F)CC2)NN1,Active
CN(C)CCNc1cc2ncnc(Nc3cccc(Br)c3)c2cn1,Active
Cc1nc(F)ccc1[C@H](Nc1cc(Cl)c2ncc(C#N)c(NCC(C)(C)C)c2c1)C1=CN([C@@H](C)CF)NN1,Active
C[C@H](Nc1ncnc2cc3oc(=O)n(CCCN4CCOCC4)c3cc12)c1ccccc1,Inactive
COC[C@@H]1CN(c2cc3c(Nc4cccc(Cl)c4F)ncnc3cc2OC)C(=O)O1,Active
C=CC(=O)N1CC[C@@H](Nc2nnc(C(N)=O)c(Nc3ccc(C(=O)N4CCOCC4)cc3)n2)C1,Active
C=CC(=O)Nc1cccc(N2C(=O)N(C(C)C)Cc3cnc(Nc4ccc(N5CCN(C)CC5)cc4OC)nc32)c1,Active
COCC/C(=N\S(=O)(=O)Cc1ccc(Cl)cc1)Nc1ccc(Oc2ccnc3cc(OCCCN4CCOCC4)c(OC)cc23)c(F)c1,Inactive
CCN(CC)C/C=C/C(=O)N1CCOc2c1ccc1ncnc(Nc3ccc(Oc4ccn5ncnc5c4)c(Cl)c3)c21,Active
C=CC(=O)NC1CCC(N2C(=O)N(Cc3ccccc3)Cc3cnc(Nc4ccc(N5CCN(C)CC5)cc4OC)nc32)CC1,Active
C=CC(=O)N1CCC(Oc2cc3c(Nc4cccc(CO)c4)ncnc3cc2OC)C1,Inactive
O=C(O[C@H]1CN[C@H](C#Cc2cc3ncnc(Nc4ccc5c(ccn5Cc5ccccc5)c4)c3s2)C1)N1CCOCC1,Active
Clc1ccc2c(Nc3ccc(-c4nc5ccccc5s4)cc3)ccnc2c1,Inactive
COc1cc2c(Nc3ccc(Br)cc3Br)ncnc2cc1OCC1CN(C)CCO1,Active
O=C(c1cc2ccccc2[nH]1)c1cc2c(Nc3ccc(OCc4cccc(F)c4)cc3Cl)ncnc2s1,Active
CO[C@@H]1COC2C1OC[C@H]2Oc1cc2ncnc(Nc3ccc(F)c(Cl)c3)c2cc1NC(=O)/C=C/CN(C)C,Active
COc1ccc(-c2cc(NC(=O)Nc3ccncc3)cc(C(F)(F)F)c2)cn1,Active
COCC(C)Oc1cc2ncnc(Nc3ccc(F)c(Cl)c3)c2c2c1OCCO2,Active
COc1cc2c(Oc3ccc(NC(=O)C4(C(=O)Nc5ccc(F)cc5)CC4)cc3F)ccnc2cc1OCCCN1CCOCC1,Inactive
COc1cc2ncnc(N[C@H](C)c3cccc4ccccc34)c2cc1OC,Active
C=CC(=O)Nc1cccc(Nc2ncc(F)c(Oc3ccc(Oc4ccccc4)cc3)n2)c1,Inactive
C=CC(=O)Nc1cc(Nc2ncc(C)c(-c3cn(C)c4ccccc34)n2)c(OC)cc1N(C)CCN(C)C,Inactive
CC(C)(C)CNc1c(C#N)cnc2c(Cl)cc(N[C@H](C3=CN(C4(C5CC5)CC4)NN3)c3cccc4ncccc34)cc12,Active
C=CC(=O)Nc1cc2c(Nc3ccc(Br)cc3F)ncnc2cc1OCCNC(=O)NCCC,Active
O=C(Nc1ccc(C2NCCc3c2[nH]c2ccccc32)cc1)c1cccc(C(F)(F)F)c1,Inactive
CCn1nc(C#Cc2cc(C(=O)Nc3ccc(CN4CCN(C)CC4)c(C(F)(F)F)c3)ccc2C)c2c(N)ncnc21,Inactive
CCN(CC)CC#CC(=O)Nc1ccc2ncnc(Nc3ccc(F)c(Cl)c3)c2c1,Active
COc1cc2cc(-c3ccc4ccccc4c3)cnc2cc1OC,Inactive
COc1cc(/C=C/C(=O)Nc2cc3c(Nc4ccc(F)c(Cl)c4)ncnc3cc2O[C@@H]2CCOC2)cc(OC)c1OC,Active
COc1cc2cc(/C=C/c3ccccc3)cnc2cc1OC,Inactive
CC(=O)N1N=C(c2ccc(F)cc2)CC1c1ccc(C(=O)OCCn2c([N+](=O)[O-])cnc2C)cc1,Inactive
CCOc1cc2ncnc(/C=C/CCc3ccccc3)c2cc1OCC,Active
CCCc1cc(C2CCN(CCS(C)(=O)=O)CC2)ccc1Nc1nccc(-c2c(-c3ccc(OCC)c(C(=O)Nc4c(F)cccc4F)c3)nc3ccccn23)n1,Inactive
CC1(C)C(=O)N([C@H]2CCc3c(O)cccc32)c2nc(Nc3ccccc3)ncc21,Inactive
Cn1cc(-c2cc(C(=O)/N=c3\[nH]c4ccccc4n3[C@H]3CC[C@@H](O)CC3)cc(N)n2)cn1,Active
COc1cc2ncnc(N3CCc4ccccc43)c2cc1NC(=O)/C=C/CN1CCC(CO)CC1,Active
C=CC(=O)Nc1cccc(-c2cccc3cnc(Nc4ccc(N5CCN(C)CC5)cc4OC)nc23)c1,Active
CCOc1cc2ncnc(/C=C/CCCc3ccccc3)c2cc1OCC,Active
N#C/C(=C\c1ccc(O)cc1)C(=O)O,Inactive
Cc1nnc(-c2ccc(-c3cc(NC(=O)c4ccnc(N5CCCC5)c4)ccc3C)c(C)c2)o1,Inactive
[O-][S+]1CCN(Cc2ccc(-c3ccc4ncnc(Nc5ccc(OCc6ccccc6)c(Cl)c5)c4c3)o2)CC1,Active
COc1ccccc1C(Cc1coc2nc(N)nc(N)c12)CC(C)C,Inactive
Cc1cc(Nc2ccnc(Nc3cccc(-c4nc5ccccc5s4)c3)n2)n[nH]1,Inactive
COc1cc2c(cc1OC)Sc1ncnc(N(C)c3cccc(Cl)c3)c1NC2,Inactive
CCCCOc1ncnc2[nH]c(-c3ccc(N4CCN(C)CC4)cc3)c(-c3cccc(NC(=O)CC)c3)c12,Active
COc1cc(N)c2oc(-c3ccc(N)cc3)cc(=O)c2c1,Inactive
CN(C)CCN(C)CC(=O)Nc1cc2c(Nc3ccc(F)c(Cl)c3)ncnc2s1,Inactive
N#Cc1cnc2c(Cl)cc(NC(c3cccnc3)c3ccccn3)cc2c1Nc1ccc(F)c(Cl)c1,Active
CCN(CC)CCn1ncc2cc(Nc3nccc(-c4cn(S(=O)(=O)CC)c5ccccc45)n3)cc(NC(=O)C(C)C)c21,Active
C=CC(=O)Nc1cc2c(Nc3cccc(Br)c3)ncnc2cc1OCCCN1CCN(C)CC1,Active
C=CC(=O)N1CC(Oc2cc3c(Nc4cccc(-c5cnco5)c4)ncnc3cc2OC)C1,Active
CC(C)(O)Cn1/c(=N/C(=O)c2cc(F)cc(-c3cccnc3)c2)[nH]c2ccccc21,Inactive
CCn1cnc2c(Nc3cccc(C#N)c3)nc(NCCN)nc21.Cl,Inactive
CN(C)c1cc2c(Nc3cccc(Br)c3)ncnc2cn1,Active
NC(=S)N/N=C(/C=C/c1ccccc1)c1ccc(Cl)c(Cl)c1,Inactive
CCN1CCN(CC(=O)Nc2nnc3c4ccccc4nc(Sc4ccc(Br)cc4)n23)CC1,Inactive
CCN(CC)CCON=C1/C(=C/c2cc(OC)c(OC)c(OC)c2Br)CN(C)C/C1=C\c1cc(OC)c(OC)c(OC)c1Br,Active
COc1ccccc1Sc1sc2nc(N)nc(N)c2c1C,Inactive
C=CC(=O)Nc1cccc(-n2c(=O)c(C)cc3cnc(Nc4ccc(N5CCN(C)CC5)cc4OC)nc32)c1,Active
Fc1ccc2c(c1)CNc1c(Nc3cccc(Br)c3)ncnc1O2,Inactive
C=CC(=O)Nc1ccc2ncnc(Nc3ccc(OC)cc3OC)c2c1,Inactive
O=C(O[C@H]1CN[C@H](C#Cc2cc3ncnc(Nc4ccc5c(ccn5CCc5ccccc5)c4)c3s2)C1)N1CCOCC1,Inactive
C=CC(=O)Nc1cccc(-c2cccc3cnc(Nc4ccc(NC5CN(CCO)C5)cc4)nc23)c1,Active
COc1ccccc1C(=O)NCc1ccc(-c2nn(C3CCC(OC(=O)c4ccc(C)cc4)CC3)c3ncnc(N)c23)cc1,Active
CCN(CC)c1nc2oc(C)c(C(=O)NNC(=O)c3cc4ccccc4oc3=O)c2c(=O)n1-c1ccccc1,Inactive
Cn1cc(-c2cc(C(=O)/N=c3\[nH]c4ccccc4n3[C@H]3CC[C@@H](O)CC3)cc(CF)n2)cn1,Inactive
COc1ccc(-c2ocnc2C(=O)NCc2ccncc2)cc1,Inactive
Cc1ccc(OCCOCCn2ccnc2[N+](=O)[O-])cc1Nc1nccc(-c2cn(C)c3ccccc23)n1,Inactive
C=CC(=O)N1CCCC(Nc2nc(Nc3ccc(N4CCOCC4)cc3)c3c(c2F)CNC3=O)C1,Inactive
C=CC(=O)Nc1cccc(Nc2nc(Nc3cccc(OCCCNC(=O)CCCC[C@@H]4SC[C@@H]5NC(=O)N[C@@H]54)c3)ncc2C)c1,Active
CCN1CCN([C@@H]2CCCN(c3cnc(C(N)=O)c(Nc4ccc(C5CCN(C6CCCC6)CC5)cc4)n3)C2)C1=O,Inactive
COc1cc(N2CCN(C)CC2)ccc1Nc1ncc(Cl)c(Oc2ccc(CCOc3no[n+]([O-])c3S(=O)(=O)c3ccccc3)cc2)n1,Inactive
C=CC(=O)Nc1cc(Nc2ncc(Cl)c(-c3c(C)nn(C)c3C)n2)c(OC)cc1N(C)CCN(C)C,Active
COc1cc2ncc(C#N)c(Nc3cccc(C(C)C)c3)c2cc1OC,Inactive
COc1cc2ncnc(Nc3ccc(Br)cc3F)c2cc1OCCCN1CCNCCNCC1,Active
Nc1ccccc1NC(=O)CCc1ccc(-c2ccc3ncnc(Nc4ccc(OCc5cccc(F)c5)c(Cl)c4)c3c2)cc1,Active
COc1cc2ncnc(Nc3ccccc3)c2cc1OC.Cl,Active
CCOc1cc2ncc(C#N)c(Nc3ccc(OCCc4ccccc4)c(Cl)c3)c2cc1NC(=O)/C=C/CN(C)C,Active
C=CC(=O)Nc1cc(Nc2n[nH]c3ccccc23)c(OC)cc1N(C)CCN(C)C,Inactive
COc1cc2ncnc(N3CCc4ccccc43)c2cc1NC(=O)/C=C/CN1CCCC1,Active
COc1cc2c(Nc3ccc(Cl)c(Cl)c3)ncnc2cc1OCCC1CCCN1C,Active
COc1cc(Br)c(/C=C2\CC(C)CC(=C\c3nc(C)c(C)nc3C)/C2=N/O)cc1OC,Inactive
C=CC(=O)Nc1cc2c(Nc3ccc(F)c(Cl)c3)ncnc2cc1OCC1CCC2(CCN(C)CC2)O1,Active
COC(C)(C)COc1cnccc1-c1[nH]c2c(c1Nc1cccc(F)c1OC(F)F)C(=O)NCC2,Active
CCOc1ccc(-c2nc3ccccn3c2-c2ccnc(Nc3ccc(N4CCC(N5CCN(S(C)(=O)=O)CC5)CC4)cc3OC)n2)cc1C(=O)Nc1c(F)cccc1F,Inactive
COC(=O)CCN1CCOC(COc2cc3ncnc(Nc4ccc(Cl)c(Cl)c4)c3cc2OC)C1,Active
COc1cc(N2CCC(N3CCOCC3)CC2)ccc1Nc1nccc(-c2c(-c3cccc(C(=O)Nc4c(F)cccc4F)c3)nc3ccccn23)n1,Active
COc1ccc(C(Nc2ccc(Cl)cc2)n2c(=O)ccc3cc(O)ccc32)cc1,Inactive
N#CC(C#N)=Cc1ccc2c(c1)CCN2Cc1ccccc1,Inactive
C=CC(=O)Nc1cccc(Nc2nc(Nc3ccc(OCC4CCN(C)CC4)nc3)ncc2F)c1,Active
COc1c(F)cc(F)cc1Nc1c(-c2ccncc2OCC(C)(C)OC)[nH]c2c1C(=O)NCC2,Active
C=CC(=O)Nc1cc(Nc2nccc(-c3cnn(C)c3)n2)c(OC)cc1N1CCC(N(C)C)CC1,Active
COc1cc(/C=C(\C#N)S(=O)(=O)/C(C#N)=C/c2cc(O)c(O)c(OC)c2)cc(O)c1O,Inactive
Nc1ccccc1NC(=O)/C=C/c1ccc(-c2ccc3ncnc(Nc4ccc(OCc5cccc(F)c5)c(Cl)c4)c3c2)o1,Active
Nc1ncnc2c1c(-c1ccn3ccnc3c1)nn2C1CCCC1,Inactive
Cc1[nH]c2ncnc(Nc3cccc(O)c3)c2c1C,Inactive
Cc1nc(F)ccc1[C@H](Nc1cc(Cl)c2ncnc(NCC(C)(C)C)c2c1)c1cn(C2(C(F)F)CC2)nn1,Active
COc1cc(N2CCN(CC(=O)N3CCC(=O)CC3)C2=O)ccc1Nc1ncc(Cl)c(Nc2ccccc2S(=O)(=O)C(C)C)n1,Inactive
C=C=CC(=O)Nc1cc(Nc2nccc(-c3cn(C)c4ccccc34)n2)c(OC)cc1O[C@H]1CCOC1,Active
O=C(CCCCCCOc1ccc(-c2cc3c(NCc4ccccc4)ncnc3[nH]2)cc1)NO,Active
CCN(CCO)CCCOc1ccc2c(Nc3cccc(NC(=O)Nc4ccc(Cl)c(C(F)(F)F)c4)c3)ncnc2c1,Active
CCN(CC)C/C=C/C(=O)N1CCCOc2cc3ncnc(Nc4ccc(F)c(Cl)c4)c3cc21,Inactive
N#Cc1cnc2cc3c(cc2c1Nc1cccc(Br)c1)OCCCO3,Inactive
O=C1CCC(N2C(=O)c3ccc(N4CCC(CN5CCC(OCCCc6cccc7c6C(=O)N(C(C(=O)Nc6nccs6)c6cc(F)ccc6O)C7)CC5)CC4)cc3C2=O)C(=O)N1,Inactive
CN1CCN(C/C=C/C(=O)N2CCOc3cc4ncnc(Nc5ccc(OCc6cccc(F)c6)c(Cl)c5)c4cc32)CC1,Active
COC1CCN(c2nccc(Nc3cc4c(cn3)nc(-c3ccc(CN5CCN(CCOc6ccc7c(c6)C(=O)N(C6CCC(=O)NC6=O)C7=O)CC5)cc3)n4C(C)C)n2)CC1,Inactive
COc1cc2c(Nc3ccc(F)c(Cl)c3)ncnc2cc1OCCCCCCn1ccnc1[N+](=O)[O-],Active
CCN1CCC(c2ccc(Nc3nc(N4CCC[C@@H](NC(=O)N(C)C)C4)cnc3C(N)=O)cc2)CC1,Inactive
COc1ccc(Oc2nc3ccccc3cc2/C=N/NC(=O)Cn2c([N+](=O)[O-])cnc2C)cc1,Inactive
COC(=O)Nc1ccc(Nc2ncnc3cc(OC)c(OC)cc23)cc1C,Inactive
COc1cc(NC(=O)/C=C/CN(C)C)cc2c(Nc3cccc(Br)c3)c(C#N)cnc12,Inactive
Cc1cc(N2CCC(N3CCCCC3)CC2)ccc1Nc1nccc(-c2c(-c3cccc(C(=O)Nc4c(F)cccc4F)c3)nc3ccccn23)n1,Active
COC1CCN(c2nccc(Nc3cc4[nH]c(COCCN5CCN(c6ccc7c(c6)C(=O)N(C6CCC(=O)NC6=O)C7=O)CC5)nc4cn3)n2)CC1,Inactive
COc1cc2ncnc(Nc3ccc(-c4nc5ccccc5s4)cc3F)c2cc1OCCCN1CCN(C)CC1,Inactive
Cn1cc2c([C@H](Nc3cc(Cl)c4ncc(C#N)c(NCC(C)(C)C)c4c3)C3=CN(C4CC4)NN3)cccc2n1,Active
Cc1ncnc(Nc2ccc(OCc3cccc(F)c3)c(Cl)c2)c1/C=N/OCCN1CCOCC1,Active
COc1ccc(OC)c(Cn2ccc3c(Nc4cccc(Br)c4)nc(N)nc32)c1,Inactive
COc1ccccc1C(=O)NCc1ccc(-c2nn(C3CCCC3)c3ncnc(N)c23)c(OC)c1,Inactive
C=CC(=O)Nc1cccc(NC(=O)Nc2ccnc(Nc3ccc(N(C)CCN(C)C)cc3OC)n2)c1,Active
CCN(CC)CCNC(=O)c1c(C)[nH]c(/C=C2\C(=O)Nc3cccc(F)c32)c1C,Active
Cc1ccc(C2=NN(C(N)=S)C(c3ccccc3Br)C2)cc1C,Inactive
COc1cc2c(Nc3ccc(OCc4cccc(F)c4)c(Cl)c3)ncnc2cc1OCCCn1ccnc1[N+](=O)[O-],Active
CCOc1cc2ncnc(NC3=CC(=O)C(OC)=CC3=O)c2cc1NC(=O)/C=C/CN(C)C,Inactive
COc1cc2c(Nc3ccc(Cl)c(Cl)c3)ncnc2cc1OCC1CN(C)CCN1C,Active
C=CC(=O)Nc1cc(Nc2ncc(C(=O)OC)c(-c3cn(C)c4ccccc34)n2)c(OC)cc1CCCN(C)C,Active
C/C=C/C(=O)Nc1cc2c(Oc3ccc(NC(=O)c4sc(-c5ccccc5)nc4C)cc3F)cccc2cc1OC,Inactive
Cc1cccc2c1c(C(=O)Nc1ccccc1)c(SSc1c(C(=O)Nc3ccccc3)c3c(C)cccc3n1C)n2C,Inactive
COc1cc(N2CCC(N3CCN(C)CC3)CC2)ccc1Nc1ncc(Cl)c(-c2c[nH]c3ccccc23)n1,Active
CCOC(=O)CCCn1c(=O)oc2cc3ncnc(Nc4ccc(O)cc4)c3cc21,Active
CC(C)(C)CNc1ncnc2c(Br)cc(NC(c3ccc(F)cc3)c3cn(C4CC4)nn3)cc12,Active
C[C@@H](Nc1ncnc2sc(-c3ccc(F)c(C=O)c3)cc12)c1ccccc1,Active
COc1cc2ncnc(Nc3ccc(F)c(Cl)c3)c2cc1OCC(=O)NO,Active
CC(=O)N1CCN([C@H]2C[C@@H](n3cc(-c4cc(OC[C@@H]5CCCO5)ccc4F)c4c(N)ncnc43)C2)CC1,Inactive
COc1ccc(/C=C2\C(=O)Nc3ccccc32)cc1,Inactive
Cc1cc2cc(Nc3ccnc4cc(-c5ccc(CNCCO)cc5)sc34)ccc2[nH]1,Inactive
C=CC(=O)N1CC(Oc2cc3c(Nc4ccc(OC(F)(F)F)c(Cl)c4)ncnc3cc2OC)C1,Active
CCOc1ccccc1-c1nnc(SCc2ccccc2)o1,Inactive
COc1cc2ncn(-c3cc(OCc4ccccc4C(F)(F)F)c(C(N)=O)s3)c2cc1OC,Inactive
C=CC(=O)Nc1cccc(Nc2nc(Nc3ccc(OCc4ccccn4)c(Cl)c3)ncc2F)c1,Inactive
NC(=S)N1N=C(c2ccc(Br)cc2)CC1c1ccc2ccccc2c1,Active
Nc1nc(Nc2cccc(Br)c2)c2cc(Cc3ccc(Cl)cc3)[nH]c2n1,Inactive
CO/N=C/c1c(N)ncnc1Nc1ccc2[nH]ncc2c1,Active
OCCCNCc1ccc(-c2cc3nccc(Nc4ccc5[nH]ccc5c4)c3s2)cc1,Active
COc1cc2c(Nc3ccc(Cl)c(Cl)c3)ncnc2cc1OCC1CN(CCC2CCCCC2)CCO1,Active
CN(c1ccccc1)c1cc2c(cc1N(C)c1ccccc1)C(=O)NC2=O,Inactive
NC(=S)N1N=C(c2ccc(Cl)c(Cl)c2)CC1c1ccccc1Cl,Inactive
COc1cc(Br)c(/C=C2\CC(C)C/C(=C\c3nc(C)c(C)nc3C)C2=O)cc1OC,Inactive
O=C(/C=C/CN1CCCCC1)N1CCCOc2cc3ncnc(Nc4ccc(F)c(Cl)c4)c3cc21,Inactive
Clc1cccc(Nc2nc[nH]c3nnc(Nc4cccc(Cl)c4)c2-3)c1,Active
COc1cc(SCc2ccc(CN(C)C)o2)ccc1Nc1ncc(Cl)c(Nc2ccccc2NS(C)(=O)=O)n1,Inactive
O=C(Nc1ccc(Cl)cc1)c1ccc(N(CCCl)CCCl)cc1,Inactive
COc1ccccc1C(=O)Nc1ccc(C)c(Nc2nccc(-c3cccnc3)n2)c1,Inactive
COc1cc2ncc(C#N)c(Nc3ccc(F)c(Cl)c3)c2cc1NC(=O)/C=C/CN(C)C,Inactive
Nc1cc2ncnc(NCc3cccc([N+](=O)[O-])c3)c2cn1,Inactive
Nc1ccc(-c2cc(=O)c3ccc(O)c(N)c3o2)cc1,Inactive
C=CC(=O)Nc1cc(Nc2nccc(Nc3ccccc3-n3nccn3)n2)c(OC)cc1N1CCC(N(C)C)CC1,Active
O=C(Nc1cc2c(Nc3ccc(F)c(Cl)c3)ncnc2s1)C1CCCC1,Inactive
CO[C@H]1[C@@H](N(C)C(=O)CNC(=O)OC(C)(C)C)C[C@@H]2O[C@@]1(C)n1c3ccccc3c3c4c(c5c6ccccc6n2c5c31)C(=O)NC4,Inactive
C=CC(=O)Nc1ccccc1C1CCNc2c(C(N)=O)c(-c3ccc(Oc4ccccc4)cc3)nn21,Active
CCOC(=O)Nc1ccc(Nc2ncnc3sc4c(c23)CCCC4)cc1C,Inactive
Cc1ccc(C2CC(c3ccc(C)c(C)c3)=NN2c2nc(-c3ccccc3)cs2)cc1,Inactive
C=CC(=O)Nc1cc(Nc2ncc(C(=O)OC(C)C)c(-n3cc(C)c4ccccc43)n2)c(OC)cc1N(C)CCN(C)C,Active
COc1cc(N2CCC3(CC2)CN(C)C3)c(C)cc1Nc1ncc(Br)c(Nc2ccc3ccccc3c2P(C)(C)=O)n1,Active
CN(C)C/C=C/C(=O)N1CCOc2c1ccc1ncnc(Nc3ccc(OCc4ccccn4)cc3)c21,Active
COc1ccc(-c2cncc(C#N)c2Nc2ccc3[nH]ccc3c2)cc1OC,Inactive
CCC(=O)Nc1ccc(Nc2ncnc3cc(OC)c(OC)cc23)cc1C.Cl,Inactive
CCOc1ccc(-c2nn(C3CCCC3)c3ncnc(N)c23)cc1OC,Inactive
CC(C)(O)Cn1/c(=N/C(=O)c2ccnc(-c3cccnc3)c2)[nH]c2cc(C3CCCOC3)ccc21,Inactive
CC(=O)Oc1ccc2[nH]c(C(=O)c3cc4ccccc4[nH]3)cc2c1,Inactive
CCCCCCCCCCCCCCCCCCCCOC(=O)COc1cc(O)c2c(=O)cc(-c3ccccc3)oc2c1,Inactive
COc1ccccc1C(=Cc1coc2nc(=N)[nH]c(N)c12)C1CC1,Inactive
COc1cc(N2CCC(N(C)CCN(C)C)CC2)c(C)cc1Nc1ncc(Br)c(Nc2ccc3nccnc3c2P(C)(C)=O)n1,Active
COC[C@H](Nc1ncnc2sc(Br)cc12)c1ccccc1,Inactive
C=CC(=O)N1CCC[C@@H](n2nc(-c3ccc(Oc4ccc5c(c4)ncn5C)c(C)c3)c3c(C)ncnc32)C1,Inactive
COc1cc2c(Nc3cccc(Br)c3C)ncnc2cc1OCC1CN(C)CCO1,Active
O=C(Nc1cc2c(Nc3ccc(F)cc3)ncnc2cc1OCCCN1CCOCC1)c1cc([N+](=O)[O-])ccc1F,Active
O=C(/C=C/c1ccc([N+](=O)[O-])cc1)Nc1ccc2ncnc(Nc3cccc(Br)c3)c2c1,Inactive
Cn1c(=O)c(-c2c(Cl)cccc2Cl)cc2cnc(Nc3cccc(CO)c3)nc21,Active
O=C(Nc1cc2c(Nc3ccc(OCc4cccc(F)c4)c(Cl)c3)ncnc2cc1OCCCN1CCOCC1)c1cc([N+](=O)[O-])ccc1F,Active
Cc1cc(N[C@H](C2=CN(C3CC3)NN2)c2cccc3ncsc23)cc2c(NOC(C)(C)C)c(C#N)cnc12,Active
CCC(=O)Nc1cc2c(Nc3ccc4c(ccn4Cc4ccco4)c3)ncnc2cc1OC,Active
CN(C)CCCOC(=O)/C=C/C(=O)Nc1ccc2ncnc(Nc3cccc(Br)c3)c2c1,Active
OC[C@@H](Nc1ncnc2oc(-c3ccccc3)c(Cl)c12)c1ccccc1,Active
Cc1nc(F)ccc1[C@H](Nc1cc(C#N)c2ncc(C#N)c(N[C@@H](c3ccccc3)C3CC3)c2c1)C1=CN(C2(C(F)(F)F)CC2)NN1,Active
CCOc1cc2ncc(C#N)c(Nc3ccc4c(c3)CCN4Cc3ccccc3)c2cc1NC(=O)/C=C/CN(C)C,Active
COc1cccc(-c2ccc3c(c2)NC(=O)/C3=C\c2[nH]cc(CCC(=O)O)c2C)c1,Inactive
N#Cc1ccc(-c2csc(N3N=C(c4ccc(N5CCOCC5)cc4)CC3c3ccc(Cl)cc3)n2)cc1,Inactive
COC1(CCN2CCN(CCCOCCCOCC(=O)N[C@H](C(=O)N3C[C@H](O)C[C@H]3C(=O)N[C@@H](C)c3ccc(-c4scnc4C)cc3)C(C)(C)C)CC2)CCN(c2nccc(Nc3cc4c(cn3)nc(C)n4C(C)C)n2)CC1,Inactive
C=CC(=O)Nc1cccc(Nc2nc(Nc3ccc(N4CCN(CCOCCNc5cccc6c5C(=O)N(C5CCC(=O)NC5=O)C6=O)CC4)cc3OC)ncc2C(F)(F)F)c1,Active
COc1ccc(C2=C(C#N)C3=NC4=Nc5ccc(S(=O)(=O)N6CCOCC6)cc5C4=NC3C(O)=C2C#N)cc1,Active
Cc1nc(C)c(/C=C2\CC(C)C/C(=C\c3nc(C)c(C)nc3C)C2=NO)nc1C,Inactive
COc1cccc(-c2cn(C3CCN(C(=O)OC(C)(C)C)C3)c3ncnc(N)c23)c1,Inactive
O=C1OCC/C1=C\c1ccc2c(c1)CCO2,Inactive
C#Cc1cccc(-n2ccc3cc(OC)cc(OC)c3c2=O)c1,Inactive
C#Cc1cccc(Nc2ncnc3cc(OC)c(OCCCCC(=O)NO)cc23)c1,Active
COc1cc(/C=C2\CCC/C(=C\c3ccccc3)C2=O)cc(OC)c1,Inactive
CC(C)c1cnc(N2C[C@H](O)[C@H]2C)c2cnc(Nc3ccnc(N4CC[C@@H](O)[C@@](C)(F)C4)n3)cc12,Inactive
C=C1CC(CI)(c2ccccc2)OC1=O,Inactive
C=CC(=O)Nc1cc(Nc2nccc(-c3cc(F)c4nc5n(c4c3)C(C)(C)CC5)n2)c(OC)cc1N(C)CCN(C)C,Active
C=CC(=O)Nc1cc(Nc2ncc3ncn(-c4ccc(F)c(Br)c4)c3n2)c(OC)cc1N(C)CCN(C)C,Active
C=CC(=O)Nc1cc(Nc2cc(-c3cccc(NC(=O)c4ccc(N(C)C)cc4)c3C)cn(C)c2=O)ccc1C(=O)N1CCOCC1,Inactive
c1ccc(-c2cc3ccncc3cc2OC2CCNCC2)cc1,Inactive
N#C/C(=C\c1ccc(O)c(O)c1)C(=O)Nc1ccccc1,Inactive
NC(=O)c1c(-c2ccc(Oc3ccc(F)cc3F)cc2)nn([C@@H]2CCCN(C(=O)/C=C/C(F)F)C2)c1N,Active
CC(C)=NNc1nc(-c2ccc(Cl)cc2)cs1,Inactive
O=c1c2ccc(Cl)cc2nc(-c2ccccc2)n1-c1nnc(-c2ccccc2)s1,Inactive
C[C@@H](Nc1ncnc2sc3c(c12)CCN(C(=O)/C=C/CN(C)C)C3)c1ccccc1,Active
CC(C)n1c(NC2CCCCC2)nc2cnc(Nc3ccc(N4CCN(C)CC4)cc3)nc21,Active
O=C1NC(=O)c2ccc(I)cc2/C1=C/NCc1ccc(-c2ccoc2)c(O)c1,Inactive
C[C@@H](Oc1ccc2ncccc2c1)c1c(Cl)ccc(F)c1Cl,Inactive
Cc1[nH]nc2c1N=C(c1ccccc1Cl)c1cc([N+](=O)[O-])ccc1N2,Inactive
COc1cc(N(C)CCN(C)C)c(NC(=O)/C=C\C(C)C)cc1Nc1nc2c(c(-c3cn(C)c4ccccc34)n1)CSCC2,Inactive
Nc1ncnc2c1c(-c1ccc(Br)c(O)c1)nn2C1CCCC1,Active
CCS(=O)(=O)N1CCC(c2nc(-c3ccc(F)cc3)c(-c3ccnc(Nc4ccc(N5CCOCC5)cc4)n3)s2)CC1,Active
COC1CN(c2ncc(C(C)C)c3cc(Nc4ccnc(N5CC[C@@H](O)[C@@](C)(F)C5)n4)ncc23)C1,Inactive
OCCN(CCO)CCCNc1c(Br)cccc1Nc1ncnc2ccncc12,Active
Cc1[nH]c2cc(Nc3ncc(Cl)c(Nc4ccccc4NS(C)(=O)=O)n3)ccc2c1C(=O)N1CCOCC1,Inactive
COc1cc2cc(-c3c[nH]c4ccccc34)cnc2cc1OC,Inactive
CC#CC(=O)Nc1cc2c(Oc3ccc(C(=O)Nc4ccccn4)cc3)ccnc2cc1OC,Inactive
Brc1cccc(Nc2ncnc3ccc(N/N=N/Cc4ccccc4)cc23)c1,Active
CN(Cc1ccccc1)c1ncnc2[nH]c(-c3ccccc3)cc12,Active
COc1cc2ncnc(Nc3cccc(Cl)c3F)c2cc1CN(C)C1CCNC1=O,Active
C[C@H](Nc1cc(-c2c(-c3cccc(C(F)(F)F)c3)nc(C3CCNCC3)n2C)ccn1)c1ccccc1,Inactive
O=C(CCCCCC(=O)Nc1ccc(O)c(C(=O)Nc2cccc(C(F)(F)F)c2)c1)NO,Inactive
CCOC(=O)CCCn1c(=O)oc2cc3ncnc(Nc4ccc5[nH]ncc5c4)c3cc21,Active
COc1cc2c(N[C@@H]3C[C@H]3c3ccccc3)c(C#N)cnc2cc1OCCCN1CCOCC1,Active
COc1ccc(-c2c3c4cc(OC)c(O)cc4[nH]c(=O)c3n3ccc4cc(O)c(OC)cc4c23)cc1O,Active
COC(=O)Nc1ccc(Nc2ncnc3cc(OC)c(OC)cc23)cc1,Inactive
COC/C=C/C(=O)N(C)[C@@H](C)c1nc(-c2ccc(C(=O)Nc3ccc(C)cn3)cc2)c2c(N)nccn12,Inactive
Cc1c(Nc2nccc(-c3c(-c4cccc(C(=O)Nc5c(F)cccc5F)c4)nc4ccccn34)n2)cccc1OCCN(C)C,Active
CC(=O)NN1C(=O)c2c(c3c4cccc(O)c4n(C4OC(CO)C(O)C(O)C4O)c3c3[nH]c4c(O)cccc4c23)C1=O,Inactive
Cc1ccc2cc(-c3nn(C(C)C)c4ncnc(N)c34)ccc2n1,Inactive
C=CC(=O)Nc1cccc(Nc2nc(Nc3ccc(OC)nc3)ncc2C(=O)NC(C)(C)C)c1,Inactive
CN(C)C/C=C/C(=O)N1CCOc2c1ccc1ncnc(Nc3ccc(OCc4cccc(F)c4)c(C(F)(F)F)c3)c21,Active
CNC(=O)c1cccc(C#Cc2cncnc2Nc2ccc(OCc3cccc(F)c3)c(Cl)c2)c1,Active
C#Cc1cccc(N2C(=O)Nc3c(C(=O)Nc4ccc(CN5CCCC5)cc4)sc4ncnc2c34)c1,Active
COc1cc(N2CCN(CC(=O)N3CCN(C)CC3)C2=O)ccc1Nc1ncc(Cl)c(Nc2ccccc2S(=O)(=O)C(C)C)n1,Inactive
C/C=C/C(=O)Nc1cc2c(Nc3cccc(Br)c3)ncnc2cn1,Active
C=CC(=O)Nc1cccc(C2CCNc3c(C(N)=O)c(-c4ccc(Oc5ccccc5)cc4)nn32)c1,Active
COc1cc(N2CCNCC2)ccc1Nc1ncc(Cl)c(Nc2ccccc2NS(N)(=O)=O)n1,Active
C/C=C/C(=O)Nc1cc2c(Oc3ccc(NC(=O)CCCc4ccc(C)cc4)cc3F)ncnc2cc1OC,Inactive
CC#CC(=O)N[C@@H](C)c1nc(-c2ccc(C(=O)Nc3cc(C(F)(F)F)ccn3)c(OC)c2)c2c(N)nccn12,Inactive
Cc1ccc(C(=O)NS(=O)(=O)c2ccc(Br)cc2)c(Cl)n1,Inactive
CC[C@@H](Nc1c(C#N)cnc2c(C#N)cc(N[C@H](C3=CN(C4(C(F)(F)F)CC4)NN3)c3cccc4ncsc34)cc12)c1ccccc1,Active
COc1ccc(-c2ccc3c(c2)NC(=O)/C3=C\c2cc3c([nH]2)CCCC3)cc1,Inactive
O=[N+]([O-])c1cccc(-c2c(-c3ccccc3)oc3ncnc(N[C@H](CO)c4ccccc4)c23)c1,Active
CN1CCC(O)(c2nc(-c3ccc(F)cc3)c(-c3ccncc3)o2)CC1,Active
C=CC(=O)Nc1cccc(N2C(=O)C(Cc3ccc(OC)cc3)N(C)C(=O)c3cnc(Nc4ccc(N5CCN(C)CC5)cc4OC)nc32)c1,Active
C=CC(=O)N1CCCC(Nc2nc(Nc3cnn(C)c3)c3c(c2F)CNC3=O)C1,Inactive
Cn1c(=O)c(-c2c(Cl)cccc2Cl)cc2cnc(Nc3cccc(O)c3)nc21,Active
CCOC(=O)c1cn2ncnc(Nc3ccc4[nH]ncc4c3)c2c1CC,Active
COc1cc2ncnc(Nc3ccccc3)c2cc1OC,Inactive
N#Cc1cnc2ccc(-c3cccc(CN4CCOCC4)c3)cc2c1N[C@@H]1C[C@H]1c1ccccc1,Inactive
O=C1Nc2ccccc2/C1=C/c1ccc(Br)cc1,Inactive
COc1ccc2c(c1)CC(N(C)c1nc(C)nc3oc(C)cc13)N2,Active
CC(=O)N[C@H]1CC[C@@H](N2C(=O)N(c3ccccc3Cl)Cc3cnc(Nc4ccc(N5CCN(C)CC5)c(C)c4)nc32)CC1,Active
CC(=O)O[C@H]1C(=O)[C@@]2(C)[C@H]([C@H](OC(=O)c3ccccc3)[C@]3(O)C[C@H](OC(=O)[C@H](O)[C@@H](NC(=O)c4ccccc4)c4ccccc4)C(C)=C1C3(C)C)[C@]1(OC(C)=O)CO[C@@H]1C[C@@H]2O,Inactive
C=CC(=O)N1CC(Nc2cc3c(Nc4ccc(F)c(Cl)c4)ncnc3cc2OC)C1,Active
COCCOc1cc2ncnc(Nc3ccc(F)cc3)c2c2c1OCCO2,Active
C=CC(=O)Nc1cc2c(Oc3ccc(NC(=O)CCCc4ccccc4)cc3F)ncnc2cc1OC,Active
C=CC(=O)Nc1cccc(Oc2nc(Nc3ccc(N4CCN(C)CC4)cc3)c(C(N)=O)nc2CC)c1C,Active
COCOCC#CC(=O)Nc1ccc2ncc(C#N)c(Nc3cccc(Br)c3)c2c1,Inactive
COc1cccc2c1c(C(=O)Nc1ccccc1)c(SSc1c(C(=O)Nc3ccccc3)c3c(OC)cccc3n1C)n2C,Inactive
COc1cc2nc(Cl)nc(Nc3ccc(NC(C)=O)cc3)c2cc1OC,Inactive
O=C(/C=C/C(F)(F)F)N1CCC(Oc2cc3c(Nc4ccc(Cl)c(Cl)c4F)ncnc3cc2O[C@H]2CCOC2)CC1,Active
CC(C)(C)CNc1c(C#N)cnc2c(Cl)cc(N[C@H](C3=CN(C(C)(C)C(F)F)NN3)c3cccc4ncccc34)cc12,Active
C[C@@H](Nc1ncnc2sc(-c3cccc(C(=O)NCCN(C)C)c3)cc12)c1ccccc1,Active
COc1cc2ncnc(Nc3ccc(F)c(Cl)c3)c2cc1NC(=O)/C=C/CN1CCCCC1.O,Active
COc1cc(CCCN2CCN(C)CC2)ccc1Nc1nccc(-c2c(-c3cccc(C(=O)Nc4c(F)cccc4F)c3)nc3ccccn23)n1,Active
CCN1CCN(C(=O)c2cc(C)c(/C=C3\C(=O)Nc4ncnc(Nc5ccc(F)c(Cl)c5)c43)[nH]2)CC1,Inactive
CC(C)(C)CNc1c(C#N)cnc2c(C#N)cc(N[C@H](C3=CN(C4(C(F)F)CC4)NN3)c3cccc4c(=O)[nH]ccc34)cc12,Active
Cc1cccc(N(C)c2ncnc3cc(C)c(C)cc23)c1.Cl,Inactive
O=C(/C=C/c1ccc(-c2ccc3ncnc(Nc4ccc(OCc5cccc(F)c5)c(Cl)c4)c3c2)s1)NO,Active
Brc1cccc(Nc2nccc3ccccc23)c1,Inactive
[O-][S+]1CCN(Cc2ccc(-c3ccc4ncnc(Nc5ccc(OCc6cccc(F)c6)c(Cl)c5)c4c3)o2)CC1,Active
O=C(Nc1ccc(Oc2ncnc3[nH]ncc23)cc1)Nc1ccc(Cl)c(C(F)(F)F)c1,Inactive
CN(C)Cc1nc2ccc(Nc3ncc(Cl)c(Nc4ccccc4C(=O)N(C)C)n3)cc2[nH]1,Inactive
CNC(=O)[C@H]1CCCN1Cc1cc2c(Nc3cccc(Cl)c3F)ncnc2cc1OC,Active
C=CC(=O)Nc1cc2c(Nc3ccc(Br)c(Cl)c3F)ncnc2cc1OCCNC(=O)OC,Active
CCN(C)C(=O)N[C@@H]1CCCN(c2cnc(C(N)=O)c(Nc3ccc(C4CCN(C)CC4)cc3)n2)C1,Inactive
C=CC(=O)N1CCC[C@H](n2nc(C(=O)c3ccc(CC(=O)N(C)C)c(C)c3C)c3c(N)ncnc32)C1,Active
CC(C)N1C=C([C@@H](Nc2cc(Cl)c3ncc(C#N)c(Nc4ccc(F)c(Cl)c4)c3c2)c2cccc3c2CCN3)NN1,Active
O=C1CCc2c(Oc3ccc4c(c3)[C@H]3[C@H](NC(=O)c5ccc(CN6CCN7CCC[C@@H]7C6)c(C(F)(F)F)c5)[C@H]3O4)ccnc2N1,Active
Cc1ccc2c([C@H](Nc3cc(C#N)c4ncc(C#N)c(NCC(C)(C)C)c4c3)C3=CN(C4(C)CC4)NN3)cccc2n1,Active
CCOCCOc1cc2ncnc(Nc3ccc(F)c(Cl)c3)c2cc1NC(=O)/C=C\Cl,Active
C=CC(=O)Nc1ccc(OC)c(Nc2cc(-c3[nH]c(SC)nc3-c3cccc(NC(=O)c4c(F)ccc(O)c4CN4C(=O)c5ccccc5C4=O)c3)ccn2)c1,Inactive
COc1cc2c(Nc3ccc(NC(=O)c4ccccc4)cc3)ncnc2cc1OCCN1CCCCC1,Inactive
COc1cc2ncccc2cc1NC(=O)c1csc2cncnc12,Inactive
COc1ccc(NC(c2ccc(OC)cc2)n2c(=O)ccc3cc(O)ccc32)cc1,Inactive
COc1ccc(C=O)cc1-c1cc2c(N[C@H](C)c3ccccc3)ncnc2s1,Active
C=C(Cn1cccn1)C(=O)Nc1cccc(Nc2nc(Nc3ccc(OCCOC)cc3)ncc2F)c1,Inactive
Cc1cccc(CN(Cc2ccc(O)cc2)C(=S)Nc2ccccc2)c1O,Inactive
COc1ccc(Oc2ccnc3cc(OC)c(OC)cc23)cc1OC,Inactive
COc1cc(CN(C)CCN(C)C)ccc1-c1cc2c(N[C@H](CO)c3ccccc3)ncnc2[nH]1,Active
CC1=C(C(=O)Nc2ccc(C)cc2)C(c2ccc(O)cc2O)NC(NCc2ccccc2)=N1,Inactive
C#Cc1cccc(Nc2ncnc3cc4oc(=O)n(CCCN5CCOCC5)c4cc23)c1,Active
C[C@@H](NC(=O)c1ccc(S(=O)(=O)Oc2ccc(/C=C/[N+](=O)[O-])cc2)cc1)C(=O)N[C@H](C)C(=O)NCCN,Inactive
Fc1cccc(COc2ccc(Nc3ncnc4cc(C#C[C@@H]5CCCN5)sc34)cc2Cl)c1,Active
O=c1oc2cc3ncnc(Nc4ccc(OCc5ccc(Cl)cc5)cc4)c3cc2n1CCCN1CCOCC1,Active
Nc1ncnc2c1c(-c1ccc(CNC(=O)c3nccc4ccccc34)cc1)nn2C1CCCC1,Inactive
Oc1ccc(CNc2ccc3ncnc(Nc4cccc(Br)c4)c3c2)cc1,Active
CCOC(=O)CCCn1c(=O)oc2cc3ncnc(Nc4ccc(C(=O)OCc5ccc(Cl)cc5)cc4)c3cc21,Active
N#CN1CCCC(n2nc(-c3ccc(Oc4ccc(Cl)cc4)cc3)c(C(N)=O)c2N)C1,Inactive
CN(C)C/C=C/C(=O)Nc1cccc(Nc2nc(N/N=C/c3ccc(F)cc3)ncc2Cl)c1,Inactive
Cc1cncc2cccc([C@H](Nc3cc(C#N)c4ncc(C#N)c(NCC(C)(C)C)c4c3)C3=CN(C4(C(F)(F)F)CC4)NN3)c12,Active
COc1cc2c(Oc3ccc(C4SCC(=O)N4NC(=O)Nc4ccc(F)cc4)cc3)ccnc2cc1OCCCN1CCOCC1,Inactive
C#Cc1cccc(Nc2ncnc3cc4c(cc23)N(C(=O)/C=C/CN(C)C)CCO4)c1,Active
Cn1c(SSc2c(C(=O)Nc3ccccc3)c3cc(C(F)(F)F)ccc3n2C)c(C(=O)Nc2ccccc2)c2cc(C(F)(F)F)ccc21,Inactive
O=C1Nc2ccc(Cl)cc2/C1=C/c1ccc(N2CCOCC2)cc1,Inactive
C=CC(=O)Nc1ccc2ncnc(Nc3ccc(S(N)(=O)=O)cc3)c2c1,Inactive
COCCOc1cc2ncnc(Nc3ccc(C(=O)NC45CC6CC(CC(C6)C4)C5)cc3)c2cc1OCCOC,Active
Cc1ccc(-c2nn(-c3ccccc3)cc2C(=O)NOCc2ccccc2F)cc1,Inactive
COc1ccc2c(c1)CNc1c(Nc3ccc(Cl)cc3)ncnc1O2,Inactive
CCC(=O)N1CC[C@H](N2C(=O)N(c3cc(OC)ccc3F)Cc3cnc(Nc4ccc(N5C[C@@H](C)N(C)[C@@H](C)C5)c(C)c4)nc32)C1,Active
CNC(=O)c1ccc(Oc2ccc(Nc3ncnc4cc(OCC5CCN(C)CC5)c(OC)cc34)cc2)cc1,Inactive
CCOc1cc2ncc(C#N)c(Nc3ccc(N4CCOCC4)c(Cl)c3)c2cc1NC(=O)/C=C/CN(C)C,Inactive
CCC1=C2C(Nc3ccc4c(cnn4Cc4ccccc4)c3)=NC=NC2N=C1NC(=O)OCCN1CCNCC1,Active
COC(=O)Cc1cc(NCc2cc(O)ccc2O)ccc1O,Inactive
CNS(=O)(=O)c1cccc(Nc2cc(Nc3cccc(C(C)C)c3)ncn2)c1,Active
C=CC(=O)N1CCC(C2CCNc3c(C(N)=O)c(-c4cc(OC)c(C5CCCC5)c(OC)c4)nn32)CC1,Inactive
COCCN(C)C/C=C/C(=O)Nc1ccc2ncnc(Nc3cccc(Br)c3)c2c1,Active
C=CC(=O)N1CCC[C@H](Nc2nc(Nc3cccc(OC)c3)ncc2F)C1,Inactive
COc1cccc(-c2ccc3c(c2)NC(=O)/C3=C\c2cc3c([nH]2)CCCC3)c1,Inactive
Cc1ccc(C(/C=C/c2ccccc2)=N\NC(N)=S)cc1,Active
CC(=O)c1nn(-c2ccc(Cl)cc2)cc1C(=O)c1c(C)[nH]c(-c2ccccc2)c1-c1ccccc1,Inactive
COc1ccc(COc2ccc(Nc3ncnc4cc5oc(=O)n(CCOC(=O)CBr)c5cc34)cc2)cc1,Inactive
FC(F)(F)c1ccc(CNc2ccc(Cc3c[nH]c4ncc(Cl)cc34)cn2)cn1,Inactive
CCOC(=O)C1=C(N)N(c2cccnc2)C2=C(C(=O)CCC2)C1c1c(C)nn(-c2ccc(C)cc2)c1Cl,Active
Cn1cc(-c2cc(C(=O)/N=c3\[nH]c4ccccc4n3[C@H]3COC[C@H](O)C3)ccn2)cn1,Active
C=CC(=O)Nc1nc2c(Cc3ccc(F)c(Cl)c3)ncnc2cc1OCCCN1CCOCC1,Active
COc1ccc(C(=O)N[C@@H]2CCCN(c3cnc(C(N)=O)c(Nc4ccc5ncsc5c4)n3)C2)cc1,Inactive
C=CC(=O)Nc1cc(Nc2ncc(F)c(-c3cnc4c(ccn4C)c3)n2)c(OC)cc1N1CCC(N(C)C)CC1,Active
Cc1nc2cnc(Nc3ccnc(N4CC[C@H](O)[C@H](F)C4)n3)cc2n1C(C)C,Inactive
CCOc1cc2ncnc(Nc3cccc(Br)c3)c2cc1OCC,Active
O=C(O)c1ccc(NN2C(=O)c3c(c4c5cccc(O)c5n(C5OC(CO)C(O)C(O)C5O)c4c4[nH]c5c(O)cccc5c34)C2=O)cc1,Inactive
O=C1Nc2ccccc2/C1=C/c1ccc(C(=O)O)cc1,Inactive
C=CC(=O)Nc1cc(Nc2nccc(Nc3cnn(CC)c3)n2)c(OC)cc1N(C)CCN(C)C,Active
Cc1nc2c(c(C)c1O)/C(=C/c1ccc3ccccc3n1)C(=O)N2,Inactive
C=CC(=O)N1CCC2(CC1)CNC(=O)c1cc(-c3nc(Nc4ccccc4OC)ncc3C)[nH]c12,Active
COc1ccccc1-c1ccc2c(c1)NC(=O)/C2=C\c1[nH]c(C)c(CCC(=O)O)c1C,Inactive
CC(C)n1nc(-c2ccc3nc[nH]c(=O)c3c2)c2c(N)ncnc21,Inactive
O=C1CSC(N/N=C/c2ccc(Cl)cc2)=N1,Inactive
C=CC(=O)Nc1cc(Nc2nccc(-c3ncn4c(C)cccc34)n2)c(OC)cc1N(C)CCN(C)C,Active
CCC(=O)N1CC[C@H](N2C(=O)N(c3cc(OC)ccc3F)Cc3cnc(Nc4ccc(N5CCN(C)CC5)cc4OC)nc32)C1,Inactive
C#Cc1cccc(Nc2ncnc3cc4c(cc23)N(C(=O)/C=C/CN(CC)CC)CCCO4)c1,Inactive
CC#CC(=O)Nc1ccc(Nc2nccc(-c3cn(C)c4ccccc34)n2)cc1,Active
CC(C)(C)OC(=O)N1CCC(N2C=C([C@@H](Nc3cc(Cl)c4ncc(C#N)c(Nc5ccc(F)c(Cl)c5)c4c3)c3ccsc3)NN2)CC1,Active
C[C@@H](Nc1ncnc2sc(-c3ccc(C(=O)NCCN(C)C)cc3)cc12)c1ccccc1,Active
Cc1ncsc1-c1ccc([C@H](C)NC(=O)[C@@H]2C[C@@H](O)CN2C(=O)[C@@H](NC(=O)COCCN2CCN(CCOCCOCCOCC#Cc3cccc4c3C(=O)N(C(C(=O)Nc3nccs3)c3cc(F)ccc3O)C4)CC2)C(C)(C)C)cc1,Inactive
CN(/N=N/c1ccc2ncnc(Nc3cccc(Cl)c3)c2c1)C(=O)Oc1ccc([N+](=O)[O-])cc1,Active
C#Cc1cc(Nc2ncnc3cc(OCCOC)c(OCCOC)cc23)cc(OC(=O)C=C)c1,Inactive
Nc1nc(Nc2ccc(Cl)cc2)c2c(n1)[nH]c1cccc(Cl)c12,Inactive
COc1ccc(Nc2ncc3ncc(=O)n(-c4cccc(NC(=O)/C=C/CN(C)C)c4)c3n2)cc1,Inactive
NC[C@H](Cc1cccc(F)c1)NC(=O)c1cc(Br)c(-c2ccnc3[nH]ccc23)s1,Inactive
COc1cc2ncc(C#N)c(Nc3cccc(N=[N+]=[N-])c3)c2cc1OC,Inactive
COc1ccc(/C=N/c2nnc3c4ccccc4nc(Nc4ccc(C)cc4N)n23)cc1O,Inactive
COc1cc2c(Nc3cc(Cl)c(Br)cc3F)ncnc2cc1OC[C@@H]1CN2CCOCC2CO1,Active
O=C(OCCc1ccccc1)c1cc(NCc2cc(O)ccc2O)ccc1O,Inactive
COc1cc(/C=C(\C)[N+](=O)[O-])ccc1OS(=O)(=O)c1ccc(C(=O)O)cc1,Inactive
O=C(NCCCN1CCCC1=O)c1cnc(NCc2cc(Cl)ccc2Cl)nc1NC1CCCC1,Inactive
Cn1ccc2c([C@H](Nc3cc(Cl)c4ncc(C#N)c(NCC(C)(C)C)c4c3)C3=CN(C4(C(F)(F)F)CC4)NN3)ccnc21,Active
COc1nccc2c([C@H](Nc3cc(C#N)c4ncc(C#N)c(NCC(C)(C)C)c4c3)C3=CN(C45CC(C4)C5)NN3)cccc12,Active
CCCCOc1cc(Nc2ccc(S(N)(=O)=O)cc2)nc(N)c1C(=O)c1c(F)cccc1F,Inactive
CC(Nc1cc(Cl)c2ncc(C#N)c(Nc3ccc(F)c(Cl)c3)c2c1)c1cn(C)nn1,Inactive
COC(=O)Nc1ccc(Nc2ncnc3cc(OC)c(OC)cc23)cc1C.Cl,Inactive
COc1ccc(CCCCCn2c3c(c4cc(OCCc5ccc(O)cc5)ccc42)CC(N)CC3)cc1.Cl,Inactive
O=C(/N=c1\[nH]c2ccccc2n1[C@H]1CC[C@@H](O)CC1)c1ccnc(-c2cnn3c2OCC(F)(F)C3)c1,Active
N#Cc1ccc(-c2csc(N3N=C(c4ccc(N5CCCCC5)cc4)CC3c3ccc(Cl)cc3)n2)cc1,Inactive
Cn1c(SSc2c(C(=O)Nc3ccccc3)c3ccc(O)cc3n2C)c(C(=O)Nc2ccccc2)c2ccc(O)cc21,Inactive
COc1cc2ncc(C#N)c(Nc3ccc(Sc4nccs4)c(Cl)c3)c2cc1NC(=O)/C=C/CN(C)C,Active
Cc1cccc(CN(C)c2ncnc3[nH]c(-c4ccc(CO)cc4)cc23)c1,Active
COc1cc2c(Nc3ccc(Cl)c(Cl)c3)ncnc2cc1OCC1CN(S(=O)(=O)CCCCl)CCO1,Active
CCOc1cc2ncc(C#N)c(Nc3ccc(OCc4ccccc4)c(Cl)c3)c2cc1NC(=O)/C=C/CN1CCC(O)(O)CC1,Active
C=CC(=O)Nc1cc2c(Nc3cccc(Br)c3)ncnc2cc1OCCCN1CCOCC1,Active
CCOc1cc2ncnc(Nc3ccc(F)c(Cl)c3)c2cc1NC(=O)/C=C/CN1C[C@@H]2OCCO[C@@H]2C1,Active
Cc1c(C(=O)NCCc2ccc(N3CCCC3C)cc2)[nH]c2ccc(Cl)cc12,Active
Nc1ncnc2c1c(-c1ccccc1)cn2C1CCNC1,Inactive
C=CC(=O)Nc1cc(Nc2nc(-c3cnn(C)c3)c3cc[nH]c3n2)c(OC)cc1N1CC(N(C)C)C1,Active
COc1cc(OC2CCN(S(C)(=O)=O)CC2)c2c(Nc3ccc(F)c(Cl)c3)ncnc2c1,Inactive
CCN1CCC(N2C=C(C(Nc3cc(Cl)c4ncc(C#N)c(Nc5ccc(F)c(Cl)c5)c4c3)c3cncnc3)NN2)CC1,Active
Cc1ncnc(Nc2ccc(OCc3cccc(F)c3)c(Cl)c2)c1/C=C/C(=O)NCCN1CCOCC1,Active
COc1cc2c(Nc3ccc(Cl)c(Cl)c3)ncnc2cc1OCC1CN(CC2CC2)CCCO1,Active
C=CC(=O)N1CCC(Oc2cc3c(Nc4ccccc4)ncnc3cc2OC)C1,Active
CCOc1cc2ncnc(Nc3ccc(F)c(Cl)c3)c2cc1OC(=O)CCl,Active
COc1cc2c(Nc3ccc(NC(=O)Nc4cccc(Cl)c4)cc3)ncnc2cc1OCCCN1CCN(C)CC1,Active
C=CC(=O)Nc1cccc(-c2csc3ncnc(N[C@H](CO)c4ccccc4)c23)c1,Inactive
O=C(O)c1cccc(Nc2ncnc3[nH]c4c(c23)CCCC4)c1,Inactive
Brc1cccc(Nc2ncnc3cnc(NCCCN4CCOCC4)cc23)c1,Active
O=C(Nc1nc2ccccc2n1[C@H]1CC[C@H](O)CC1)c1cccc(C(F)(F)F)c1,Inactive
Clc1cccc(Nc2ncnc3[nH]c4ccccc4c23)c1,Active
Cc1nnc(-n2c(-c3ccccc3)nc3cc(Cl)ccc3c2=O)s1,Inactive
C=CC(=O)Nc1cc(Nc2nccc(Nc3cn(C)c4ccccc34)n2)c(OC)cc1N(C)CCN(C)Cc1ccc(Br)cc1,Active
C=CC(=O)Nc1cc2c(Nc3ccc(F)c(Cl)c3)ncnc2cc1OCC,Active
Cc1nc(F)ccc1C(O)(Nc1cc(Cl)c2ncc(C#N)c(N[C@H](CCC#N)c3ccccc3)c2c1)C1=CN(C2(C(F)(F)F)CC2)NN1,Active
COc1cc(N2CCC(CN3CCN(C)CC3)CC2)ccc1Nc1nccc(-c2c(-c3cccc(C(=O)Nc4c(F)cccc4F)c3)nc3ccccn23)n1,Active
COc1ccc(/C=C2\CCC/C(=C\c3cc(OC)cc(OC)c3)C2=O)cc1,Inactive
Nc1ncnc2c1c(-c1ccc(CNC(=O)c3cccc4cccnc34)cc1)nn2C1CCCC1,Active
O=C1CSC(N2N=C(c3ccc(F)cc3)CC2c2ccc(Br)cc2)=N1,Inactive
CO[C@H](C)c1c(O)cc2c(c1O)C(=O)c1c(cc(O)c(O)c1O)C2=O,Inactive
O=C1CN(c2nc(Nc3ccccc3[N+](=O)[O-])nc(Nc3ccccc3[N+](=O)[O-])n2)C(=O)S1,Inactive
C=CC(=O)N1CC[C@H](N2C(=O)N(C3CCCCC3)Cc3cnc(Nc4ccc(N5CCN(C)CC5)cc4OC)nc32)C1,Active
C=CC(=O)N1CCCC(N(C)c2nc(Nc3cnn(C)c3)c3c(c2F)CNC3=O)C1,Inactive
C=C(CN1CCNCC1)C(=O)c1ccc(OCc2ccccc2)cc1.Cl,Inactive
N#CC(C#N)=Cc1cc[n+]([O-])cc1,Inactive
O=C(Nc1cc2c(Nc3ccc(F)c(Cl)c3)ncnc2cc1O[C@H]1CCOC1)/C(F)=C\CN1CCCCC1,Active
CCN(CC)CCOc1ccc(Nc2cc(NC(=O)Nc3c(Cl)cccc3Cl)ncn2)cc1,Active
CS(=O)(=O)CCNCc1ccc(-c2ccc3ncnc(Nc4ccc(F)c(Cl)c4)c3c2)o1,Active
O=C1c2cc(-c3ccc4[nH]ccc4c3)ccc2Nc2ccc(F)cc2N1Cc1cccnc1,Inactive
COc1cc2c(Oc3ccc(C4SCC(=O)N4NC(=O)Nc4ccccc4F)cc3)ccnc2cc1OCCCN1CCOCC1,Inactive
Cc1ccc(C(=O)Nc2ccc(CN3CCN(C)CC3)c(C(F)(F)F)c2)cc1NC(=O)c1cnccn1,Inactive
CCC(=O)Nc1cc2c(Oc3ccc(NC(=O)n4c(=O)c(-c5ccccc5)c(C)n4C)cc3F)cccc2cc1OC,Inactive
COc1cc2ncnc(Nc3ccc(F)c(Cl)c3)c2cc1OCCO,Active
c1ccc(CNc2ncnc3cnccc23)cc1,Inactive
C=C(N/N=C/c1cn[nH]c1-c1ccccc1)[C@H](C)Cc1ccccc1,Inactive
COc1ccc2ncnc(Nc3cccc(Br)c3)c2c1OC,Inactive
CC(C)n1nc(N2CC(C(C)(C)O)C2)c2cnc(Nc3ccnc(-c4cnn(S(=O)(=O)C5CC5)c4)n3)cc21,Active
Cc1n[nH]c2cccc([C@H](Nc3cc(Cl)c4ncc(C#N)c(NCC(C)(C)C)c4c3)C3=CN(C4(C(F)(F)F)CC4)NN3)c12,Active
C=CC(=O)N1[C@@H]2CC[C@H]1C[C@@H](n1nc(-c3cc(C)c(Oc4ccc5c(c4)ncn5C)c(F)c3)c3c(C)ncnc31)C2,Inactive
CC(C)Nc1cc(Nc2ccnc(-c3cnn(S(=O)(=O)C4CC4)c3)n2)ncc1C(=O)N1CC(C(C)(C)O)C1,Active
CCN(CC)C/C=C/C(=O)Nc1cc2c(Nc3ccc(F)c(Cl)c3)c(C#N)cnc2cc1OC,Inactive
CCOC1CN(C2CCN(c3cc(OC)c(Nc4ncc(Br)c(Nc5ccc6nccnc6c5P(C)(C)=O)n4)cc3C)CC2)C1,Active
CC(COC(=O)c1ccc(-c2cccc(-c3ccccc3)c2O)cc1)CC(C)(C)C,Inactive
CN1CCc2c([nH]c3ccccc23)C1c1ccc(NC(=O)c2ccc(F)c(C(F)(F)F)c2)cc1,Inactive
CCC(=O)N1CC[C@H](N2C(=O)N(c3cc(OC)ccc3F)Cc3cnc(Nc4ccc(N5CCN(C6COC6)CC5)c(C)c4)nc32)C1,Active
FC(F)(F)c1ccc(-n2cnnc2SCc2nc(COc3c(Cl)cccc3Cl)no2)cc1,Inactive
COc1ccc(C2=NN(c3nc(-c4ccccc4)cs3)C(c3ccc(Cl)cc3)C2)cc1,Inactive
COc1cc2ncnc(Nc3cc(Cl)c(F)cc3O)c2cc1O,Active
COC(=O)CCc1c[nH]c(/C=C2\C(=O)Nc3ccccc32)c1C,Inactive
CNS(=O)(=O)Nc1cccc(Cc2c(C)c3cc(Cl)c(OC(=O)N(C)C)cc3oc2=O)c1,Inactive
N#C/C(=C\c1ccc(O)c(O)c1)C(=O)c1ccccc1,Inactive
COc1cc2ncc(C#N)c(Nc3cccc(C(F)(F)F)c3)c2cc1OC,Inactive
C=CC(=O)N1CCCC(Nc2nc(Nc3ccc(OCCOC)cc3)c3c(c2F)CNC3=O)C1,Inactive
COc1cc2ncnc(Nc3ccc(-c4nc5cc(C(F)(F)F)ccc5s4)cc3)c2cc1OCCCN1CCN(C)CC1,Inactive
O=C(OCCC12C[C@H]3C[C@@H](C1)C[C@@H](C2)C3)c1cc(NCc2cc(O)ccc2O)ccc1O,Inactive
CN(C)CCn1ccc2cc(Nc3nccc(-c4sc(NS(=O)(=O)c5ccc(F)cc5)nc4-c4ccc(F)cc4)n3)ccc21,Active
COc1cc2ncnc(Nc3ccc(F)c(Cl)c3)c2cc1OCCN1CCOCC1,Active
CCOc1ccc(-c2nc3ccccn3c2-c2ccnc(Nc3ccc(CCN4CCN(C)CC4)cc3OC)n2)cc1C(=O)Nc1c(F)cccc1F,Inactive
COc1ncc(F)cc1CNc1ccc(Cc2c[nH]c3ncc(C)cc23)c(F)n1,Inactive
C=CC(=O)Nc1cccc(NC(=O)Nc2ccnc(Nc3ccc(N4CCOCC4)cc3)n2)c1,Inactive
CC(C)n1nc(-c2ccc3nc(NN)ccc3c2)c2c(N)ncnc21,Inactive
C=CC(=O)NCc1cccc(-c2nc(C3CC3)c(-c3ccnc4[nH]c(-c5ccccc5)cc34)[nH]2)c1,Inactive
COc1cc(Nc2nccc(-c3ccc(N4CCNCC4)nc3)n2)cc(OC)c1OC,Inactive
CCN1CCN(c2ccc(Nc3cc(N(C)C(=O)Nc4c(Cl)c(OC)cc(OC)c4Cl)ncn3)cc2)CC1.O=P(O)(O)O,Inactive
C=CC(=O)N1CCC[C@@H](n2nc(-c3ccc(C(F)(F)F)cc3)c3c(N)ncnc32)C1,Active
N#Cc1cnc2cc(OC[C@H](O)CO)c(NC(=O)C3CSSC3)cc2c1Nc1ccc(OCc2cccc(F)c2)c(Cl)c1,Active
CC(=O)N1N=C(c2ccc(C)cc2)CC1c1ccc(C(=O)OCCn2c([N+](=O)[O-])cnc2C)cc1,Inactive
Nc1ccc2ncnc(Nc3cccc4ccccc34)c2c1,Active
N#C/C(=C\c1cc(O)c(O)c(Br)c1)C(=O)NCCCNC(=O)/C(C#N)=C/c1cc(O)c(O)c(Br)c1,Inactive
CCNC(=O)O[C@@H]1CN[C@@H](C#Cc2cc3ncnc(Nc4ccc(OCc5cccc(F)c5)c(Cl)c4)c3s2)C1,Active
C=CC(=O)N1CCC(n2nc(-c3ccc(Oc4ccc5c(c4)ncn5C)c(C)c3)c3c(C)ncnc32)CC1,Inactive
N#Cc1cnc(Nc2cccc(Br)c2)c2cc(NC(=O)[C@@H]3CCC(=O)N3)ccc12,Inactive
COc1cc2ncnc(Nc3ccc(-c4nc5ccccc5s4)cc3C)c2cc1OC,Active
CCN(CC)CCNC(=O)c1c(C)[nH]c(/C=C2\C(=O)Nc3ccc(F)cc32)c1C,Inactive
COc1ccc(-c2nc3sc(-c4ccccc4)cn3n2)cc1,Inactive
CN1CCC(Oc2cccc3ncnc(Nc4ccc(OCc5cccc(F)c5)c(Cl)c4)c23)CC1,Active
COc1cc2c(Nc3cccc(Br)c3)ncnc2cc1OCCCn1ccnc1[N+](=O)[O-],Active
Cc1nc(F)ccc1[C@H](Nc1cc(Cl)c2ncc(C#N)c(NCC(C)(C)C)c2c1)C1=C(F)N(C2(C)CC2)NN1,Active
COc1cc(N2CCN(C)CC2)ccc1Nc1ncc(Cl)c(Oc2cccc(NC(=O)/C(C#N)=C/c3cnc[nH]3)c2)n1,Inactive
CCOc1ccc(-c2cc(C(F)(F)F)c(C#N)c(SCC(=O)NCC(=O)O)n2)cc1,Inactive
CCOc1cccc(-c2ccc3c(c2)NC(=O)/C3=C\c2[nH]cc(C)c2CCC(=O)O)c1,Inactive
COc1ccc(C2=NN(C3=NC(=O)CS3)C(c3ccc(Br)cc3)C2)cc1,Inactive
Cc1nn(-c2ccccc2)c(Cl)c1C1C(C#N)=C(N)N(c2cccnc2)C2=C1C(=O)CCC2,Inactive
COc1ccncc1-c1cc(C(=O)/N=c2\[nH]c3ccccc3n2CC(C)(C)O)ccn1,Inactive
c1cc(Nc2nc(Nc3ccc4c(c3)OCCOCCOCCO4)nc3[nH]cnc23)c2cc[nH]c2c1,Inactive
COc1ccccc1C(=O)NCc1ccc(-c2nn(C3CCCC3)c3ncnc(N)c23)cc1C,Active
NS(=O)(=O)c1ccc(Nc2nc(N3CCOCC3)nc3[nH]cnc23)cc1,Inactive
COC1=C(C(Nc2cc(Cl)c3ncc(C#N)c(NCC(C)(C)C)c3c2)c2ccc(F)nc2C)NNN1C,Active
CC(C)(C)CNc1c(C#N)cnc2c(Cl)cc(N[C@H](C3=CN(C4CC4)NN3)c3cccc4cnccc34)cc12,Active
C=CC(=O)N1CCC[C@@H](n2nc(-c3ccc(O)cc3)c3c(N)ncnc32)C1,Active
COc1cc(/C=C2\CCC/C(=C\c3ccc(O)cc3)C2=O)cc(OC)c1,Inactive
O=P(O)(O)C(O)c1ccc2ccccc2c1,Inactive
COc1cc2c(Nc3ccc(Cl)cc3F)ncnc2cc1OC/C=C/CN1CCCC1.Cl,Active
O=C(NS(=O)(=O)c1ccccc1)c1cccnc1Cl,Inactive
O=C(Nc1nccs1)C(c1cc(F)ccc1O)N1Cc2ccc(-c3ccc(N4CCNCC4)cc3)cc2C1=O,Active
N#C/C=C/c1ccc(O)cc1,Inactive
NC(=S)N1N=C(c2ccc(Br)c(Br)c2)CC1c1ccc(O)cc1,Inactive
COc1ccc(-c2cn(-c3ccccc3)c3ncnc(N)c23)cc1,Active
COc1cc(N(C)CCN(C)C)c(NC(=O)c2ccncn2)cc1Nc1nc(-c2cn(C)c3ccccc23)c2cccnc2n1,Active
COc1cc2nc(C)nc(N[C@H](C)c3cccc(Br)c3)c2cc1OC,Inactive
C[C@@H](NC(=O)OC(C)(C)C)C(=O)Nc1ccc2ncnc(Nc3ccc(F)c(Cl)c3)c2c1,Inactive
CN(C)CC(=O)Nc1cccc(-c2c(-c3ccccc3)oc3ncnc(N[C@H](CO)c4ccccc4)c23)c1,Active
COc1cc2c(Nc3ccc(F)cc3C(F)(F)F)ncnc2cc1O[C@@H]1CO[C@@H]2[C@H]1OC[C@H]2F,Active
C=CC(=O)Nc1cc2c(Nc3ccc(Br)cc3F)ncnc2cc1OCCNC(=O)CCN,Active
CN(C/C=C/C(=O)N1CCOc2c1ccc1ncnc(Nc3ccc(OCc4ccccn4)c(Cl)c3)c21)C1CCC1,Active
C=CC(=O)Nc1cccc(Nc2nc(Nc3ccc(N4CCN(C(=O)CCCC(=O)Nc5cccc6c5C(=O)N(C5CCC(=O)NC5=O)C6=O)CC4)cc3OC)ncc2C(F)(F)F)c1,Inactive
COc1cc2c(Nc3ccc(Br)c(Cl)c3Cl)ncnc2cc1OC[C@H]1C[C@@H]2CN(C)C[C@@H]2C1,Active
COc1ccccc1C(=O)NCc1ccc(-c2nn([C@H]3C=C[C@H](n4ccnn4)C3)c3ncnc(N)c23)cc1,Inactive
CC(C)n1nc(-c2ccc3ncccc3c2)c2c(N)ncnc21,Active
C=CC(=O)N1CCC[C@@H](n2nc(-c3ccc(Oc4ccc5c(c4)ncn5C)c(C)c3)c3c(C)ncnc32)CC1,Inactive
C=CC(=O)Nc1cccc(-n2c(=O)c(-c3ccccc3)cc3cnc(Nc4ccc(N5CCN(C)CC5)cc4OC)nc32)c1,Active
Cc1nc(F)ccc1[C@H](Nc1cc(Cl)c2ncc(C#N)c(NCC(C)(C)C)c2c1)C1=CN(C2(C(=O)N3CCCC3)CC2)NN1,Active
COc1ccc2c(c1)CNc1c(Nc3ccc(F)c(Cl)c3)ncnc1O2,Inactive
COc1cc2ncnc(Nc3ccc(OCc4cccc(F)c4)c(Cl)c3)c2cc1OCCCN1CCNCCNCCNCC1,Active
C=CC(=O)N1CCCC(Nc2nc(Nc3ccc(N4CCN(C)CC4)cn3)c3c(c2F)CNC3=O)C1,Inactive
COc1cc2ncc(N[C@H]3CC[C@H](O)CC3)nc2cc1OC,Inactive
C=CC(=O)Nc1ccccc1C1CCNc2c(C(N)=O)c(-c3ccc(OCCOC)cc3)nn21,Active
COc1cc2c(Oc3ccc(NC(=O)NN4C(=O)CSC4c4c(F)cccc4F)c(F)c3)ccnc2cc1OCCCN1CCCC1,Active
C=CC(=O)Nc1cc(Nc2ncc(Cl)c(-c3cnn(C)c3)n2)c(OC)cc1N1CCC(N(C)C)CC1,Active
COc1cc(C=O)ccc1-c1cc2c(NCc3ccccc3)ncnc2s1,Active
OCCCNc1cncc(-c2cncc(Nc3cccc(Cl)c3)n2)c1,Inactive
CCCCC(Cc1coc2nc(N)nc(N)c12)c1ccccc1OC,Inactive
C=CC(=O)Nc1cc(Nc2nccc(-c3cc(F)c4ocnc4c3)n2)c(OC)cc1N(C)CCN(C)C,Active
CC(=O)OC(Cc1c(SSc2[nH]c3ccccc3c2CC(OC(C)=O)C(=O)NCc2ccccc2)[nH]c2ccccc12)C(=O)NCc1ccccc1,Inactive
CNc1nc(Nc2ccc(-c3nc4ccccc4s3)cc2)c2cc(OC)c(OC)cc2n1,Inactive
Cc1ccccc1Cc1cc2c(N(C)c3cccc(Br)c3)nc(N)nc2n1C,Inactive
COc1ccc(-c2c(NC(=O)/C=C/CN(C)C)ccc3ncnc(Nc4ccc(OCc5ccccn5)c(Cl)c4)c23)cc1OC,Active
C=CC(=O)N1CCCC(n2c(NC(=O)c3cccc(C(F)(F)F)c3)nc3cc(C)ccc32)CC1,Inactive
O=C(Nc1nccs1)Nc1cc(-c2cncnc2)ccc1OC(F)(F)F,Active
C=CC(=O)N1CCc2c(sc3ncnc(Nc4ccc(Br)c(C)c4)c23)C1,Inactive
COc1cc2c(cc1OC)Sc1nc(C)nc(Nc3ccc(C)c(Br)c3)c1NC2,Inactive
C#Cc1cc(C(=O)/N=c2\[nH]c3ccccc3n2[C@H]2CC[C@@H](O)CC2)cc(-c2cnn(C)c2)n1,Inactive
CS(=O)(=O)CCNCc1ccc(-c2ccc3ncnc(Nc4ccc(OCc5cccc(F)c5)c(Cl)c4)c3c2)o1,Inactive
COCCOc1cc2ncnc(Nc3ccc(F)c(Cl)c3)c2cc1NC(=O)/C=C/CN1CCCCC1,Active
CC[C@H](C)[C@H](N)C1=N[C@H](C(=O)N[C@@H](CC(C)C)C(=O)N[C@H](CCC(=O)O)C(=O)N[C@H](C(=O)N[C@H]2CCCCNC(=O)[C@H](CC(N)=O)NC(=O)[C@@H](CC(=O)O)NC(=O)[C@H](Cc3cnc[nH]3)NC(=O)[C@@H](Cc3ccccc3)NC(=O)[C@H]([C@@H](C)CC)NC(=O)[C@@H](CCCN)NC2=O)[C@@H](C)CC)CS1,Inactive
C=CC(=O)Nc1cccc(Oc2nc(Nc3ccc(N4CCN(C)CC4)cc3)ncc2Cl)c1,Inactive
Cc1cccc(CN(C)c2ncnc3[nH]c(-c4ccc(S(N)(=O)=O)cc4)cc23)c1,Active
CC(C)(C)CNc1c(C#N)cnc2c(Cl)cc(N[C@H](C3=CN(C4CC4)NN3)c3cccc4cccnc34)cc12,Active
C[C@@H](CF)N1C=C([C@@H](Nc2cc(Cl)c3ncc(C#N)c(NCC(C)(C)C)c3c2)c2cccc3c(=O)n(C)ccc23)NN1,Active
CC(C)n1nc(-c2ccc(F)c(O)c2)c2c(N)ncnc21,Inactive
N#CC(C#N)=Cc1ccc(C=O)cc1,Inactive
O=C(/C=C/CN1CCCC1)N1CCCOc2cc3ncnc(Nc4ccc(OCc5cccc(F)c5)c(Cl)c4)c3cc21,Active
C=CC(=O)Nc1cc2c(Nc3ccc(Br)cc3F)ncnc2cc1OCCNC(=O)CCN(C)C,Active
Cc1ccc(NC(=O)c2ccccc2)cc1Nc1nccc(-c2ccc[n+]([O-])c2)n1,Inactive
COCCOc1cc2ncnc(Nc3ccc(NC(=O)C45CC6CC(CC(C6)C4)C5)c(C#N)c3)c2cc1OCCOC,Active
C=CC(=O)N1CCC(Nc2cncc(-c3cnc(Nc4ccccn4)nc3)c2)CC1,Inactive
Cl.Clc1cccc(Nc2ncnc3ccccc23)c1,Active
COc1nccc2c([C@H](Nc3cc(C#N)c4ncc(C#N)c(NCC(C)(C)C)c4c3)C3=CN(C4(C)CC4)NN3)cccc12,Active
COc1cc(Nc2ccnc3ccc(C(F)(F)F)cc23)cc(OC)c1OC,Inactive
C=CC(=O)Nc1cccc(Oc2nc(Nc3ccc(N4CCN(C)CC4)c(N)c3)nc3[nH]ccc23)c1,Inactive
COc1ccc(-c2nc3sc(-c4ccc(Cl)cc4)cn3n2)cc1,Inactive
Cc1nc(F)ccc1[C@H](Nc1cc(F)c2ncc(C#N)c(NCC(C)(C)C)c2c1)C1=CN(C2(C(N)=O)CCC2)NN1,Active
O=C(CBr)OCCn1c(=O)oc2cc3ncnc(Nc4ccc(N5CCOCC5)c(Cl)c4)c3cc21,Active
COCC(C)N1C=C([C@@H](Nc2cc(Cl)c3ncc(C#N)c(NCC(C)(C)C)c3c2)c2cccc3c(=O)n(C)ccc23)NN1,Active
COc1nccc2c([C@H](Nc3cc(C#N)c4ncc(C#N)c(NCC(C)(C)C)c4c3)C3=CN(C(CF)CF)NN3)cccc12,Active
C=CC(=O)N1CCC(Oc2cc3c(Nc4ccc(Cl)c(Cl)c4F)ncnc3cc2OC)CC1,Active
CC#CC(=O)N1CCCC[C@H]1c1nc(-c2ccc(C(=O)Nc3cc(C(F)(F)F)ccn3)cc2)c(C(N)=O)n1N,Inactive
COc1cc(Nc2c(C#N)cnc3cc4c(cc23)ncn4CCN2CCOCC2)c(C)cc1Cl,Inactive
CCOc1ccc(Nc2cc(NC(=O)c3ccccc3)ncn2)cc1,Inactive
O=C1NC(=O)c2cc(Nc3ccccc3)c(Nc3ccccc3)cc21,Inactive
CN(C)C/C=C/C(=O)Nc1cccc(-n2c(=O)cnc3cnc(Nc4ccccc4)nc32)c1,Active
CCOc1cc2ncc(C#N)c(Nc3ccc(OCc4ccccc4)c(Cl)c3)c2cc1NC(=O)/C=C/Cc1c[nH]cn1,Active
COc1cc(N(C)c2ccnc3ccc(C(F)(F)F)cc23)cc(OC)c1OC,Inactive
CCOc1cc2ncc(C#N)c(Nc3ccc(OCc4ccccn4)c(Cl)c3)c2cc1NC(=O)CCN1CCCCC1,Active
CCOc1ccc(-c2nc3ccccn3c2-c2ccnc(Nc3cc(C)c(N4CCCN(CCS(C)(=O)=O)CC4)cc3OC)n2)cc1C(=O)Nc1c(F)cccc1F,Inactive
COc1cc2cnnc(N[C@H](C)c3cccc4ccccc34)c2cc1OC,Inactive
C#Cc1cccc(Nc2ncnc3cc4c(cc23)N(C(=O)/C=C/CN2CCOCC2)CCO4)c1,Active
NC(=S)N/N=C(/C=C/c1ccc(Cl)cc1)c1ccccc1,Inactive
CCOC(=O)c1ccc(NC(=O)CSc2nnc(CNc3ccc(OC)cc3)n2-c2ccccc2)cc1,Inactive
Cc1nc(F)ccc1[C@H](Nc1cc(C#N)c2ncc(C#N)c(NCC(C)(C)C)c2c1)C1=CN(C2(C#N)CC2)NN1,Active
Cc1ncsc1-c1ccc([C@H](C)NC(=O)[C@H]2C[C@H](O)CN2C(=O)[C@@H](NC(=O)COCCOCCOc2ccc(-c3nccc(Nc4cc5c(cn4)nc(C)n5C(C)C)n3)cc2)C(C)(C)C)cc1,Inactive
CC(C)(C)CNc1c(C#N)cnc2c(C#N)cc(N[C@H](C3=CN(C(CF)CF)NN3)c3cccc4ncccc34)cc12,Active
CCn1c(SSc2c(C(=O)Nc3ccccc3)c3ccccc3n2CC)c(C(=O)Nc2ccccc2)c2ccccc21,Inactive
Cc1ccc(C(=O)NC2CC2)cc1-c1ccc2ccncc2c1,Inactive
Cn1ncc2c([C@H](Nc3cc(Cl)c4ncc(C#N)c(NCC(C)(C)C)c4c3)C3=CN(C4(C(F)F)CC4)NN3)cccc21,Active
N#Cc1cnc2c(Cl)cc(N[C@H](C3=CNNN3)c3cccnc3)cc2c1Nc1ccc(F)c(Cl)c1,Active
COc1ccc(CCCC(=O)Nc2ccc(Oc3ncnc4cc(OC)c(NC(=O)CCC(C)C)cc34)c(F)c2)cc1,Inactive
C=CC(=O)Nc1cccc(-c2cccc3cnc(Nc4ccc(N5CCN(CC(C)(C)O)CC5)cc4)nc23)c1,Active
CCOc1cc(N2CCC(N3CCN(S(C)(=O)=O)CC3)CC2)ccc1Nc1nccc(-c2c(-c3ccc(OCC)c(C(=O)Nc4c(F)cccc4F)c3)nc3ccccn23)n1,Inactive
C=CC(=O)Nc1cccc(N2C(=O)OC(C)c3cnc(Nc4ccc(N5CCN(C)CC5)cc4OC)nc32)c1,Active
Cc1cc(Nc2ncnc3cc(O)c(NC(=O)/C=C/[C@H]4CCCN4C)cc23)ccc1Oc1ccn2cnnc2c1,Active
COc1cc(N2CCC(N3C[C@@H]4C[C@H]3CN4CCF)CC2)ccc1Nc1nccc(-c2c(-c3cccc(C(=O)Nc4c(F)cccc4F)c3)nc3ccccn23)n1,Active
COc1cc2c(cc1OC)Sc1nc(C)nc(Nc3ccc4[nH]cnc4c3)c1NC2,Inactive
Clc1ccc(-c2nnc(Cc3nc4ccccc4[nH]3)o2)cc1,Active
C=CC(=O)N1CCCC(Cn2nc(C(=O)Nc3nc4ccccc4o3)c3c(N)ncnc32)C1,Active
C=CC(=O)Nc1ccc(OC)c(Nc2cc(-c3[nH]c(SC)nc3C(C)(C)C)ccn2)c1,Active
C=C(C)C(=O)c1ccc(Nc2nc(Nc3ccc(OCCOC)c(F)c3)ncc2F)cc1,Active
C=CC(=O)N1CCC(Oc2cc3c(Nc4cccc(C)c4)ncnc3cc2OC)CC1,Active
CC(C)(C)N1CCC(N2C=C([C@@H](Nc3cc(Cl)c4ncc(C#N)c(Nc5ccc(F)c(Cl)c5)c4c3)c3cccc4c3CCN4)NN2)CC1,Active
C[C@@H](Oc1cccc2ncnc(Nc3ccc(OCc4ccccn4)c(Cl)c3)c12)C(=O)N(C)C,Active
COC[C@@H]1CCN1C/C=C/C(=O)Nc1cc2c(Nc3ccc(F)c(Cl)c3)ncnc2cc1OC[C@H]1[C@@H]2COC[C@@H]21,Active
C=CC(=O)Nc1cccc(Nc2nc(Nc3ccc(C4=CCN(C(C)=O)CC4)cc3OC)ncc2C(F)(F)F)n1,Active
O=C(O)CCC1(CCC(=O)O)C(S)=Nc2ccccc21,Inactive
Cc1ncsc1[C@H](Nc1cc(C#N)c2ncc(C#N)c(NCC(C)(C)C)c2c1)C1=CN(C2(C(F)(F)F)CC2)NN1,Active
CCC/C=C\C(=O)Nc1cc(Nc2nc(C)cc(-c3cn(C)c4ccccc34)n2)c(OC)cc1N(C)CCN(C)C,Active
COC1CCN(c2nccc(Nc3cc4c(cn3)nc(COCCN3CCN(c5ccc(O[C@H]6C[C@H](OCC(=O)N[C@H](C(=O)N7C[C@H](O)C[C@H]7C(=O)NCc7ccc(-c8scnc8C)cc7)C(C)(C)C)C6)cc5)CC3)n4C(C)C)n2)CC1,Inactive
COc1ccccc1C(=O)Nc1cccc(Nc2nccc(-c3cccnc3)n2)c1,Inactive
CCCCCCCCCCCCNC(=O)c1ccc(N(CCCl)CCCl)cc1,Inactive
C#Cc1cccc(Nc2ncnc3cc(O[C@H]4CCOC4)c(OC4CCN(C(=O)C=C)CC4)cc23)c1,Active
CC(C)(C)CNc1c(C#N)cnc2c(Cl)cc(N[C@H](C3=CN(C4CC4)NN3)c3cccc4scnc34)cc12,Active
COc1cc(Nc2cc(NC(=O)Nc3c(Cl)cccc3Cl)ncn2)cc(OC)c1,Active
N#CC(C#N)=C(N)/C(C#N)=C/c1cc(O)c(O)c(O)c1,Inactive
Cc1ccc(C(=O)Nc2ccc(CN3CCN(C)CC3)c(C(F)(F)F)c2)cc1NC(=O)c1ccc2[nH]ccc2c1,Inactive
CC(C)n1c(Nc2ccc(F)c(Cl)c2)nc2cnc(Nc3ccc(C(=O)NN4CCN(C)CC4)cc3F)nc21,Active
OCCCc1nc(-c2ccc(F)cc2)c(-c2ccnc3[nH]c(-c4ccccc4)cc23)[nH]1,Active
C=CC(=O)Nc1cc(Nc2nccc(-c3cc(F)c4nc(CF)n(C(C)C)c4c3)n2)c(OC)cc1N(C)CCN(C)C,Active
CCC(=O)N1CCOC(COc2cc3ncnc(Nc4ccc(Cl)c(Cl)c4)c3cc2OC)C1,Active
c1ccc(-c2cc3ncnc(Nc4ccc5[nH]ccc5c4)c3s2)cc1,Active
C=CC(=O)Nc1ccc2ncnc(Nc3ccc4c(ccn4Cc4cccc(F)c4)c3)c2c1,Active
COc1cc2c(Nc3ccc(Cl)c(Cl)c3)ncnc2cc1OCC1CN(CC(N)=O)CCO1,Active
COc1cc2c(Nc3cc(C)cc(C)c3)ncnc2cc1O[C@@H]1CO[C@@H]2[C@H]1OC[C@H]2F,Active
C=CC(=O)Nc1ccc2ncnc(Cc3ccc(F)c(Cl)c3)c2c1,Active
COc1cc2ncnc(Nc3ccc(F)c(Cl)c3)c2cc1NC(=O)/C(F)=C\CN1CCCCC1,Active
CCCCOC(=O)Nc1ccc(Nc2ncnc3cc(OC)c(OC)cc23)cc1Cl,Inactive
CCCNc1nc2oc(C)c(C(=O)NNC(=O)c3cc4ccccc4oc3=O)c2c(=O)n1-c1ccccc1,Inactive
CCN1CCN(c2ccc(Nc3nc(Nc4ccccc4N(C)S(C)(=O)=O)c4cc[nH]c4n3)cc2F)CC1,Inactive
Nc1nc(Nc2cccc(Br)c2)c2cc(Cc3ccccc3)[nH]c2n1,Inactive
CS(=O)(=O)Nc1cncc(-c2ccc3ncnc(NCc4ccccc4)c3c2)c1,Active
CC(=O)N1N=C(c2ccc(C)c(C)c2)CC1c1ccccc1Cl,Inactive
NC(=S)N1N=C(c2ccc(Br)cc2)CC1c1cccc2ccccc12,Inactive
C=CC(=O)Nc1ccc(Nc2nc(Nc3ccc(OCCOC)c(F)c3)ncc2F)cc1,Active
Cc1ccc(NC(=O)c2ccc(CN3CCN(C)CC3)cc2)cc1C(=O)Nc1nccc(-c2cccc(F)c2)n1,Inactive
C=CC(=O)Nc1cccc(Nc2cc(-n3c(SC)nnc3-c3ccc(F)cc3)ccn2)c1,Active
CCOc1cc2ncnc(Nc3ccc(Oc4cc5nncn5cn4)c(C)c3)c2cc1NC(=O)/C(F)=C/[C@H]1CCCN1C,Active
C=CC(=O)Nc1ccc(OC)c(Nc2cc(-c3[nH]c(SC)nc3-c3cccs3)ccn2)c1,Active
COc1cccc(Nc2ncnc3ccccc23)c1,Active
C=CC(=O)Nc1cccc(-c2cccc3cnc(Nc4ccc(N5CCN(C)CC5)nc4)nc23)c1,Active
c1ccc(COc2ccc(Nc3ncnc4[nH]ccc34)cc2)cc1,Inactive
O=S1(=O)N=S(c2ccc(Br)cc2)c2ccc(NS(=O)(=O)c3ccccc3)cc21,Inactive
CN1CCC(c2ccc3c(c2)[nH]/c(=N\C(=O)c2ccnc(-c4cccnc4)c2)n3C2CCCC2)CC1,Inactive
CCC(=O)Nc1ccc(Nc2ncnc3cc(OC)c(OC)cc23)cc1,Inactive
CC(C)n1nc(-c2cc3ccccc3nc2Cl)c2c(N)ncnc21,Inactive
O=C(Nc1nccs1)C(c1ncn2c1CCC2)N1Cc2ccc(C#Cc3ccc(CN4CCCCC4)cc3)cc2C1=O,Active
Cc1cccc(Nc2ccnc(Nc3ccc(N4CCN(C)CC4)c(C)c3)n2)c1,Inactive
C#CCOc1cccc(Nc2ncc(F)c(Nc3cccc(C(=O)C=C(C)C)c3)n2)c1,Inactive
O=S1(=O)CC2(OCCO2)c2cc3nccc(Nc4ccc5scnc5c4)c3cc21,Inactive
CNC(=S)N(C)[C@H]1C[C@@H]2O[C@](C)([C@H]1OC)n1c3ccccc3c3c4c(c5c6ccccc6n2c5c31)C(=O)NC4,Inactive
COc1cc2ncnc(Oc3ccc(NC(=O)CCCc4ccc(F)cc4)cc3F)c2cc1NC(=O)CCC(C)C,Inactive
O=C(O[C@H]1CN[C@H](C#Cc2cc3ncnc(Nc4ccc(OCc5cccc(F)c5)nc4)c3s2)C1)N1CCOCC1,Inactive
O=C(O)c1ccc(S(=O)(=O)Oc2ccc(/C=C/[N+](=O)[O-])cc2)c(O)c1,Active
